INSERT INTO tipo_iva_empresa (`id`, `nombre`, `descripcion`, `letra_factura`, `id_remoto`) VALUES
('1', 'INSCRIPTO', 'Descripción del Tipo IVA 1', 'A', '1'),
('2', 'MONOTRIBUTO', 'Descripción del Tipo IVA 2', 'C', '2'),
('3', 'EXENTO', NULL, 'B', '3'),
('4', 'NO FISCAL', NULL, '-', '4');
INSERT INTO empresas (`id`, `nombre`, `logo`, `direccion`, `telefono`, `tipo_iva`, `cuit`, `responsable`, `email`, `rubro_id`, `fecha_inicio_actividades`, `descripcion`, `razon_social`, `inicio_actividad`, `iibb`, `cert`, `key`, `fiscal`, `id_remoto`) VALUES
('44', 'Andy Toys', NULL, '25 N 1757', '221 5544873', '4', '20317436042', 'Ana Delovo', 'anadelovo@nexofiscal.com.ar', NULL, '2024-10-01', 'Andy Toys', 'Andy Toys', NULL, '20317436042', NULL, NULL, '1', '44');
INSERT INTO moneda (`id`, `simbolo`, `nombre`, `cotizacion`, `empresa_id`, `id_remoto`) VALUES
('47', '$', 'Pesos argentinos', '1', '44', '47'),
('48', 'USD', 'Dólar estadounidense', '886', '44', '48');
INSERT INTO agrupacion (`id`, `numero`, `nombre`, `color`, `icono`, `empresa_id`, `id_remoto`) VALUES
('32', '1', 'GENERAL', '#0098DA', 'fas fa-boxes', '44', '32'),
('33', NULL, 'Librería', '#0037ff', 'fas fa-boxes', '44', '33'),
('35', NULL, 'Juguetería', '#23f74a', 'fas fa-boxes', '44', '35');
INSERT INTO categoria (`id`, `nombre`, `se_imprime`, `empresa_id`, `id_remoto`) VALUES
('30', 'CATEGORIA', '1', '44', '30');
INSERT INTO puntos_venta (`id`, `numero`, `descripcion`, `empresa_id`, `id_remoto`) VALUES
('40', '0', 'Punto de venta 0', '44', '40');
INSERT INTO sucursales (`id`, `empresa_id`, `nombre`, `direccion`, `telefono`, `email`, `contacto_nombre`, `contacto_telefono`, `contacto_email`, `referente_nombre`, `referente_telefono`, `referente_email`, `id_remoto`) VALUES
('33', '44', 'Central', '25 N 1755', '1111', 'anadelovo@nexofiscal.com.ar', NULL, NULL, NULL, NULL, NULL, NULL, '33');
INSERT INTO roles (`id`, `nombre`, `descripcion`, `empresa_id`, `id_remoto`) VALUES
('60', 'cajero', 'Cajero/Vendedor', '44', '60'),
('61', 'admin', 'Administrador', '44', '61');
INSERT INTO usuarios (`id`, `nombre_usuario`, `password`, `nombre_completo`, `rol_id`, `activo`, `empresa_id`, `sucursal_id`, `punto_venta_id`, `venta_rapida`, `lista_precios`, `imprimir`, `tipo_comprobante_imprimir`, `id_remoto`) VALUES
('57', 'anadelovo@nexofiscal.com.ar', 'a989ed30b315bc5567cb0f9a1c66758f', 'Administrador', '61', '1', '44', '33', NULL, '0', '1', '1', '1', '57');
INSERT INTO pais (`id`, `nombre`, `id_remoto`) VALUES
('1', 'Argentina', '1'),
('2', 'Uruguay', '2'),
('3', 'Brasil', '3'),
('4', 'Chile', '4');
INSERT INTO provincias (`id`, `nombre`, `pais_id`, `id_remoto`) VALUES
('2', 'CORDOBA', '1', '2'),
('3', 'Buenos Aires', '1', '3'),
('4', 'CABA', '1', '4'),
('5', 'Catamarca', '1', '5'),
('6', 'Chaco', '1', '6'),
('7', 'Chubut', '1', '7'),
('9', 'Corrientes', '1', '9'),
('10', 'Entre Ríos', '1', '10'),
('11', 'Formosa', '1', '11'),
('12', 'Jujuy', '1', '12'),
('13', 'La Pampa', '1', '13'),
('14', 'La Rioja', '1', '14'),
('15', 'Mendoza', '1', '15'),
('16', 'Misiones', '1', '16'),
('17', 'Neuquén', '1', '17'),
('18', 'Río Negro', '1', '18'),
('19', 'Salta', '1', '19'),
('20', 'San Juan', '1', '20'),
('21', 'San Luis', '1', '21'),
('22', 'Santa Cruz', '1', '22'),
('23', 'Santa Fe', '1', '23'),
('24', 'Santiago del Estero', '1', '24'),
('25', 'Tierra del Fuego, Antártida e Islas del Atlántico Sur', '1', '25'),
('26', 'Tucumán', '1', '26');
INSERT INTO localidad (`id`, `nombre`, `provincia_id`, `codigo_postal`, `id_remoto`) VALUES
('1', 'Córdoba', '2', '5000', '1'),
('6', 'Río Cuarto', '2', '5800', '6'),
('7', 'Villa María', '2', '5900', '7'),
('8', 'Carlos Paz', '2', '5152', '8'),
('9', 'La Plata', '3', '1900', '9'),
('10', 'Mar del Plata', '3', '7600', '10'),
('11', 'Bahía Blanca', '3', '8000', '11'),
('12', 'Tandil', '3', '7000', '12'),
('13', 'Ciudad Autónoma de Buenos Aires', '4', 'C1000', '13'),
('14', 'Avellaneda', '4', '1870', '14'),
('15', 'Lomas de Zamora', '4', '1832', '15'),
('16', 'Quilmes', '4', '1879', '16'),
('17', 'San Fernando del Valle de Catamarca', '5', '4700', '17'),
('18', 'San Fernando', '5', '4706', '18'),
('19', 'Valle Viejo', '5', '4701', '19'),
('20', 'Santa María', '5', '4703', '20'),
('21', 'Resistencia', '6', '3500', '21'),
('22', 'Barranqueras', '6', '3503', '22'),
('23', 'Fontana', '6', '3501', '23'),
('24', 'Presidencia Roque Sáenz Peña', '6', '3700', '24'),
('25', 'Rawson', '7', '9103', '25'),
('26', 'Comodoro Rivadavia', '7', '9000', '26'),
('27', 'Esquel', '7', '9200', '27'),
('28', 'Puerto Madryn', '7', '9120', '28'),
('29', 'Corrientes', '9', '3400', '29'),
('30', 'Goya', '9', '3450', '30'),
('31', 'Mercedes', '9', '3470', '31'),
('32', 'Curuzú Cuatiá', '9', '3460', '32'),
('33', 'Paraná', '10', '3100', '33'),
('34', 'Concordia', '10', '3200', '34'),
('35', 'Gualeguaychú', '10', '2820', '35'),
('36', 'Colón', '10', '3280', '36'),
('37', 'Formosa', '11', '3600', '37'),
('38', 'Clorinda', '11', '3610', '38'),
('39', 'Pirané', '11', '3617', '39'),
('40', 'Ingeniero Juárez', '11', '3632', '40'),
('41', 'San Salvador de Jujuy', '12', '4600', '41'),
('42', 'San Pedro', '12', '4500', '42'),
('43', 'Libertador General San Martín', '12', '4512', '43'),
('44', 'Palpalá', '12', '4612', '44'),
('45', 'Santa Rosa', '13', '6300', '45'),
('46', 'General Pico', '13', '6360', '46'),
('47', 'Toay', '13', '6301', '47'),
('48', 'Realicó', '13', '6313', '48'),
('49', 'La Rioja', '14', '5300', '49'),
('50', 'Chilecito', '14', '5360', '50'),
('51', 'Aimogasta', '14', '5307', '51'),
('52', 'Chamical', '14', '5303', '52'),
('53', 'Mendoza', '15', '5500', '53'),
('54', 'San Rafael', '15', '5600', '54'),
('55', 'Godoy Cruz', '15', '5501', '55'),
('56', 'Luján de Cuyo', '15', '5507', '56'),
('57', 'Posadas', '16', '3300', '57'),
('58', 'Eldorado', '16', '3380', '58'),
('59', 'Oberá', '16', '3360', '59'),
('60', 'Puerto Iguazú', '16', '3370', '60'),
('61', 'Neuquén', '17', '8300', '61'),
('62', 'Centenario', '17', '8316', '62'),
('63', 'Cutral Có', '17', '8322', '63'),
('64', 'Plottier', '17', '8316', '64'),
('65', 'Viedma', '18', '8500', '65'),
('66', 'General Roca', '18', '8332', '66'),
('67', 'San Antonio Oeste', '18', '8520', '67'),
('68', 'Cipolletti', '18', '8324', '68'),
('69', 'Salta', '19', '4400', '69'),
('70', 'San Ramón de la Nueva Orán', '19', '4530', '70'),
('71', 'Tartagal', '19', '4560', '71'),
('72', 'Cafayate', '19', '4427', '72'),
('73', 'San Juan', '20', '5400', '73'),
('74', 'Rawson', '20', '5439', '74'),
('75', 'Caucete', '20', '5405', '75'),
('76', 'Pocito', '20', '5442', '76'),
('77', 'San Luis', '21', '5700', '77'),
('78', 'Villa Mercedes', '21', '5730', '78'),
('79', 'Merlo', '21', '5881', '79'),
('80', 'La Punta', '21', '5711', '80'),
('81', 'Río Gallegos', '22', '9400', '81'),
('82', 'Caleta Olivia', '22', '9011', '82'),
('83', 'Pico Truncado', '22', '9011', '83'),
('84', 'Puerto Deseado', '22', '9050', '84'),
('85', 'Rosario', '23', '2000', '85'),
('86', 'Santa Fe', '23', '3000', '86'),
('87', 'Venado Tuerto', '23', '2600', '87'),
('88', 'Rafaela', '23', '2300', '88'),
('89', 'Santiago del Estero', '24', '4200', '89'),
('90', 'La Banda', '24', '4206', '90'),
('91', 'Termas de Río Hondo', '24', '4220', '91'),
('92', 'Fernández', '24', '4301', '92'),
('93', 'Ushuaia', '25', '9410', '93'),
('94', 'Río Grande', '25', '9420', '94'),
('95', 'Tolhuin', '25', '9412', '95'),
('96', 'San Miguel de Tucumán', '26', '4000', '96'),
('97', 'Tafí Viejo', '26', '4103', '97'),
('98', 'Yerba Buena', '26', '4107', '98'),
('99', 'Concepción', '26', '4126', '99');
INSERT INTO tipo_documento (`id`, `nombre`, `empresa_id`, `id_remoto`) VALUES
('45', 'DNI', '44', '45'),
('46', 'L.E.', '44', '46'),
('47', 'PASAPORTE', '44', '47');
INSERT INTO tipo_iva (`id`, `nombre`, `descripcion`, `porcentaje`, `letra_factura`, `empresa_id`, `id_remoto`) VALUES
('48', 'INSCRIPTO', NULL, NULL, 'A', '44', '48'),
('49', 'MONOTRIBUTO', NULL, NULL, 'C', '44', '49'),
('50', 'CONSUMIDOR FINAL', NULL, NULL, 'B', '44', '50');
INSERT INTO vendedores (`id`, `nombre`, `direccion`, `telefono`, `porcentaje_comision`, `fecha_ingreso`, `empresa_id`, `sucursal_id`, `id_remoto`) VALUES
('48', 'VENDEROR', NULL, NULL, '0', '2024-10-05', '44', '33', '48');
INSERT INTO codigos_barras (`id`, `inicio`, `id_long`, `payload_type`, `payload_int`, `long`, `empresa_id`, `id_remoto`) VALUES
('22', '2', '5', 'P', '5', '13', '44', '22');
INSERT INTO tasa_iva (`id`, `nombre`, `tasa`, `empresa_id`, `id_remoto`) VALUES
('70', 'IVA 21%', '0.21', '44', '70'),
('71', 'IVA 10.5%', '0.105', '44', '71'),
('72', 'Sin IVA', '0', '44', '72');
INSERT INTO familias (`id`, `numero`, `nombre`, `empresa_id`, `id_remoto`) VALUES
('41', '1', 'GENERAL', '44', '41'),
('43', '101', 'Librería', '44', '43'),
('44', '2', 'DURAVIT ', '44', '44'),
('45', '3', 'RONDI', '44', '45'),
('46', '4', 'NEW TOYS', '44', '46'),
('47', '5', 'DITOYS', '44', '47'),
('48', '6', 'TINY', '44', '48'),
('49', '7', 'YOLY-BELL', '44', '49'),
('50', '8', 'IMPLAS', '44', '50'),
('51', '9', 'RUIBAL', '44', '51'),
('52', '10', 'TAPIMOVIL', '44', '52'),
('53', '11', 'BABY FAVORITE', '44', '53'),
('54', '12', 'X SHOT', '44', '54'),
('55', '11', 'RASTI ', '44', '55'),
('56', '13', 'MARVEL CH', '44', '56'),
('57', '14', 'BONTUS', '44', '57'),
('58', '15', 'JULIANA', '44', '58');
INSERT INTO proveedores (`id`, `razon_social`, `direccion`, `localidad_id`, `telefono`, `email`, `tipo_iva_id`, `cuit`, `categoria_id`, `subcategoria_id`, `fecha_ultima_compra`, `fecha_ultimo_pago`, `saldo_actual`, `empresa_id`, `id_remoto`) VALUES
('59', 'YO-YO', 'Valentin vergara 2047 banfield ', NULL, '1142423314', 'info@distribuidorayoyo', NULL, '30709594415', NULL, NULL, NULL, NULL, '0', '44', '59');
INSERT INTO tipo (`id`, `numero`, `nombre`, `empresa_id`, `id_remoto`) VALUES
('74', '1', 'Producto', '44', '74'),
('75', '2', 'Servicio', '44', '75'),
('76', '3', 'Producto y servicio', '44', '76');
INSERT INTO unidad (`id`, `nombre`, `simbolo`, `empresa_id`, `id_remoto`) VALUES
('161', 'Kilogramo', 'KG', '44', '161'),
('162', 'Unidad', 'UN.', '44', '162'),
('163', 'Metro', 'M', '44', '163'),
('164', 'Metro Cuadrado', 'M2', '44', '164'),
('165', 'Metro Cubico', 'M3', '44', '165'),
('166', 'Litro', 'LTS.', '44', '166'),
('167', 'Gramo', 'GR.', '44', '167');
INSERT INTO productos (`id`, `codigo`, `descripcion`, `descripcion_ampliada`, `familia_id`, `subfamilia_id`, `agrupacion_id`, `marca_id`, `codigo_barra`, `proveedor_id`, `fecha_alta`, `fecha_actualizacion`, `articulo_activado`, `tipo_id`, `producto_balanza`, `precio_costo`, `moneda_id`, `tasa_iva`, `tasa_iva_id`, `incluye_iva`, `impuesto_interno`, `precio1`, `precio2`, `precio3`, `fraccionado`, `rg5329_23`, `activo`, `texto_panel`, `stock`, `stock_minimo`, `stock_pedido`, `iibb`, `codigo_barra2`, `oferta`, `margen_ganancia`, `publicado_web`, `unidad_id`, `empresa_id`, `favorito`, `tipo_impuesto_interno`, `id_remoto`) VALUES
('57057', '77940131', 'Prueba', NULL, '41', NULL, '32', NULL, NULL, NULL, '2024-10-05', '2024-10-08 15:04:50', NULL, '74', '0', '100', NULL, '0', '70', NULL, '0', '130', '0', '0', '0', '0', '0', NULL, '100', NULL, NULL, '0', NULL, '0', '30', '0', '162', '44', '0', '1', '57057'),
('57059', '1', 'GENRERAL 21%', NULL, '41', NULL, '32', NULL, NULL, NULL, '2024-10-05', '2024-10-08 14:45:35', NULL, '74', '0', '0', NULL, '0', '70', NULL, '0', '0', '0', '0', '0', '0', '0', NULL, '100', NULL, NULL, '0', NULL, '0', '0', '0', '162', '44', '1', '1', '57059'),
('57060', '1', 'GENERAL 10,5', NULL, '43', NULL, '32', NULL, NULL, NULL, '2024-10-05', '2024-10-08 15:04:17', NULL, '74', '0', '0', NULL, '0', '71', NULL, '0', '0', '0', '0', '0', '0', '0', NULL, '100', NULL, NULL, '0', NULL, '0', '0', '0', '162', '44', '1', '1', '57060'),
('57061', '2', 'Prueba3', NULL, '41', NULL, '32', NULL, NULL, NULL, '2024-10-05', '2024-10-08 15:04:23', NULL, '74', '0', '300', NULL, '0', '72', NULL, '0', '300', '0', '0', '0', '0', '0', NULL, '1', NULL, NULL, '0', NULL, '0', '0', '0', '162', '44', '0', '1', '57061'),
('57065', '6503310897406', 'HEROES GO SWAT (ART 88811)', NULL, '41', NULL, '35', NULL, NULL, '59', '2024-10-06', '2024-10-06 12:01:16', NULL, '74', '0', '10400', NULL, '0', '70', NULL, '0', '16900', '0', '0', '0', '0', '0', NULL, '2', NULL, NULL, '0', NULL, '0', '62.5', '0', '162', '44', '0', NULL, '57065'),
('57066', '6503310898915', 'HEROES GO BOMBEROS (ART99087)', NULL, '41', NULL, '35', NULL, NULL, '59', '2024-10-06', '2024-10-06 12:02:37', NULL, '74', '0', '10400', NULL, '0', '70', NULL, '0', '16900', '0', '0', '0', '0', '0', NULL, '2', NULL, NULL, '0', NULL, '0', '62.5', '0', '162', '44', '0', NULL, '57066'),
('57067', '6503310897437', 'HEROES GO POLICE (ART 88814)', NULL, '41', NULL, '35', NULL, NULL, '59', '2024-10-06', '2024-10-06 12:01:36', NULL, '74', '0', '10400', NULL, '0', '70', NULL, '0', '16900', '0', '0', '0', '0', '0', NULL, '2', NULL, NULL, '0', NULL, '0', '62.5', '0', '162', '44', '0', NULL, '57067'),
('57068', '7798377701448', 'PUÑOS GIGANTES HULK  (ART 1067)', NULL, '46', NULL, '35', NULL, NULL, '59', '2024-10-06', '2024-10-06 12:03:30', NULL, '74', '0', '25400', NULL, '0', '70', NULL, '0', '40900', '0', '0', '0', '0', '0', NULL, '1', NULL, NULL, '0', NULL, '0', '61.02', '0', '162', '44', '0', NULL, '57068'),
('57069', '7797630003473', 'KREKER NUMEROS GOMA EVA  (ART 347)', NULL, '41', NULL, '35', NULL, NULL, '59', '2024-10-06', '2024-10-06 11:58:16', NULL, '74', '0', '2911', NULL, '0', '70', NULL, '0', '4900', '0', '0', '0', '0', '0', NULL, '4', NULL, NULL, '0', NULL, '0', '68.33', '0', '162', '44', '0', NULL, '57069'),
('57070', '7792435005059', 'JUEGO DE LIMPIEZA TIEMPO LIBRE  (ART 505)', NULL, '44', NULL, '35', NULL, NULL, '59', '2024-10-06', '2024-10-06 11:59:29', NULL, '74', '0', '4850', NULL, '0', '70', NULL, '0', '8500', '0', '0', '0', '0', '0', NULL, '3', NULL, NULL, '0', NULL, '0', '75.26', '0', '162', '44', '0', NULL, '57070'),
('57071', '7792435004069', 'JUEGO DE GOLF TIEMPO LIBRE (ART 406)', NULL, '44', NULL, '32', NULL, NULL, '59', '2024-10-06', '2024-10-06 11:57:16', NULL, '74', '0', '4560', NULL, '0', NULL, NULL, NULL, '8500', NULL, NULL, NULL, NULL, '1', NULL, '4', NULL, NULL, NULL, NULL, NULL, '86.4', NULL, '162', '44', '0', NULL, '57071'),
('57072', '7798377701448', 'PUÑOS GIGANTES HOMBRE ARAÑA (ART 1066)', NULL, '46', NULL, '35', NULL, NULL, '59', '2024-10-06', '2024-10-06 12:05:55', NULL, '74', '0', '25400', NULL, '0', '70', NULL, NULL, '40900', NULL, NULL, NULL, NULL, '1', NULL, '1', NULL, NULL, NULL, NULL, NULL, '61.02', NULL, '162', '44', '0', NULL, '57072'),
('57073', '7798136111969', 'MUÑECA JESSI  (ART DNY3051)', NULL, '46', NULL, '32', NULL, NULL, '59', '2024-10-06', '2024-10-06 12:18:57', NULL, '74', '0', '21780', NULL, '0', '70', NULL, NULL, '39900', NULL, NULL, NULL, NULL, '1', NULL, '1', NULL, NULL, NULL, NULL, NULL, '83.2', NULL, '162', '44', '0', NULL, '57073'),
('57074', '7798136110962', 'MUÑECO BUZZ (ART DNY 3040)', NULL, '46', NULL, '35', NULL, NULL, '59', '2024-10-06', '2024-10-06 12:22:18', NULL, '74', '0', '21780', NULL, '0', '70', NULL, NULL, '39900', NULL, NULL, NULL, NULL, '1', NULL, '1', NULL, NULL, NULL, NULL, NULL, '83.2', NULL, '162', '44', '0', NULL, '57074'),
('57075', '7798240799367', 'MUÑECO HULK (ART DNY 1038)', NULL, '46', NULL, '35', NULL, NULL, '59', '2024-10-06', '2024-10-06 12:24:24', NULL, '74', '0', '21780', NULL, '0', '70', NULL, NULL, '39900', NULL, NULL, NULL, NULL, '1', NULL, '1', NULL, NULL, NULL, NULL, NULL, '83.2', NULL, '162', '44', '0', NULL, '57075'),
('57076', '7798240799251', 'MUÑECO ALIEN (ART DNY 1029)', NULL, '46', NULL, '35', NULL, NULL, '59', '2024-10-06', '2024-10-06 12:26:19', NULL, '74', '0', '9813', NULL, '0', '70', NULL, NULL, '16900', NULL, NULL, NULL, NULL, '1', NULL, '1', NULL, NULL, NULL, NULL, NULL, '72.22', NULL, '162', '44', '0', NULL, '57076'),
('57077', '7798240799961', 'MUÑECA FROZEN (ART DNY 1006)', NULL, '46', NULL, '35', NULL, NULL, '59', '2024-10-06', '2024-10-06 12:31:07', NULL, '74', '0', '19973', NULL, '0', '70', NULL, NULL, '39900', NULL, NULL, NULL, NULL, '1', NULL, '1', NULL, NULL, NULL, NULL, NULL, '99.77', NULL, '162', '44', '0', NULL, '57077'),
('57078', '7798240799978', 'MUÑECA ANNA (ART DNY 1007)', NULL, '46', NULL, '35', NULL, NULL, '59', '2024-10-06', '2024-10-06 12:32:38', NULL, '74', '0', '19973', NULL, '0', '70', NULL, NULL, '39900', NULL, NULL, NULL, NULL, '1', NULL, '1', NULL, NULL, NULL, NULL, NULL, '99.77', NULL, '162', '44', '0', NULL, '57078'),
('57079', '7798240799329', 'MUÑECO SPIDER-MAN (ART DNY 1034)', NULL, '46', NULL, '35', NULL, NULL, '59', '2024-10-06', '2024-10-06 12:34:46', NULL, '74', '0', '21780', NULL, '0', '70', NULL, NULL, '39900', NULL, NULL, NULL, NULL, '1', NULL, '1', NULL, NULL, NULL, NULL, NULL, '83.2', NULL, '162', '44', '0', NULL, '57079'),
('57080', '7798240799343', 'MUÑECO CAPITAN AMERICA (ART DNY 1036)', NULL, '46', NULL, '35', NULL, NULL, '59', '2024-10-06', '2024-10-06 12:37:04', NULL, '74', '0', '21780', NULL, '0', '70', NULL, NULL, '39900', NULL, NULL, NULL, NULL, '1', NULL, '1', NULL, NULL, NULL, NULL, NULL, '83.2', NULL, '162', '44', '0', NULL, '57080'),
('57081', '7798377701868', 'MUÑECO MESSI (ART DNY 1000)', NULL, '46', NULL, '35', NULL, NULL, '59', '2024-10-06', '2024-10-06 12:38:58', NULL, '74', '0', '25410', NULL, '0', '70', NULL, NULL, '44900', NULL, NULL, NULL, NULL, '1', NULL, '1', NULL, NULL, NULL, NULL, NULL, '76.7', NULL, '162', '44', '0', NULL, '57081'),
('57082', '7799035000446', 'PELOTA N 5 METALIZADA (ART PF16)', NULL, '41', NULL, '35', NULL, NULL, '59', '2024-10-06', '2024-10-06 12:51:37', NULL, '75', '0', '10750', NULL, '0', '70', NULL, NULL, '19900', NULL, NULL, NULL, NULL, '1', NULL, '3', NULL, NULL, NULL, NULL, NULL, '85.12', NULL, '162', '44', '0', NULL, '57082'),
('57083', '7799035003263', 'PELOTA N5 ARGENTINA (ART PF23)', NULL, '41', NULL, '35', NULL, NULL, '59', '2024-10-06', '2024-10-06 12:55:10', NULL, '74', '0', '10750', NULL, '0', '70', NULL, NULL, '19900', NULL, NULL, NULL, NULL, '1', NULL, '3', NULL, NULL, NULL, NULL, NULL, '85.12', NULL, '162', '44', '0', NULL, '57083'),
('57084', '1824123456785', 'PELOTA N5 OFICIAL', NULL, '41', NULL, '35', NULL, NULL, '59', '2024-10-06', '2024-10-06 12:57:28', NULL, '74', '0', '15233', NULL, '0', '70', NULL, NULL, '27900', NULL, NULL, NULL, NULL, '1', NULL, '3', NULL, NULL, NULL, NULL, NULL, '83.15', NULL, '162', '44', '0', NULL, '57084'),
('57085', '7792435005332', 'SET BALDE C/COLADOR CHICO (ART DUR 533)', NULL, '44', NULL, '35', NULL, NULL, '59', '2024-10-06', '2024-10-06 13:04:08', NULL, '74', '0', '3818', NULL, '0', '70', NULL, NULL, '6900', NULL, NULL, NULL, NULL, '1', NULL, '4', NULL, NULL, NULL, NULL, NULL, '80.72', NULL, '162', '44', '0', NULL, '57085'),
('57086', '7792435005455', 'BALDE C/REG GRANDE (ART DUR 545)', NULL, '44', NULL, '35', NULL, NULL, '59', '2024-10-06', '2024-10-06 13:05:28', NULL, '74', '0', '6677', NULL, '0', '70', NULL, NULL, '12500', NULL, NULL, NULL, NULL, '1', NULL, '2', NULL, NULL, NULL, NULL, NULL, '87.21', NULL, '162', '44', '0', NULL, '57086'),
('57087', '7450077094373', 'PISTOLA AGUA BASE X (8648)', NULL, '41', NULL, '35', NULL, NULL, '59', '2024-10-06', '2024-10-06 13:07:18', NULL, '74', '0', '7480', NULL, '0', '70', NULL, NULL, '13500', NULL, NULL, NULL, NULL, '1', NULL, '4', NULL, NULL, NULL, NULL, NULL, '80.48', NULL, '162', '44', '0', NULL, '57087'),
('57088', '7450077097589', 'LANZADOR AGUA FUTBOL BASE X (21899)', NULL, '41', NULL, '35', NULL, NULL, '59', '2024-10-06', '2024-10-06 13:08:44', NULL, '74', '0', '3388', NULL, '0', '70', NULL, NULL, '5900', NULL, NULL, NULL, NULL, '1', NULL, '4', NULL, NULL, NULL, NULL, NULL, '74.14', NULL, '162', '44', '0', NULL, '57088'),
('57089', '7450077087955', 'LANZADOR AGUA FROZEN BASE X (21903)', NULL, '41', NULL, '35', NULL, NULL, '59', '2024-10-06', '2024-10-06 13:10:18', NULL, '74', '0', '1776', NULL, '0', '70', NULL, NULL, '3200', NULL, NULL, NULL, NULL, '1', NULL, '2', NULL, NULL, NULL, NULL, NULL, '80.18', NULL, '162', '44', '0', NULL, '57089'),
('57090', '7453105019577', 'SUPER PISTOLA SPIRDERMAN (8677)', NULL, '46', NULL, '35', NULL, NULL, '59', '2024-10-06', '2024-10-06 13:11:54', NULL, '74', '0', '14084', NULL, '0', '70', NULL, NULL, '25500', NULL, NULL, NULL, NULL, '1', NULL, '2', NULL, NULL, NULL, NULL, NULL, '81.06', NULL, '162', '44', '0', NULL, '57090'),
('57091', '7792435005554', 'MEGA PALA + RASTRILLO (555)', NULL, '44', NULL, '35', NULL, NULL, '59', '2024-10-06', '2024-10-06 13:14:23', NULL, '74', '0', '3031', NULL, '0', '70', NULL, NULL, '5500', NULL, NULL, NULL, NULL, '1', NULL, '2', NULL, NULL, NULL, NULL, NULL, '81.46', NULL, '162', '44', '0', NULL, '57091'),
('57092', '7792435006202', 'PALA + RAS + COL CHICO (520)', NULL, '44', NULL, '35', NULL, NULL, '59', '2024-10-06', '2024-10-06 13:17:37', NULL, '74', '0', '846', NULL, '0', '70', NULL, NULL, '1700', NULL, NULL, NULL, NULL, '1', NULL, '4', NULL, NULL, NULL, NULL, NULL, '100.95', NULL, '162', '44', '0', NULL, '57092'),
('57093', '7792435005073', 'VERDURAS Y FRUTAS (507)', NULL, '44', NULL, '35', NULL, NULL, '59', '2024-10-06', '2024-10-06 13:20:52', NULL, '74', '0', '1979', NULL, '0', '70', NULL, NULL, '3900', NULL, NULL, NULL, NULL, '1', NULL, '7', NULL, NULL, NULL, NULL, NULL, '97.07', NULL, '162', '44', '0', NULL, '57093'),
('57094', '7792435005066', 'CANASTA CON FRUTAS (ART DUR 506)', NULL, '44', NULL, '35', NULL, NULL, '59', '2024-10-06', '2024-10-06 13:23:14', NULL, '74', '0', '4443', NULL, '0', '70', NULL, NULL, '7900', NULL, NULL, NULL, NULL, '1', NULL, '4', NULL, NULL, NULL, NULL, NULL, '77.81', NULL, '162', '44', '0', NULL, '57094'),
('57095', '7792435006544', 'CAMION CHICO CON BLOQUES (ART 654)', NULL, '44', NULL, '35', NULL, NULL, '59', '2024-10-06', '2024-10-06 13:31:48', NULL, '74', '0', '9931', NULL, '0', NULL, NULL, NULL, '16900', NULL, NULL, NULL, NULL, '1', NULL, '2', NULL, NULL, NULL, NULL, NULL, '70.17', NULL, '162', '44', '0', NULL, '57095'),
('57096', '7792435002010', 'CAMION VOLCADOR CHICO (ART 201)', NULL, '44', NULL, '35', NULL, NULL, '59', '2024-10-06', '2024-10-06 13:32:49', NULL, '74', '0', '5918', NULL, '0', '70', NULL, NULL, '9900', NULL, NULL, NULL, NULL, '1', NULL, '2', NULL, NULL, NULL, NULL, NULL, '67.29', NULL, '162', '44', '0', NULL, '57096'),
('57097', '7792435003543', 'MINI CAMIONETA TODO TERRENO (ART 354)', NULL, '44', NULL, '35', NULL, NULL, '59', '2024-10-06', '2024-10-06 13:34:09', NULL, '74', '0', '1764', NULL, '0', '70', NULL, NULL, '2900', NULL, NULL, NULL, NULL, '1', NULL, '4', NULL, NULL, NULL, NULL, NULL, '64.4', NULL, NULL, '44', '0', NULL, '57097'),
('57098', '7792435005127', 'SUPER BLOCKS BALDE 18  (ART 512', NULL, '44', NULL, '35', NULL, NULL, '59', '2024-10-06', '2024-10-06 13:47:00', NULL, '74', '0', '6538', NULL, '0', '70', NULL, NULL, '11500', NULL, NULL, NULL, NULL, '1', NULL, '2', NULL, NULL, NULL, NULL, NULL, '75.89', NULL, '162', '44', '0', NULL, '57098'),
('57099', '7792435006605', 'MINIBLOCKES BALDE X60 (ART 660)', NULL, '44', NULL, '35', NULL, NULL, '59', '2024-10-06', '2024-10-06 13:48:28', NULL, '74', '0', '8375', NULL, '0', '70', NULL, NULL, '15100', NULL, NULL, NULL, NULL, '1', NULL, '1', NULL, NULL, NULL, NULL, NULL, '80.3', NULL, '162', '44', '0', NULL, '57099'),
('57100', '7792435006650', 'MINI BLOCKS BALDE X29 (ART 665)', NULL, '44', NULL, '35', NULL, NULL, '59', '2024-10-06', '2024-10-06 13:49:40', NULL, '74', '0', '4177', NULL, '0', '70', NULL, NULL, '7900', NULL, NULL, NULL, NULL, '1', NULL, '4', NULL, NULL, NULL, NULL, NULL, '89.13', NULL, '162', '44', '0', NULL, '57100'),
('57101', '7450077068589', 'SOGA PARA SALTAR TYNY (ART 51374)', NULL, '48', NULL, '35', NULL, NULL, '59', '2024-10-06', '2024-10-06 13:51:36', NULL, '74', '0', '1815', NULL, '0', '70', NULL, NULL, '3300', NULL, NULL, NULL, NULL, '1', NULL, '4', NULL, NULL, NULL, NULL, NULL, '81.82', NULL, '162', '44', '0', NULL, '57101'),
('57102', '7792435004106', 'MIS HERRAMIENTAS (ART 410)', NULL, '44', NULL, '35', NULL, NULL, '59', '2024-10-06', '2024-10-06 13:54:14', NULL, '74', '0', '2953', NULL, '0', '70', NULL, NULL, '5300', NULL, NULL, NULL, NULL, '1', NULL, '3', NULL, NULL, NULL, NULL, NULL, '79.48', NULL, '162', '44', '0', NULL, '57102'),
('57103', '7792435004113', 'SET DE HERRAMIENTAS (ART 411)', NULL, '44', NULL, '35', NULL, NULL, '59', '2024-10-06', '2024-10-06 13:55:28', NULL, '74', '0', '4007', NULL, '0', '70', NULL, NULL, '7900', NULL, NULL, NULL, NULL, '1', NULL, '3', NULL, NULL, NULL, NULL, NULL, '97.15', NULL, '162', '44', '0', NULL, '57103'),
('57104', '7792435004137', 'CASCO Y HERRAMIENTAS (ART 413)', NULL, '44', NULL, '35', NULL, NULL, '59', '2024-10-06', '2024-10-06 13:56:24', NULL, '74', '0', '3235', NULL, '0', '70', NULL, NULL, '5900', NULL, NULL, NULL, NULL, '1', NULL, '4', NULL, NULL, NULL, NULL, NULL, '82.38', NULL, '162', '44', '0', NULL, '57104'),
('57105', '7792435005004', 'JUEGO DE TE 26 PIEZAS (ART 500 ) ', NULL, '44', NULL, '35', NULL, NULL, '59', '2024-10-06', '2024-10-06 13:58:26', NULL, '74', '0', '4148', NULL, '0', '70', NULL, NULL, '7500', NULL, NULL, NULL, NULL, '1', NULL, '2', NULL, NULL, NULL, NULL, NULL, '80.81', NULL, '162', '44', '0', NULL, '57105'),
('57106', '7792435006193', 'JUEGO DE MATE EN BANDEJA (ART 619)', NULL, '44', NULL, '35', NULL, NULL, '59', '2024-10-06', '2024-10-06 13:59:45', NULL, '74', '0', '4153', NULL, '0', '70', NULL, NULL, '7500', NULL, NULL, NULL, NULL, '1', NULL, '2', NULL, NULL, NULL, NULL, NULL, '80.59', NULL, '162', '44', '0', NULL, '57106'),
('57107', '7792435006124', 'JUEGO DE OLLAS Y SARTENES (ART 612)', NULL, '44', NULL, '35', NULL, NULL, '59', '2024-10-06', '2024-10-06 14:00:51', NULL, '74', '0', '2754', NULL, '0', '70', NULL, NULL, '6900', NULL, NULL, NULL, NULL, '1', NULL, '2', NULL, NULL, NULL, NULL, NULL, '150.54', NULL, '162', '44', '0', NULL, '57107'),
('57108', '7792435006148', 'JUEGO DE ANAFE CON OLLAS (ART 614)', NULL, '44', NULL, '35', NULL, NULL, '59', '2024-10-06', '2024-10-06 14:02:38', NULL, '74', '0', '5502', NULL, '0', '70', NULL, NULL, '9900', NULL, NULL, NULL, NULL, '1', NULL, '2', NULL, NULL, NULL, NULL, NULL, '79.93', NULL, '162', '44', '0', NULL, '57108'),
('57109', '7792435006285', 'ARO MORDILLO DE COLORES (ART 628)', NULL, '44', NULL, '35', NULL, NULL, '59', '2024-10-06', '2024-10-06 14:03:44', NULL, '74', '0', '1294', NULL, '0', '70', NULL, NULL, '2500', NULL, NULL, NULL, NULL, '1', NULL, '4', NULL, NULL, NULL, NULL, NULL, '93.2', NULL, '162', '44', '0', NULL, '57109'),
('57110', '7450077083315', ' MINI ARO DE BASQUET (ART 52215)', NULL, '41', NULL, '35', NULL, NULL, '59', '2024-10-06', '2024-10-06 14:06:10', NULL, '74', '0', '3267', NULL, '0', '70', NULL, NULL, '5900', NULL, NULL, NULL, NULL, '1', NULL, '6', NULL, NULL, NULL, NULL, NULL, '80.59', NULL, '162', '44', '0', NULL, '57110'),
('57111', '7793602001386', 'BEBE CON SILLITA DE COMER (ART 138)', NULL, '49', NULL, '35', NULL, NULL, '59', '2024-10-06', '2024-10-06 14:11:09', NULL, '74', '0', '19975', NULL, '0', '70', NULL, NULL, '33900', NULL, NULL, NULL, NULL, '1', NULL, '1', NULL, NULL, NULL, NULL, NULL, '69.71', NULL, '162', '44', '0', NULL, '57111'),
('57112', '7793602001324', 'BEBE CON SILLITA  MECEDORA (ART 132)', NULL, '49', NULL, '35', NULL, NULL, '59', '2024-10-06', '2024-10-06 14:12:12', NULL, '74', '0', '17670', NULL, '0', '70', NULL, NULL, '33900', NULL, NULL, NULL, NULL, '1', NULL, '1', NULL, NULL, NULL, NULL, NULL, '91.85', NULL, '162', '44', '0', NULL, '57112'),
('57113', '7793602001485', 'BEBE CON COCHECITO (ART 148)', NULL, '49', NULL, '35', NULL, NULL, '59', '2024-10-06', '2024-10-06 14:14:21', NULL, '74', '0', '38610', NULL, '0', '70', NULL, NULL, '64900', NULL, NULL, NULL, NULL, '1', NULL, '1', NULL, NULL, NULL, NULL, NULL, '68.09', NULL, '162', '44', '0', NULL, '57113'),
('57114', '7797161031273', 'COCHECITO RONDI  (ART 3127)', NULL, '45', NULL, '35', NULL, NULL, '59', '2024-10-06', '2024-10-06 14:19:13', NULL, '74', '0', '23807', NULL, '0', '70', NULL, NULL, '35900', NULL, NULL, NULL, NULL, '1', NULL, '2', NULL, NULL, NULL, NULL, NULL, '50.8', NULL, '162', '44', '0', NULL, '57114'),
('57115', '7798079690163', 'ARO DE BASQUET DE CAÑO (ART 118)', NULL, '41', NULL, '35', NULL, NULL, '59', '2024-10-06', '2024-10-06 14:20:52', NULL, '74', '0', '27733', NULL, '0', '70', NULL, NULL, '44400', NULL, NULL, NULL, NULL, '1', NULL, '2', NULL, NULL, NULL, NULL, NULL, '60.1', NULL, '162', '44', '0', NULL, '57115'),
('57116', '5025123225050', 'FUNGUS AMUNGUS (ART22505)', NULL, '41', NULL, '35', NULL, NULL, '59', '2024-10-06', '2024-10-06 14:30:42', NULL, '74', '0', '2264', NULL, '0', '70', NULL, NULL, '4900', NULL, NULL, NULL, NULL, '1', NULL, '4', NULL, NULL, NULL, NULL, NULL, '116.43', NULL, '162', '44', '0', NULL, '57116'),
('57117', '6950337904882', 'SET POLICE FORCE CON LUZ (ART HSY013)', NULL, '41', NULL, '35', NULL, NULL, '59', '2024-10-06', '2024-10-06 16:07:24', NULL, '74', '0', '5929', NULL, '0', '70', NULL, NULL, '9500', NULL, NULL, NULL, NULL, '1', NULL, '3', NULL, NULL, NULL, NULL, NULL, '60.23', NULL, '162', '44', '0', NULL, '57117'),
('57118', '6950337904851', 'SET POLICE FORCE CON LUZ (ART HSY010)', NULL, '41', NULL, '35', NULL, NULL, '59', '2024-10-06', '2024-10-06 16:08:22', NULL, '74', '0', '5929', NULL, '0', '70', NULL, NULL, '9500', NULL, NULL, NULL, NULL, '1', NULL, '1', NULL, NULL, NULL, NULL, NULL, '60.23', NULL, '162', '44', '0', NULL, '57118'),
('57119', '6950337815089', 'SOLDADOS EN BOLSA ', NULL, '41', NULL, '35', NULL, NULL, '59', '2024-10-06', '2024-10-06 16:11:05', NULL, '74', '0', '3025', NULL, '0', '70', NULL, NULL, '4900', NULL, NULL, NULL, NULL, '1', NULL, '4', NULL, NULL, NULL, NULL, NULL, '61.98', NULL, '162', '44', '0', NULL, '57119'),
('57120', '6950337815096', 'MILITAR EN BOLSA (ART 516-8B)', NULL, '41', NULL, '35', NULL, NULL, '59', '2024-10-06', '2024-10-06 16:29:26', NULL, '74', '0', '3509', NULL, '0', '70', NULL, NULL, '5900', NULL, NULL, NULL, NULL, '1', NULL, '4', NULL, NULL, NULL, NULL, NULL, '68.14', NULL, '162', '44', '0', NULL, '57120'),
('57121', '6503309199047', 'CITY POLICE UN VEHICULO (8834B)', NULL, '41', NULL, '35', NULL, NULL, '59', '2024-10-06', '2024-10-08 13:46:25', NULL, '74', '0', '7139', NULL, '0', '70', NULL, '0', '11900', '0', '0', '0', '0', '1', NULL, '2', NULL, NULL, '0', NULL, '0', '66.69', '0', '162', '44', '0', '1', '57121'),
('57122', '6503309199078', 'SET CITY POLICE 3 VEHICULOS (ART 8836B)', NULL, '41', NULL, '35', NULL, NULL, '59', '2024-10-06', '2024-10-06 16:34:29', NULL, '74', '0', '17908', NULL, '0', '70', NULL, NULL, '29900', NULL, NULL, NULL, NULL, '1', NULL, '1', NULL, NULL, NULL, NULL, NULL, '66.96', NULL, '162', '44', '0', NULL, '57122'),
('57123', '6503308841374', 'GUN FLASHING REVOLVER CON LUZ Y SONIDO (929C)', NULL, '41', NULL, '35', NULL, NULL, '59', '2024-10-06', '2024-10-06 16:36:23', NULL, '74', '0', '8349', NULL, '0', '70', NULL, NULL, '14900', NULL, NULL, NULL, NULL, '1', NULL, '2', NULL, NULL, NULL, NULL, NULL, '78.46', NULL, '162', '44', '0', NULL, '57123'),
('57124', '6950310787495', 'VALIJA ACCS MILITAR (ART HSY-114)', NULL, '41', NULL, '35', NULL, NULL, NULL, '2024-10-06', '2024-10-06 16:37:45', NULL, '74', '0', '15609', NULL, '0', '70', NULL, NULL, '28100', NULL, NULL, NULL, NULL, '1', NULL, '2', NULL, NULL, NULL, NULL, NULL, '80.02', NULL, '162', '44', '0', NULL, '57124'),
('57125', '7797756001261', 'CREA BLOCKS ESTACION COMBUSTIBLE (ART158)', NULL, '50', NULL, '35', NULL, NULL, '59', '2024-10-06', '2024-10-06 22:32:08', NULL, '74', '0', '9847', NULL, '0', '70', NULL, '0', '16900', '0', '0', '0', '0', '0', NULL, '2', NULL, NULL, '0', NULL, '0', '71.63', '0', '162', '44', '0', '1', '57125'),
('57126', '7794635005914', 'DOMINO MULTICOLOR ART 591', NULL, '51', NULL, '35', NULL, NULL, '59', '2024-10-06', '2024-10-06 16:43:02', NULL, '74', '0', '7260', NULL, '0', '70', NULL, NULL, '11900', NULL, NULL, NULL, NULL, '1', NULL, '2', NULL, NULL, NULL, NULL, NULL, '63.91', NULL, '162', '44', '0', NULL, '57126'),
('57127', '7794635002036', 'JUEGO PUZZLE DONDE VIVEN ', NULL, '51', NULL, '35', NULL, NULL, '59', '2024-10-06', '2024-10-06 16:45:03', NULL, '74', '0', '8107', NULL, '0', '70', NULL, NULL, '12500', NULL, NULL, NULL, NULL, '1', NULL, '2', NULL, NULL, NULL, NULL, NULL, '54.19', NULL, '162', '44', '0', NULL, '57127'),
('57128', '7794635002050', 'JUEGO PUZZLE  LOS OPUESTOS (H214)', NULL, '51', NULL, '35', NULL, NULL, '59', '2024-10-06', '2024-10-06 16:46:22', NULL, '74', '0', '8107', NULL, '0', '70', NULL, NULL, '12500', NULL, NULL, NULL, NULL, '1', NULL, '2', NULL, NULL, NULL, NULL, NULL, '54.19', NULL, '162', '44', '0', NULL, '57128'),
('57129', '7797756001704', 'LAPIZ MAGICO Y ENCASTRE (ART 170)', NULL, '50', NULL, '35', NULL, NULL, '59', '2024-10-06', '2024-10-06 16:51:01', NULL, '74', '0', '13527', NULL, '0', '70', NULL, NULL, '21500', NULL, NULL, NULL, NULL, '1', NULL, '2', NULL, NULL, NULL, NULL, NULL, '58.94', NULL, '162', '44', '0', NULL, '57129'),
('57130', '7797756002190', 'DOMINO CIRCO (ART 8)', NULL, '50', NULL, '35', NULL, NULL, '59', '2024-10-06', '2024-10-06 16:59:56', NULL, '74', '0', '6399', NULL, '0', '70', NULL, NULL, '11500', NULL, NULL, NULL, NULL, '1', NULL, '2', NULL, NULL, NULL, NULL, NULL, '79.72', NULL, '162', '44', '0', NULL, '57130'),
('57131', '7797756002213', 'DOMINO CORAZON ART 8', NULL, '50', NULL, '35', NULL, NULL, '59', '2024-10-06', '2024-10-06 17:00:52', NULL, '74', '0', '6398', NULL, '0', '70', NULL, NULL, '11500', NULL, NULL, NULL, NULL, NULL, NULL, '2', NULL, NULL, NULL, NULL, NULL, '79.74', NULL, '162', '44', '0', NULL, '57131'),
('57132', '7797756000790', 'DOMINO PIRATAS (ART8) ', NULL, '50', NULL, '35', NULL, NULL, '59', '2024-10-06', '2024-10-06 17:01:54', NULL, '74', '0', '6398', NULL, '0', '70', NULL, NULL, '11500', NULL, NULL, NULL, NULL, '1', NULL, '2', NULL, NULL, NULL, NULL, NULL, '79.74', NULL, '162', '44', '0', NULL, '57132'),
('57133', '7797756000837', 'DOMINO GIGANTE ART 64', NULL, '50', NULL, '35', NULL, NULL, '59', '2024-10-06', '2024-10-06 17:03:53', NULL, '74', '0', '8535', NULL, '0', '70', NULL, NULL, '14900', NULL, NULL, NULL, NULL, '1', NULL, '1', NULL, NULL, NULL, NULL, NULL, '74.58', NULL, '162', '44', '0', NULL, '57133'),
('57134', '7797756000745', 'DOMINO GIGANTE ART 74', NULL, '50', NULL, '35', NULL, NULL, '59', '2024-10-06', '2024-10-06 17:04:36', NULL, '74', '0', '8535', NULL, '0', '70', NULL, NULL, '14900', NULL, NULL, NULL, NULL, '1', NULL, '1', NULL, NULL, NULL, NULL, NULL, '74.58', NULL, '162', '44', '0', NULL, '57134'),
('57135', '7797756000240', 'ENCASTRE 3D DINO (ART 226)', NULL, '50', NULL, '35', NULL, NULL, '59', '2024-10-06', '2024-10-06 17:08:21', NULL, '74', '0', '5613', NULL, '0', '70', NULL, NULL, '9900', NULL, NULL, NULL, NULL, '1', NULL, '2', NULL, NULL, NULL, NULL, NULL, '76.38', NULL, '162', '44', '0', NULL, '57135'),
('57136', '7794635012264', '4 EN LINEA ART 1226', NULL, '51', NULL, '35', NULL, NULL, '59', '2024-10-06', '2024-10-06 17:13:59', NULL, '74', '0', '16577', NULL, '0', '70', NULL, NULL, '24900', NULL, NULL, NULL, NULL, '1', NULL, '2', NULL, NULL, NULL, NULL, NULL, '50.21', NULL, '162', '44', '0', NULL, '57136'),
('57137', '7797756003722', 'SHOW DE MAGIA X 50 TRUCOS (ART 372)', NULL, '50', NULL, '35', NULL, NULL, '59', '2024-10-06', '2024-10-06 17:15:07', NULL, '74', '0', '12187', NULL, '0', '70', NULL, NULL, '19500', NULL, NULL, NULL, NULL, '1', NULL, '1', NULL, NULL, NULL, NULL, NULL, '60.01', NULL, '162', '44', '0', NULL, '57137'),
('57138', '7794635045248', 'JUEGO DE MAGIA (ART 4514)', NULL, '51', NULL, '35', NULL, NULL, '59', '2024-10-06', '2024-10-06 17:19:20', NULL, '74', '0', '7744', NULL, '0', '70', NULL, NULL, '12900', NULL, NULL, NULL, NULL, '1', NULL, '1', NULL, NULL, NULL, NULL, NULL, '66.58', NULL, '162', '44', '0', NULL, '57138'),
('57139', '7794635045200', 'JUEGO DE MAGIA (ART 4510)', NULL, '51', NULL, '35', NULL, NULL, '59', '2024-10-06', '2024-10-06 17:21:26', NULL, '74', '0', '7744', NULL, '0', '70', NULL, NULL, '12900', NULL, NULL, NULL, NULL, '1', NULL, '1', NULL, NULL, NULL, NULL, NULL, '66.58', NULL, '162', '44', '0', NULL, '57139'),
('57140', '7790752713060', 'SET DINO CON CAMION Y SONIDO (ART 71306)', NULL, '41', NULL, '35', NULL, NULL, '59', '2024-10-06', '2024-10-06 17:23:45', NULL, '74', '0', '48037', NULL, '0', '70', NULL, NULL, '71900', NULL, NULL, NULL, NULL, '1', NULL, '1', NULL, NULL, NULL, NULL, NULL, '49.68', NULL, '162', '44', '0', NULL, '57140'),
('57141', '7794008175695', 'MALETIN PRINCESA PARA COLOREAR (ART17569)', NULL, '52', NULL, '35', NULL, NULL, '59', '2024-10-06', '2024-10-06 17:28:41', NULL, '74', '0', '7798', NULL, '0', '70', NULL, NULL, '12500', NULL, NULL, NULL, NULL, '1', NULL, '2', NULL, NULL, NULL, NULL, NULL, '60.3', NULL, '162', '44', '0', NULL, '57141'),
('57142', '7794008034282', 'MALETIN  ADVENGERS PARA COLOREAR (ART3428)', NULL, NULL, NULL, '35', NULL, '9789878908564', NULL, '2024-10-06', '2024-10-06 17:31:06', NULL, '74', '0', '7798', NULL, '0', '70', NULL, NULL, '12500', NULL, NULL, NULL, NULL, '1', NULL, '2', NULL, NULL, NULL, NULL, NULL, '60.3', NULL, '162', '44', '0', NULL, '57142'),
('57143', '7794008175695', 'MALETIN PRINCESA PARA COLOREAR (ART17569)', NULL, '52', NULL, '35', NULL, '9789878908571', '59', '2024-10-06', '2024-10-06 17:32:07', NULL, '74', '0', '7798', NULL, '0', '70', NULL, '0', '12500', '0', '0', NULL, NULL, NULL, NULL, '2', NULL, NULL, '0', NULL, NULL, '60.3', NULL, NULL, '44', '0', NULL, '57143'),
('57144', '7794008079153', 'PUZZLE FROZEN (ART 7915)', NULL, '52', NULL, '35', NULL, NULL, '59', '2024-10-06', '2024-10-06 17:33:12', NULL, '74', '0', '5633', NULL, '0', '70', NULL, NULL, '9500', NULL, NULL, NULL, NULL, '1', NULL, '2', NULL, NULL, NULL, NULL, NULL, '68.65', NULL, '162', '44', '0', NULL, '57144'),
('57145', '7794008063527', 'PUZZLE PEPPA PIG (ART 6352)', NULL, '52', NULL, '35', NULL, NULL, '59', '2024-10-06', '2024-10-06 17:34:22', NULL, '74', '0', '5633', NULL, '0', '70', NULL, NULL, '9500', NULL, NULL, NULL, NULL, '1', NULL, '2', NULL, NULL, NULL, NULL, NULL, '68.65', NULL, '162', '44', '0', NULL, '57145'),
('57146', '7794008010194', 'GABBYS DOLL HOUSE PINTANDO ACUARELAS (ART 1019)', NULL, '52', NULL, '35', NULL, '9789878908342', '59', '2024-10-06', '2024-10-06 17:36:27', NULL, '74', '0', '6390', NULL, '0', '70', NULL, NULL, '10900', NULL, NULL, NULL, NULL, '1', NULL, '2', NULL, NULL, NULL, NULL, NULL, '70.58', NULL, '162', '44', '0', NULL, '57146'),
('57147', '7794008099076', 'ALBUM PARA COLOREAR C/ AGUA PAW PATROL (ART 9907)', NULL, '52', NULL, '35', NULL, '9789878908922', '59', '2024-10-06', '2024-10-06 17:39:43', NULL, '74', '0', '13290', NULL, '0', '70', NULL, NULL, '22900', NULL, NULL, NULL, NULL, '1', NULL, '2', NULL, NULL, NULL, NULL, NULL, '72.31', NULL, '162', '44', '0', NULL, '57147'),
('57148', '7794008011146', 'JUEGO DE CARTAS PIXAR ART1114', NULL, '52', NULL, '35', NULL, NULL, '59', '2024-10-06', '2024-10-06 17:41:24', NULL, '74', '0', '5602', NULL, '0', '70', NULL, NULL, '9500', NULL, NULL, NULL, NULL, '1', NULL, '2', NULL, NULL, NULL, NULL, NULL, '69.58', NULL, '162', '44', '0', NULL, '57148'),
('57149', '7797630003084', ' PUZZLE DE GOMA EVA (ART 308)', NULL, '41', NULL, '35', NULL, NULL, '59', '2024-10-06', '2024-10-06 17:42:35', NULL, '74', '0', '3140', NULL, '0', '70', NULL, NULL, '5500', NULL, NULL, NULL, NULL, '1', NULL, '2', NULL, NULL, NULL, NULL, NULL, '75.16', NULL, '162', '44', '0', NULL, '57149'),
('57150', '7794008012334', 'SONIC TORRE JENGA (ART 1233)', NULL, '52', NULL, '35', NULL, NULL, '59', '2024-10-06', '2024-10-06 17:47:15', NULL, '74', '0', '11736', NULL, '0', '70', NULL, NULL, '19900', NULL, NULL, NULL, NULL, '1', NULL, '3', NULL, NULL, NULL, NULL, NULL, '69.56', NULL, '162', '44', '0', NULL, '57150'),
('57151', '7794008012327', 'SONIC GENERALA (ART 1232)', NULL, '52', NULL, '35', NULL, NULL, '59', '2024-10-06', '2024-10-06 17:48:15', NULL, '74', '0', '9377', NULL, '0', '70', NULL, NULL, '14900', NULL, NULL, NULL, NULL, '1', NULL, '2', NULL, NULL, NULL, NULL, NULL, '58.9', NULL, '162', '44', '0', NULL, '57151'),
('57152', '5050841684919', 'PISTA GATOR GUNGE CON SLIME  (ART 14123)', NULL, '41', NULL, '35', NULL, NULL, '59', '2024-10-06', '2024-10-06 17:51:06', NULL, '74', '0', '22385', NULL, '0', '70', NULL, NULL, '35900', NULL, NULL, NULL, NULL, '1', NULL, '2', NULL, NULL, NULL, NULL, NULL, '60.38', NULL, '162', '44', '0', NULL, '57152'),
('57153', '5050841708714', 'EQUIPO RESCATE TEAMSTERZ  (14014)', NULL, '41', NULL, '35', NULL, NULL, '59', '2024-10-06', '2024-10-06 17:54:56', NULL, '74', '0', '21175', NULL, '0', '70', NULL, '0', '29900', '0', '0', '0', '0', '0', NULL, '2', NULL, NULL, '0', NULL, '0', '41.2', '0', '162', '44', '0', NULL, '57153'),
('57154', '7798310077432', 'PISTA SERPIENTE MAS AUTO SNAKE TRACK (ART 2743)', NULL, '47', NULL, '35', NULL, NULL, '59', '2024-10-06', '2024-10-06 18:00:57', NULL, '74', '0', '17005', NULL, '0', '70', NULL, NULL, '27900', NULL, NULL, NULL, NULL, '1', NULL, '2', NULL, NULL, NULL, NULL, NULL, '64.07', NULL, '162', '44', '0', NULL, '57154'),
('57155', '7798310077050', 'PISTA TIBURON MAS AUTO SHARK TRACK (ART 2705)', NULL, '47', NULL, '35', NULL, NULL, '59', '2024-10-06', '2024-10-06 18:01:54', NULL, '74', '0', '15696', NULL, '0', '70', NULL, NULL, '27900', NULL, NULL, NULL, NULL, '1', NULL, '2', NULL, NULL, NULL, NULL, NULL, '77.75', NULL, '162', '44', '0', NULL, '57155'),
('57156', '7798310077449', 'GEOMETRIK FORMS PARA ARMAR 24 PCS (2744)', NULL, '47', NULL, '35', NULL, NULL, '59', '2024-10-06', '2024-10-06 18:06:02', NULL, '74', '0', '12555', NULL, '0', '70', NULL, NULL, '19900', NULL, NULL, NULL, NULL, '1', NULL, '4', NULL, NULL, NULL, NULL, NULL, '58.5', NULL, '162', '44', '0', NULL, '57156'),
('57157', '7798310077012', 'ROBOT DANCER C/ LUZ Y SONIDO (2701)', NULL, '47', NULL, '35', NULL, NULL, '59', '2024-10-06', '2024-10-06 18:08:59', NULL, '74', '0', '18837', NULL, '0', '70', NULL, NULL, '34900', NULL, NULL, NULL, NULL, '1', NULL, '2', NULL, NULL, NULL, NULL, NULL, '85.27', NULL, '162', '44', '0', NULL, '57157'),
('57158', '7798310077326', 'ROBOT LANZA DARDOS C/LUZ Y SONIDOS (2732)', NULL, '47', NULL, '35', NULL, NULL, '59', '2024-10-06', '2024-10-06 18:11:11', NULL, '74', '0', '26688', NULL, '0', '70', NULL, NULL, '44900', NULL, NULL, NULL, NULL, '1', NULL, '1', NULL, NULL, NULL, NULL, NULL, '68.24', NULL, '162', '44', '0', NULL, '57158'),
('57159', '7798310075742', 'BABY SHARK ATTACK (2574)', NULL, '47', NULL, '35', NULL, NULL, '59', '2024-10-06', '2024-10-06 18:14:39', NULL, '74', '0', '8236', NULL, '0', '70', NULL, NULL, '14900', NULL, NULL, NULL, NULL, '1', NULL, '3', NULL, NULL, NULL, NULL, NULL, '80.91', NULL, '162', '44', '0', NULL, '57159'),
('57160', '7798310075964', 'DINO ATTACK QUE MIERDE (2596)', NULL, '47', NULL, '35', NULL, NULL, '59', '2024-10-06', '2024-10-06 18:17:43', NULL, '74', '0', '13262', NULL, '0', '70', NULL, NULL, '21900', NULL, NULL, NULL, NULL, '1', NULL, '2', NULL, NULL, NULL, NULL, NULL, '65.13', NULL, '162', '44', '0', NULL, '57160'),
('57161', '7798310074981', 'HIPPO ATACK (2498)', NULL, '47', NULL, '35', NULL, NULL, '59', '2024-10-06', '2024-10-06 18:23:27', NULL, '74', '0', '12163', NULL, '0', '70', NULL, NULL, '21900', NULL, NULL, NULL, NULL, '1', NULL, '2', NULL, NULL, NULL, NULL, NULL, '80.05', NULL, '162', '44', '0', NULL, '57161'),
('57162', '7798010071501', 'CROCKY ATTACK (2150)', NULL, '47', NULL, '35', NULL, NULL, '59', '2024-10-06', '2024-10-06 18:25:24', NULL, '74', '0', '12163', NULL, '0', '70', NULL, NULL, '21900', NULL, NULL, NULL, NULL, '1', NULL, '2', NULL, NULL, NULL, NULL, NULL, '80.05', NULL, '162', '44', '0', NULL, '57162'),
('57163', '7798310076343', 'KAKA LOCA (2634)', NULL, '47', NULL, '35', NULL, NULL, '59', '2024-10-06', '2024-10-06 18:27:44', NULL, '74', '0', '25667', NULL, '0', '70', NULL, NULL, '41900', NULL, NULL, NULL, NULL, '1', NULL, '2', NULL, NULL, NULL, NULL, NULL, '63.24', NULL, '162', '44', '0', NULL, '57163'),
('57164', '7798310074950', 'SHARKY ATTACK (2495)', NULL, '47', NULL, '35', NULL, NULL, '59', '2024-10-06', '2024-10-06 18:32:13', NULL, '74', '0', '13262', NULL, '0', '70', NULL, NULL, '21900', NULL, NULL, NULL, NULL, NULL, NULL, '2', NULL, NULL, NULL, NULL, NULL, '65.13', NULL, '162', '44', '0', NULL, '57164'),
('57165', '7798310073632', 'SPIDERMAN SHOOTER DISC (2363)', NULL, '47', NULL, '35', NULL, NULL, '59', '2024-10-06', '2024-10-06 18:35:35', NULL, '74', '0', '11927', NULL, '0', '70', NULL, NULL, '19900', NULL, NULL, NULL, NULL, '1', NULL, '2', NULL, NULL, NULL, NULL, NULL, '66.85', NULL, '162', '44', '0', NULL, '57165'),
('57166', '7798310075575', 'BUNNY BOUTIQUE SET HOUSE DORMITORIO (2557)', NULL, '47', NULL, '35', NULL, NULL, '59', '2024-10-06', '2024-10-06 18:38:36', NULL, '74', '0', '26060', NULL, '0', '70', NULL, NULL, '41900', NULL, NULL, NULL, NULL, '1', NULL, '2', NULL, NULL, NULL, NULL, NULL, '60.78', NULL, '162', '44', '0', NULL, '57166'),
('57167', '7798310075131', 'FAMILIA DE GATOS X3 (2513)', NULL, '47', NULL, '35', NULL, NULL, '59', '2024-10-06', '2024-10-06 18:40:40', NULL, '74', '0', '17657', NULL, '0', '70', NULL, NULL, '28500', NULL, NULL, NULL, NULL, '1', NULL, '3', NULL, NULL, NULL, NULL, NULL, '61.41', NULL, '162', '44', '0', NULL, '57167'),
('57168', '7450122025895', 'THANOS EN CAJA ARTICULABLE (53994)', NULL, '41', NULL, '35', NULL, NULL, '59', '2024-10-06', '2024-10-06 18:45:01', NULL, '74', '0', '8970', NULL, '0', '70', NULL, NULL, '14900', NULL, NULL, NULL, NULL, '1', NULL, '1', NULL, NULL, NULL, NULL, NULL, '66.11', NULL, '162', '44', '0', NULL, '57168'),
('57169', '7450122046579', 'THOR EN CAJA ARTICULABLE ( 53990)', NULL, '41', NULL, '35', NULL, NULL, '59', '2024-10-06', '2024-10-06 18:48:54', NULL, '74', '0', '7865', NULL, '0', '70', NULL, NULL, '14900', NULL, NULL, NULL, NULL, '1', NULL, '2', NULL, NULL, NULL, NULL, NULL, '89.45', NULL, '162', '44', '0', NULL, '57169'),
('57170', '7450122046579', 'THOR EN CAJA ARTICULABLE ( 53990)', NULL, '41', NULL, '35', NULL, '7450077058764', '59', '2024-10-06', '2024-10-06 18:49:23', NULL, '74', '0', '7865', NULL, '0', '70', NULL, '0', '14900', '0', '0', NULL, NULL, NULL, NULL, '2', NULL, NULL, '0', NULL, NULL, '89.45', NULL, NULL, '44', '0', NULL, '57170'),
('57171', '6503316505107', 'SET APILABLE 7 PIEZAS ( 1285799)', NULL, '53', NULL, '35', NULL, NULL, '59', '2024-10-06', '2024-10-06 18:59:23', NULL, '74', '0', '5445', NULL, '0', '70', NULL, NULL, '8900', NULL, NULL, NULL, NULL, '1', NULL, '2', NULL, NULL, NULL, NULL, NULL, '63.45', NULL, '162', '44', '0', NULL, '57171'),
('57172', '6503312857965', 'SET APILABLE 6 PIEZAS (1285796)', NULL, '53', NULL, '35', NULL, NULL, '59', '2024-10-06', '2024-10-06 19:01:00', NULL, '74', '0', '5445', NULL, '0', '70', NULL, NULL, '8900', NULL, NULL, NULL, NULL, '1', NULL, '2', NULL, NULL, NULL, NULL, NULL, '63.45', NULL, '162', '44', '0', NULL, '57172'),
('57173', '6503314841344', 'PELOTA DE ENCASTRE ( 1484134)', NULL, '53', NULL, '35', NULL, NULL, '59', '2024-10-06', '2024-10-06 19:02:31', NULL, '74', '0', '3630', NULL, '0', '70', NULL, NULL, '5900', NULL, NULL, NULL, NULL, '1', NULL, '3', NULL, NULL, NULL, NULL, NULL, '62.53', NULL, '162', '44', '0', NULL, '57173'),
('57174', '7798310076558', 'MAX SHOOT MAGNUM PISTOLA c/DARDOS (2655)', NULL, '47', NULL, '35', NULL, NULL, '59', '2024-10-06', '2024-10-06 19:08:28', NULL, '74', '0', '19623', NULL, '0', '70', NULL, NULL, '34900', NULL, NULL, NULL, NULL, '1', NULL, '2', NULL, NULL, NULL, NULL, NULL, '77.85', NULL, '162', '44', '0', NULL, '57174'),
('57175', '193052037848', 'X SHOT PISTOLA 12 DARDOS (7299)', NULL, '54', NULL, '35', NULL, NULL, '59', '2024-10-06', '2024-10-06 19:18:51', NULL, '74', '0', '30637', NULL, '0', '70', NULL, NULL, '49900', NULL, NULL, NULL, NULL, '1', NULL, '3', NULL, NULL, NULL, NULL, NULL, '62.87', NULL, '162', '44', '0', NULL, '57175'),
('57176', '193052040275', 'PISTOLA XSHOT X12 (ART5765)', NULL, '54', NULL, '35', NULL, NULL, '59', '2024-10-06', '2024-10-06 19:22:34', NULL, '74', '0', '19272', NULL, '0', '70', NULL, NULL, '30900', NULL, NULL, NULL, NULL, '1', NULL, '1', NULL, NULL, NULL, NULL, NULL, '60.34', NULL, '162', '44', '0', NULL, '57176'),
('57177', '193052040152', 'PISTOLA XSHOT X16 (ART6887)', NULL, '54', NULL, '35', NULL, NULL, '59', '2024-10-06', '2024-10-06 19:24:06', NULL, '74', '0', '21792', NULL, '0', '70', NULL, NULL, '34900', NULL, NULL, NULL, NULL, '1', NULL, '2', NULL, NULL, NULL, NULL, NULL, '60.15', NULL, '162', '44', '0', NULL, '57177'),
('57178', '7450077098210', 'SET DE GALLETITAS COOKIES 11 (52558)', NULL, '41', NULL, '35', NULL, NULL, '59', '2024-10-06', '2024-10-06 19:29:57', NULL, '74', '0', '1815', NULL, '0', '70', NULL, NULL, '3500', NULL, NULL, NULL, NULL, '1', NULL, '3', NULL, NULL, NULL, NULL, NULL, '92.84', NULL, '162', '44', '0', NULL, '57178'),
('57179', '7453077210224', 'CUBO MAGICO SPIDERMAN (ART 53686)', NULL, '41', NULL, '35', NULL, NULL, '59', '2024-10-06', '2024-10-06 19:32:19', NULL, '74', '0', '509', NULL, '0', '70', NULL, NULL, '990', NULL, NULL, NULL, NULL, '1', NULL, '8', NULL, NULL, NULL, NULL, NULL, '94.5', NULL, '162', '44', '0', NULL, '57179'),
('57180', '7798310076732', 'BURBUJERO AVENGERS (ART 2673) ', NULL, '47', NULL, '35', NULL, NULL, '59', '2024-10-06', '2024-10-06 19:33:21', NULL, '74', '0', '4703', NULL, '0', '70', NULL, NULL, '7900', NULL, NULL, NULL, NULL, '1', NULL, '6', NULL, NULL, NULL, NULL, NULL, '67.98', NULL, NULL, '44', '0', NULL, '57180'),
('57181', '2020030608395', 'DINOSAURIOS CON HUEVO (ART 2525)', NULL, '41', NULL, '35', NULL, NULL, '59', '2024-10-06', '2024-10-06 19:37:31', NULL, '74', '0', '6038', NULL, '0', '70', NULL, NULL, '9900', NULL, NULL, NULL, NULL, '1', NULL, '4', NULL, NULL, NULL, NULL, NULL, '63.96', NULL, '162', '44', '0', NULL, '57181'),
('57182', '4894166800477', 'DINOSAURIO  VOLADOR C/ALAS Y LUZ (ART 5327)', NULL, NULL, NULL, '35', NULL, NULL, '59', '2024-10-06', '2024-10-06 19:43:24', NULL, '74', '0', '13665', NULL, '0', '70', NULL, NULL, '21900', NULL, NULL, NULL, NULL, '1', NULL, '1', NULL, NULL, NULL, NULL, NULL, '60.26', NULL, '162', '44', '0', NULL, '57182'),
('57183', '4894166169123', 'DINOSAURIO LANZA DADO C/SON Y LUCES (ART 5340)', NULL, '41', NULL, '35', NULL, NULL, '59', '2024-10-06', '2024-10-06 19:45:22', NULL, '74', '0', '30460', NULL, '0', '70', NULL, NULL, '48900', NULL, NULL, NULL, NULL, '1', NULL, '1', NULL, NULL, NULL, NULL, NULL, '60.54', NULL, '162', '44', '0', NULL, '57183'),
('57186', '7797756001131', 'CREA BLOCKS AUXILIO (ART 160) ', NULL, '50', NULL, '35', NULL, NULL, '59', '2024-10-06', '2024-10-06 22:33:18', NULL, '74', '0', '9847', NULL, '0', '70', NULL, NULL, '16900', NULL, NULL, NULL, NULL, '1', NULL, '2', NULL, NULL, NULL, NULL, NULL, '71.63', NULL, '162', '44', '0', NULL, '57186'),
('57187', '7797756001254', 'CREA BLOCKS FOOD TRUCK (ART 159) ', NULL, '50', NULL, '35', NULL, NULL, '59', '2024-10-06', '2024-10-06 22:34:22', NULL, '74', '0', '9847', NULL, '0', '70', NULL, NULL, '16900', NULL, NULL, NULL, NULL, '1', NULL, '2', NULL, NULL, NULL, NULL, NULL, '71.63', NULL, '162', '44', '0', NULL, '57187'),
('57188', '7797756004200', 'JUEGO DIDACTICO JUGANDO CON LETRAS (ART 420)', NULL, '50', NULL, '35', NULL, NULL, '59', '2024-10-06', '2024-10-06 22:38:28', NULL, '74', '0', '7458', NULL, '0', '70', NULL, NULL, '11900', NULL, NULL, NULL, NULL, '1', NULL, '2', NULL, NULL, NULL, NULL, NULL, '59.56', NULL, '162', '44', '0', NULL, '57188'),
('57189', '7797756004040', 'JUEGO DIDACTICO LAS LETRAS (ART 404)', NULL, NULL, NULL, '35', NULL, NULL, NULL, '2024-10-06', '2024-10-06 22:40:05', NULL, '74', '0', '7141', NULL, '0', NULL, NULL, NULL, '11900', NULL, NULL, NULL, NULL, '1', NULL, '2', NULL, NULL, NULL, NULL, NULL, '66.64', NULL, '162', '44', '0', NULL, '57189'),
('57190', '7797756003302', 'JUEGO DIDACTICO LAS VOCALES (ART 330)', NULL, '50', NULL, '35', NULL, NULL, '59', '2024-10-06', '2024-10-06 22:40:53', NULL, '74', '0', '7141', NULL, '0', '70', NULL, NULL, '11900', NULL, NULL, NULL, NULL, '1', NULL, '2', NULL, NULL, NULL, NULL, NULL, '66.64', NULL, '162', '44', '0', NULL, '57190'),
('57191', '7797756002572', 'JUEGO DE MEMORIA ANIMALES 35 FICHAS (ART 257)', NULL, '50', NULL, '35', NULL, NULL, '59', '2024-10-06', '2024-10-06 22:43:12', NULL, '74', '0', '6498', NULL, '0', '70', NULL, NULL, '9900', NULL, NULL, NULL, NULL, '1', NULL, '2', NULL, NULL, NULL, NULL, NULL, '52.35', NULL, '162', '44', '0', NULL, '57191'),
('57192', '7797756003173', 'JUEGO DIDACTICO DONDE SE UBICAN (ART 317)', NULL, '50', NULL, '35', NULL, NULL, '59', '2024-10-06', '2024-10-06 22:44:16', NULL, '74', '0', '7002', NULL, '0', '70', NULL, NULL, '11900', NULL, NULL, NULL, NULL, '1', NULL, '2', NULL, NULL, NULL, NULL, NULL, '69.95', NULL, '162', '44', '0', NULL, '57192'),
('57193', '7797756003340', 'JUEGO DIDACTICO DEL 1 AL 10 (ART 334)', NULL, '50', NULL, '35', NULL, NULL, '59', '2024-10-06', '2024-10-06 22:45:22', NULL, '75', '0', '6400', NULL, '0', '70', NULL, NULL, '11900', NULL, NULL, NULL, NULL, '1', NULL, '2', NULL, NULL, NULL, NULL, NULL, '85.94', NULL, '162', '44', '0', NULL, '57193'),
('57194', '7797756004187', 'JUEGO DIDACTICO DEL 1 L 25  (art 418)', NULL, '50', NULL, '35', NULL, NULL, '59', '2024-10-06', '2024-10-06 22:49:06', NULL, '74', '0', '7458', NULL, '0', '70', NULL, '0', '11900', '0', '0', '0', '0', '0', NULL, '2', NULL, NULL, '0', NULL, '0', '59.56', '0', '162', '44', '0', NULL, '57194'),
('57195', '7797756003142', 'JUEGO DIDACTICO SUMAS Y RESTAS (ART 314) ', NULL, '50', NULL, '35', NULL, NULL, '59', '2024-10-06', '2024-10-06 22:48:20', NULL, '74', '0', '7656', NULL, '0', '70', NULL, NULL, '11900', NULL, NULL, NULL, NULL, '1', NULL, '2', NULL, NULL, NULL, NULL, NULL, '55.43', NULL, '162', '44', '0', NULL, '57195'),
('57196', '7797756002466', 'JUEGO DIDACTICO CONTANDO HASTA 10 (ART 246)', NULL, '50', NULL, '35', NULL, NULL, '59', '2024-10-06', '2024-10-06 22:50:12', NULL, '74', '0', '7656', NULL, '0', '70', NULL, NULL, '11900', NULL, NULL, NULL, NULL, '1', NULL, '2', NULL, NULL, NULL, NULL, NULL, '55.43', NULL, '162', '44', '0', NULL, '57196'),
('57197', '7797756010164', 'PUZZLE UNICORNIOS ', NULL, '50', NULL, '35', NULL, NULL, '59', '2024-10-06', '2024-10-06 22:51:35', NULL, '74', '0', '6560', NULL, '0', '70', NULL, NULL, '9900', NULL, NULL, NULL, NULL, '1', NULL, '2', NULL, NULL, NULL, NULL, NULL, '50.91', NULL, '162', '44', '0', NULL, '57197'),
('57198', '7797756002350', 'JUEGO ESTRATEGIA INCOGNITA (ART 235)', NULL, '50', NULL, '35', NULL, NULL, '59', '2024-10-06', '2024-10-06 22:53:45', NULL, '74', '0', '10137', NULL, '0', '70', NULL, NULL, '15500', NULL, NULL, NULL, NULL, '1', NULL, '2', NULL, NULL, NULL, NULL, NULL, '52.91', NULL, '162', '44', '0', NULL, '57198'),
('57199', '7797756003715', 'SHOW DE MAGIA X 50 TRUCOS ROJO (ART 371)', NULL, '50', NULL, '35', NULL, NULL, '59', '2024-10-06', '2024-10-06 22:55:14', NULL, '74', '0', '12186', NULL, '0', '70', NULL, NULL, '19500', NULL, NULL, NULL, NULL, '1', NULL, '2', NULL, NULL, NULL, NULL, NULL, '60.02', NULL, '162', '44', '0', NULL, '57199'),
('57200', '7798310076046', 'RAINBOW FRIENDS MINI FIGURAS PERFUMADAS (ART 2604)', NULL, '47', NULL, '35', NULL, NULL, '59', '2024-10-06', '2024-10-08 13:46:46', NULL, '74', '0', '8158', NULL, '0', '70', NULL, '0', '12900', '0', '0', '0', '0', '1', NULL, '4', NULL, NULL, '0', NULL, '0', '58.13', '0', '162', '44', '0', '1', '57200'),
('57201', '7798310076824', 'MANDY MINI MUÑECA CON MASCOTA (ART 2682)', NULL, '47', NULL, '35', NULL, NULL, '59', '2024-10-06', '2024-10-06 23:16:47', NULL, '74', '0', '7850', NULL, '0', '70', NULL, NULL, '11900', NULL, NULL, NULL, NULL, '1', NULL, '12', NULL, NULL, NULL, NULL, NULL, '51.59', NULL, '162', '44', '0', NULL, '57201'),
('57202', '7798310071904', 'MINNIE BUBBLE FUN (ART 2190)', NULL, '47', NULL, '35', NULL, NULL, '59', '2024-10-06', '2024-10-06 23:20:55', NULL, '74', '0', '10460', NULL, '0', '70', NULL, NULL, '15900', NULL, NULL, NULL, NULL, '1', NULL, '2', NULL, NULL, NULL, NULL, NULL, '52.01', NULL, '162', '44', '0', NULL, '57202'),
('57203', '7798310076770', 'MANDY MI MASCOTA (ART 2677)', NULL, '47', NULL, '35', NULL, NULL, NULL, '2024-10-06', '2024-10-06 23:22:32', NULL, '74', '0', '16480', NULL, '0', '70', NULL, NULL, '24900', NULL, NULL, NULL, NULL, '1', NULL, '2', NULL, NULL, NULL, NULL, NULL, '51.09', NULL, '162', '44', '0', NULL, '57203'),
('57204', '7794008063541', 'PEPPA PIG MIS PRIMEROS ENCASTRES (ART 6354) ', NULL, '52', NULL, '35', NULL, NULL, '59', '2024-10-06', '2024-10-06 23:24:17', NULL, '74', '0', '4880', NULL, '0', '70', NULL, NULL, '7500', NULL, NULL, NULL, NULL, '1', NULL, '2', NULL, NULL, NULL, NULL, NULL, '53.69', NULL, '162', '44', '0', NULL, '57204'),
('57205', '7797630003114', 'KREKER MIS CURSIVAS (ART 311)', NULL, '41', NULL, '35', NULL, NULL, '59', '2024-10-06', '2024-10-06 23:25:56', NULL, '74', '0', '3570', NULL, '0', '70', NULL, NULL, '5500', NULL, NULL, NULL, NULL, '1', NULL, '1', NULL, NULL, NULL, NULL, NULL, '54.06', NULL, '162', '44', '0', NULL, '57205'),
('57206', '7798428760127', 'MEMORY CIRCULO TWIST (ART IKO655)', NULL, '41', NULL, '35', NULL, NULL, '59', '2024-10-06', '2024-10-06 23:28:01', NULL, '74', '0', '7160', NULL, '0', '70', NULL, NULL, '11900', NULL, NULL, NULL, NULL, '1', NULL, '655', NULL, NULL, NULL, NULL, NULL, '66.2', NULL, '162', '44', '0', NULL, '57206'),
('57207', '7798428760103', 'MEMORY GAME (ART IKO 653) ', NULL, '41', NULL, '35', NULL, NULL, '59', '2024-10-06', '2024-10-06 23:29:49', NULL, '74', '0', '8600', NULL, '0', '70', NULL, NULL, '13900', NULL, NULL, NULL, NULL, '1', NULL, '2', NULL, NULL, NULL, NULL, NULL, '61.63', NULL, '162', '44', '0', NULL, '57207'),
('57208', '7798428760110', 'MEMORY GAME JOYSTICK (ART IKO654)', NULL, '41', NULL, '35', NULL, NULL, '59', '2024-10-06', '2024-10-06 23:31:24', NULL, '74', '0', '13602', NULL, '0', '70', NULL, NULL, '21900', NULL, NULL, NULL, NULL, '1', NULL, '4', NULL, NULL, NULL, NULL, NULL, '61.01', NULL, '162', '44', '0', NULL, '57208'),
('57209', '7798310071577', 'MASTER ZKOR GAME (ART 2157)', NULL, '47', NULL, '35', NULL, NULL, '59', '2024-10-06', '2024-10-06 23:33:56', NULL, '74', '0', '32420', NULL, '0', '70', NULL, NULL, '48900', NULL, NULL, NULL, NULL, '1', NULL, '3', NULL, NULL, NULL, NULL, NULL, '50.83', NULL, '162', '44', '0', NULL, '57209'),
('57210', '7794008222245', 'ARIEL PRINCESS DISNEY (ART 222224)', NULL, '52', NULL, '35', NULL, NULL, '59', '2024-10-06', '2024-10-06 23:36:51', NULL, '74', '0', '36620', NULL, '0', '70', NULL, NULL, '54900', NULL, NULL, NULL, NULL, '1', NULL, '1', NULL, NULL, NULL, NULL, NULL, '49.92', NULL, '162', '44', '0', NULL, '57210'),
('57211', '5010993873852', 'CARA DE PAPA (ART 3244/3245)', NULL, '41', NULL, '35', NULL, '5010993873869', '59', '2024-10-06', '2024-10-06 23:38:50', NULL, '74', '0', '34970', NULL, '0', '70', NULL, NULL, '52900', NULL, NULL, NULL, NULL, '1', NULL, '2', NULL, NULL, NULL, NULL, NULL, '51.27', NULL, '162', '44', '0', NULL, '57211'),
('57212', '7798310073748', 'LULY GATEA ', NULL, '47', NULL, '35', NULL, NULL, '59', '2024-10-06', '2024-10-06 23:40:30', NULL, '74', '0', '15250', NULL, '0', '70', NULL, NULL, '23900', NULL, NULL, NULL, NULL, '1', NULL, '2', NULL, NULL, NULL, NULL, NULL, '56.72', NULL, '162', '44', '0', NULL, '57212'),
('57213', '6592451869342', 'MICROSCOPIO (aRT 2404) ', NULL, '41', NULL, '35', NULL, NULL, '59', '2024-10-06', '2024-10-06 23:42:18', NULL, '74', '0', '44934', NULL, '0', '70', NULL, NULL, '69900', NULL, NULL, NULL, NULL, '1', NULL, '3', NULL, NULL, NULL, NULL, NULL, '55.56', NULL, '162', '44', '0', NULL, '57213'),
('57214', '7798310075766', 'ROBOT CAN LATA TRANSFORMER (ART 2576)', NULL, '47', NULL, '35', NULL, NULL, '59', '2024-10-06', '2024-10-06 23:44:02', NULL, '74', '0', '14440', NULL, '0', '70', NULL, NULL, '21900', NULL, NULL, NULL, NULL, '1', NULL, '2', NULL, NULL, NULL, NULL, NULL, '51.66', NULL, '162', '44', '0', NULL, '57214'),
('57215', '7798310074462', 'CONSTRUCTION TRUCK CONVERTIBLE (ART 2446)', NULL, '47', NULL, '35', NULL, NULL, '59', '2024-10-06', '2024-10-06 23:46:04', NULL, '74', '0', '17110', NULL, '0', '70', NULL, NULL, '25900', NULL, NULL, NULL, NULL, '1', NULL, '2', NULL, NULL, NULL, NULL, NULL, '51.37', NULL, '162', '44', '0', NULL, '57215'),
('57216', '6920485580801', 'TRANSFORMER JUSTICE HERO (ART 6078B-1)', NULL, '41', NULL, '35', NULL, NULL, '59', '2024-10-06', '2024-10-06 23:47:40', NULL, '74', '0', '17290', NULL, '0', NULL, NULL, NULL, '25900', NULL, NULL, NULL, NULL, '1', NULL, '2', NULL, NULL, NULL, NULL, NULL, '49.8', NULL, '162', '44', '0', NULL, '57216'),
('57217', '7798310076589', 'SPIDERMAN AUTO CONTROL (aRT 2658)', NULL, '47', NULL, '35', NULL, NULL, '59', '2024-10-06', '2024-10-06 23:49:25', NULL, '74', '0', '15700', NULL, '0', '70', NULL, NULL, '23900', NULL, NULL, NULL, NULL, '1', NULL, '2', NULL, NULL, NULL, NULL, NULL, '52.23', NULL, '162', '44', '0', NULL, '57217'),
('57218', '7798428760820', 'MAGNETIC BLOQUES (110 PIEZAS) ART 003', NULL, '41', NULL, '35', NULL, NULL, '59', '2024-10-06', '2024-10-06 23:51:17', NULL, '74', '0', '21480', NULL, '0', '70', NULL, NULL, '32500', NULL, NULL, NULL, NULL, '1', NULL, '3', NULL, NULL, NULL, NULL, NULL, '51.3', NULL, NULL, '44', '0', NULL, '57218'),
('57219', '7798428760813', 'MAGNETIC BLOQUES 72 PIEZAS (ART 002)', NULL, '41', NULL, '35', NULL, NULL, '59', '2024-10-06', '2024-10-06 23:52:37', NULL, '74', '0', '15750', NULL, '0', '70', NULL, NULL, '23900', NULL, NULL, NULL, NULL, '1', NULL, '4', NULL, NULL, NULL, NULL, NULL, '51.75', NULL, '162', '44', '0', NULL, '57219'),
('57220', '7450077098692', 'TRUCK CAMION A FRICCION C/ 6 AUTOS (art 54426)', NULL, '41', NULL, '35', NULL, NULL, '59', '2024-10-06', '2024-10-06 23:54:30', NULL, '74', '0', '11100', NULL, '0', '70', NULL, NULL, '16900', NULL, NULL, NULL, NULL, '1', NULL, '2', NULL, NULL, NULL, NULL, NULL, '52.25', NULL, '162', '44', '0', NULL, '57220'),
('57221', '672552411605', 'MARS CONVERTIBLE ROBOT DINO (ART 4118/4233) ', NULL, '41', NULL, '35', NULL, '672552413302', '59', '2024-10-06', '2024-10-06 23:56:09', NULL, '74', '0', '24780', NULL, '0', '70', NULL, NULL, '37900', NULL, NULL, NULL, NULL, '1', NULL, '2', NULL, NULL, NULL, NULL, NULL, '52.95', NULL, '162', '44', '0', NULL, '57221'),
('57222', '6503309199689', 'DINO SPECIAL MISSION ADVENTURE (ART 7730A)', NULL, '41', NULL, '35', NULL, NULL, '59', '2024-10-06', '2024-10-06 23:58:07', NULL, '74', '0', '21300', NULL, '0', '70', NULL, NULL, '34500', NULL, NULL, NULL, NULL, '1', NULL, '1', NULL, NULL, NULL, NULL, NULL, '61.97', NULL, '162', '44', '0', NULL, '57222'),
('57223', '7797161030351', 'ANDARIN MOTO R1 ROJA (ART 3035)', NULL, '45', NULL, '35', NULL, NULL, '59', '2024-10-07', '2024-10-07 16:37:22', NULL, '74', '0', '37560', NULL, '0', '70', NULL, '0', '59900', '0', '0', '0', '0', '0', NULL, '1', NULL, NULL, '0', NULL, '0', '59.48', '0', '162', '44', '0', NULL, '57223'),
('57224', '7797161030351', 'ANDARIN MOTO R1 ROJA (ART 3035)', NULL, '45', NULL, '35', NULL, NULL, '59', '2024-10-07', '2024-10-07 16:35:56', NULL, '74', '0', '37560', NULL, '0', '70', NULL, '0', '59900', '0', '0', NULL, NULL, NULL, NULL, '1', NULL, NULL, '0', NULL, NULL, '59.48', NULL, NULL, '44', '0', NULL, '57224'),
('57225', '7797161030795', 'COCINA PICOLA (ART 3079)', NULL, '45', NULL, '35', NULL, NULL, '59', '2024-10-07', '2024-10-07 16:39:05', NULL, '74', '0', '33786', NULL, '0', '70', NULL, NULL, '53900', NULL, NULL, NULL, NULL, '1', NULL, '1', NULL, NULL, NULL, NULL, NULL, '59.53', NULL, '162', '44', '0', NULL, '57225'),
('57226', '7797161030986', 'TOCADOR FASHION SET (ART 3098)', NULL, '45', NULL, '35', NULL, NULL, NULL, '2024-10-07', '2024-10-07 16:40:37', NULL, '74', '0', '38135', NULL, '0', '70', NULL, NULL, '59900', NULL, NULL, NULL, NULL, '1', NULL, '1', NULL, NULL, NULL, NULL, NULL, '57.07', NULL, NULL, '44', '0', NULL, '57226'),
('57227', '7792435004120', 'BANCO DE HERRAMIENTAS C/CASCO (ART412)', NULL, '44', NULL, '35', NULL, NULL, NULL, '2024-10-07', '2024-10-07 16:45:16', NULL, '74', '0', '15407', NULL, '0', '70', NULL, NULL, '24900', NULL, NULL, NULL, NULL, '1', NULL, '2', NULL, NULL, NULL, NULL, NULL, '61.61', NULL, '162', '44', '0', NULL, '57227'),
('57228', '7797161032508', 'ANDARIN 2 EN 1 MAXI TOP (ART3250)', NULL, '45', NULL, NULL, NULL, NULL, '59', '2024-10-07', '2024-10-07 16:46:39', NULL, '74', '0', '37500', NULL, '0', '70', NULL, NULL, '59900', NULL, NULL, NULL, NULL, '1', NULL, '1', NULL, NULL, NULL, NULL, NULL, '59.73', NULL, NULL, '44', '0', NULL, '57228'),
('57229', '7797161030436', 'ANDARIN ELEFANTE AZUL(ART 3043)', NULL, '45', NULL, NULL, NULL, NULL, '59', '2024-10-07', '2024-10-07 16:49:38', NULL, '74', '0', '29807', NULL, '0', '70', NULL, NULL, '44900', NULL, NULL, NULL, NULL, '1', NULL, '1', NULL, NULL, NULL, NULL, NULL, '50.64', NULL, NULL, '44', '0', NULL, '57229'),
('57230', '7797161030443', 'ANDARIN ELEFANTE ROSA (ART 3044)', NULL, '45', NULL, '35', NULL, NULL, '59', '2024-10-07', '2024-10-07 16:51:45', NULL, '74', '0', '29807', NULL, '0', '70', NULL, '0', '44900', '0', '0', '0', '0', '1', NULL, '1', NULL, NULL, '0', NULL, '0', '50.64', '0', '162', '44', '0', NULL, '57230'),
('57231', '7797161070029', 'PARKING 4 NIVELES (ART 7002)', NULL, '45', NULL, '35', NULL, NULL, '59', '2024-10-07', '2024-10-07 16:53:17', NULL, '74', '0', '41170', NULL, '0', '70', NULL, NULL, '59900', NULL, NULL, NULL, NULL, '1', NULL, '1', NULL, NULL, NULL, NULL, NULL, '45.49', NULL, '162', '44', '0', NULL, '57231'),
('57232', '7797161070012', 'PARKING 5 NIVELES (ART 7001)', NULL, '45', NULL, '35', NULL, NULL, '59', '2024-10-07', '2024-10-07 16:54:50', NULL, '74', '0', '44165', NULL, '0', '70', NULL, NULL, '67900', NULL, NULL, NULL, NULL, '1', NULL, '1', NULL, NULL, NULL, NULL, NULL, '53.74', NULL, '162', '44', '0', NULL, '57232'),
('57233', '7792435006117', 'MI COCINA (ART 611)', NULL, '44', NULL, '35', NULL, NULL, '59', '2024-10-07', '2024-10-07 16:56:03', NULL, '74', '0', '24263', NULL, '0', '70', NULL, NULL, '39900', NULL, NULL, NULL, NULL, '1', NULL, '2', NULL, NULL, NULL, NULL, NULL, '64.45', NULL, '162', '44', '0', NULL, '57233'),
('57234', '7797161033000', 'COCINA MAGIC (ART 3300)', NULL, '45', NULL, '35', NULL, NULL, '59', '2024-10-07', '2024-10-07 16:58:00', NULL, '74', '0', '40857', NULL, '0', '70', NULL, NULL, '59900', NULL, NULL, NULL, NULL, '1', NULL, '1', NULL, NULL, NULL, NULL, NULL, '46.61', NULL, '162', '44', '0', NULL, '57234'),
('57235', '7797336006228', 'BLOCKY FUTBOL 2 (ART 622)', NULL, '55', NULL, '35', NULL, NULL, '59', '2024-10-07', '2024-10-07 17:03:01', NULL, '74', '0', '29030', NULL, '0', '70', NULL, NULL, '42900', NULL, NULL, NULL, NULL, '1', NULL, '2', NULL, NULL, NULL, NULL, NULL, '47.78', NULL, '162', '44', '0', NULL, '57235'),
('57236', '7797336006167', 'BLOCKY FANTASIA (ART 616)', NULL, '55', NULL, '35', NULL, NULL, '59', '2024-10-07', '2024-10-07 17:04:02', NULL, '74', '0', '14127', NULL, '0', '70', NULL, NULL, '22500', NULL, NULL, NULL, NULL, '1', NULL, '2', NULL, NULL, NULL, NULL, NULL, '59.27', NULL, '162', '44', '0', NULL, '57236'),
('57237', '7797336006723', 'BLOCKY SUPER POLICIAS  290 PIEZAS ( ART 672)', NULL, '55', NULL, '35', NULL, NULL, '59', '2024-10-07', '2024-10-07 21:21:41', NULL, '74', '0', '36536', NULL, '0', '70', NULL, '0', '54900', '0', '0', '0', '0', '0', NULL, '1', NULL, NULL, '0', NULL, '0', '50.26', '0', '162', '44', '0', '1', '57237'),
('57238', '7797336006396', 'BLOCKY PIRATA BARCO X 290 PCS (639)', NULL, '55', NULL, '35', NULL, NULL, '59', '2024-10-07', '2024-10-07 17:13:09', NULL, '74', '0', '31817', NULL, '0', '70', NULL, NULL, '49900', NULL, NULL, NULL, NULL, '1', NULL, '1', NULL, NULL, NULL, NULL, NULL, '56.83', NULL, '162', '44', '0', NULL, '57238'),
('57239', '7797336006792', 'BLOCKY DINOSAURIOS 260PZAS (ART 679)', NULL, '55', NULL, '35', NULL, NULL, '59', '2024-10-07', '2024-10-07 17:14:52', NULL, '74', '0', '32660', NULL, '0', '70', NULL, NULL, '49900', NULL, NULL, NULL, NULL, '1', NULL, '1', NULL, NULL, NULL, NULL, NULL, '52.79', NULL, '162', '44', '0', NULL, '57239'),
('57240', '7797336006891', 'BLOCKY X-PLORER COHETE  (ART 689)', NULL, '55', NULL, '35', NULL, NULL, '59', '2024-10-07', '2024-10-07 17:16:30', NULL, '74', '0', '30964', NULL, '0', '70', NULL, NULL, '49900', NULL, NULL, NULL, NULL, '1', NULL, '1', NULL, NULL, NULL, NULL, NULL, '61.15', NULL, '162', '44', '0', NULL, '57240'),
('57241', '7797336006952', 'BLOCKY MINI POLICIA 44PZAS (ART 01-0695)', NULL, '55', NULL, '35', NULL, NULL, '59', '2024-10-07', '2024-10-07 21:30:42', NULL, '74', '0', '4108', NULL, '0', '70', NULL, '0', '6900', '0', '0', '0', '0', '1', NULL, '2', NULL, NULL, '0', NULL, '0', '67.96', '0', '162', '44', '0', NULL, '57241'),
('57242', '7797336006945', 'BLOCKY MINI BOMBERO 44PZAS (ART01-0694)', NULL, '55', NULL, '35', NULL, NULL, '59', '2024-10-07', '2024-10-07 21:32:09', NULL, '74', '0', '4108', NULL, '0', '70', NULL, NULL, '6900', NULL, NULL, NULL, NULL, '1', NULL, '2', NULL, NULL, NULL, NULL, NULL, '67.96', NULL, '162', '44', '0', NULL, '57242'),
('57243', '7797336006969', 'BLOCKY MINI FANTASIAS 36PZAS(ART 01-0696)', NULL, '55', NULL, '35', NULL, NULL, '59', '2024-10-07', '2024-10-07 21:33:32', NULL, '74', '0', '4108', NULL, '0', '70', NULL, NULL, '6900', NULL, NULL, NULL, NULL, '1', NULL, '2', NULL, NULL, NULL, NULL, NULL, '67.96', NULL, '162', '44', '0', NULL, '57243'),
('57244', '7797336006938', 'BLOCKY MINI DINOS 43PZAS(ART 01-0693)', NULL, '55', NULL, '35', NULL, NULL, '59', '2024-10-07', '2024-10-07 21:34:41', NULL, '74', '0', '4108', NULL, '0', '70', NULL, NULL, '6900', NULL, NULL, NULL, NULL, '1', NULL, '2', NULL, NULL, NULL, NULL, NULL, '67.96', NULL, '162', '44', '0', NULL, '57244'),
('57245', '7797336007515', 'ARMATRON FASE 2 120PZAS (ART751)', NULL, '55', NULL, '35', NULL, NULL, '59', '2024-10-07', '2024-10-07 21:40:40', NULL, '74', '0', '17394', NULL, '0', '70', NULL, '0', '27900', '0', '0', '0', '0', '0', NULL, '2', NULL, NULL, '0', NULL, '0', '60.4', '0', '162', '44', '0', NULL, '57245'),
('57246', '7797336006112', 'BLOCKY BALDE BASICO3  200PZAS (ART 611)', NULL, '55', NULL, '35', NULL, NULL, '59', '2024-10-07', '2024-10-07 21:40:07', NULL, '74', '0', '26245', NULL, '0', '70', NULL, NULL, '41900', NULL, NULL, NULL, NULL, '1', NULL, '1', NULL, NULL, NULL, NULL, NULL, '59.65', NULL, '162', '44', '0', NULL, '57246'),
('57247', '7797336006143', 'BLOCKY BALDE BASICO3 210PZAS (ART 614)', NULL, '55', NULL, '35', NULL, NULL, '59', '2024-10-07', '2024-10-07 21:42:42', NULL, '74', '0', '26245', NULL, '0', '70', NULL, NULL, '41900', NULL, NULL, NULL, NULL, '1', NULL, '1', NULL, NULL, NULL, NULL, NULL, '59.65', NULL, '162', '44', '0', NULL, '57247'),
('57248', '7797336010089', 'RASTI KIT BASICAS 100PZAS (ART1008)', NULL, '55', NULL, '35', NULL, NULL, '59', '2024-10-07', '2024-10-07 21:44:44', NULL, '74', '0', '11967', NULL, '0', '70', NULL, NULL, '19900', NULL, NULL, NULL, NULL, '1', NULL, '3', NULL, NULL, NULL, NULL, NULL, '66.29', NULL, '162', '44', '0', NULL, '57248'),
('57249', '7797336030575', 'CRICO SELVA (ART 3057)', NULL, '55', NULL, '35', NULL, NULL, '59', '2024-10-07', '2024-10-07 21:47:00', NULL, '74', '0', '23630', NULL, '0', '70', NULL, NULL, '39900', NULL, NULL, NULL, NULL, '1', NULL, '1', NULL, NULL, NULL, NULL, NULL, '68.85', NULL, '162', '44', '0', NULL, '57249'),
('57250', '7797336020064', 'FLOKYS LOLA (ART2006)', NULL, '55', NULL, '35', NULL, NULL, '59', '2024-10-07', '2024-10-07 21:49:07', NULL, '74', '0', '4586', NULL, '0', '70', NULL, NULL, '6900', NULL, NULL, NULL, NULL, '1', NULL, '1', NULL, NULL, NULL, NULL, NULL, '50.46', NULL, '162', '44', '0', NULL, '57250'),
('57251', '7797336020071', 'FLOKYS VETERINARIA RENATA (ART2007)', NULL, '55', NULL, '35', NULL, NULL, NULL, '2024-10-07', '2024-10-07 21:50:37', NULL, '74', '0', '4586', NULL, '0', '70', NULL, NULL, '6900', NULL, NULL, NULL, NULL, '1', NULL, '2', NULL, NULL, NULL, NULL, NULL, '50.46', NULL, '162', '44', '0', NULL, '57251'),
('57252', '7797336020026', 'FLOKYS ATAHUALPA (ART 2002)', NULL, '55', NULL, '35', NULL, NULL, '59', '2024-10-07', '2024-10-07 21:53:28', NULL, '74', '0', '4586', NULL, '0', '70', NULL, NULL, '6900', NULL, NULL, NULL, NULL, '1', NULL, '3', NULL, NULL, NULL, NULL, NULL, '50.46', NULL, '162', '44', '0', NULL, '57252'),
('57253', '7794008032936', 'BOWLING SUPER HERO (ART3293)', NULL, '52', NULL, '35', NULL, NULL, '59', '2024-10-07', '2024-10-07 22:02:05', NULL, '74', '0', '12910', NULL, '0', '70', NULL, NULL, '21900', NULL, NULL, NULL, NULL, '1', NULL, '2', NULL, NULL, NULL, NULL, NULL, '69.64', NULL, '162', '44', '0', NULL, '57253'),
('57254', '7798347081723', 'SET DINOSAURIOS X3 (ART 7095)', NULL, '41', NULL, '35', NULL, NULL, '59', '2024-10-07', '2024-10-07 22:03:56', NULL, '74', '0', '13268', NULL, '0', '70', NULL, NULL, '21900', NULL, NULL, NULL, NULL, '1', NULL, '3', NULL, NULL, NULL, NULL, NULL, '65.06', NULL, '162', '44', '0', NULL, '57254'),
('57255', '6592451878184', 'MICROSCOPIO KIT DESCUBRIMIENTO (ART2402)', NULL, '41', NULL, '35', NULL, NULL, '59', '2024-10-07', '2024-10-07 22:06:00', NULL, '74', '0', '26280', NULL, '0', '70', NULL, NULL, '42900', NULL, NULL, NULL, NULL, '1', NULL, '2', NULL, NULL, NULL, NULL, NULL, '63.24', NULL, '162', '44', '0', NULL, '57255'),
('57256', '4894166169024', 'DINOSAURIOS DRAGONES A CDA (ART5325)', NULL, '41', NULL, '35', NULL, NULL, '59', '2024-10-07', '2024-10-07 22:09:26', NULL, '74', '0', '4700', NULL, '0', '70', NULL, NULL, '7500', NULL, NULL, NULL, NULL, '1', NULL, '6', NULL, NULL, NULL, NULL, NULL, '59.57', NULL, '162', '44', '0', NULL, '57256'),
('57257', '7450077095837', 'CUBO MAGICO SPIDERMAN (ART53685)', NULL, '41', NULL, '35', NULL, NULL, '59', '2024-10-07', '2024-10-07 22:12:14', NULL, '74', '0', '1393', NULL, '0', '70', NULL, NULL, '2500', NULL, NULL, NULL, NULL, '1', NULL, '3', NULL, NULL, NULL, NULL, NULL, '79.47', NULL, '162', '44', '0', NULL, '57257'),
('57258', '7798393869894', 'CUBO MAGICO OCTAGONAL (ART 0633)', NULL, '41', NULL, '35', NULL, NULL, '59', '2024-10-07', '2024-10-07 22:15:28', NULL, '74', '0', '6802', NULL, '0', '70', NULL, NULL, '10900', NULL, NULL, NULL, NULL, '1', NULL, '3', NULL, NULL, NULL, NULL, NULL, '60.25', NULL, '162', '44', '0', NULL, '57258'),
('57259', '7798428760011', 'CUBO MAGICO CLASICO (ART0644)', NULL, '41', NULL, '35', NULL, NULL, '59', '2024-10-07', '2024-10-07 22:17:17', NULL, '74', '0', '4296', NULL, '0', '70', NULL, NULL, '6900', NULL, NULL, NULL, NULL, '1', NULL, '3', NULL, NULL, NULL, NULL, NULL, '60.61', NULL, '162', '44', '0', NULL, '57259'),
('57260', '7798393869887', 'CUBO MAGICO BALL (ART 632)', NULL, '41', NULL, '35', NULL, NULL, '59', '2024-10-07', '2024-10-07 22:18:58', NULL, '74', '0', '5011', NULL, '0', '70', NULL, NULL, '7900', NULL, NULL, NULL, NULL, '1', NULL, '3', NULL, NULL, NULL, NULL, NULL, '57.65', NULL, '162', '44', '0', NULL, '57260'),
('57261', '7794008073304', 'PUZZLE PRINCESAS 120 PZAS(ART 7330)', NULL, '52', NULL, '35', NULL, NULL, '59', '2024-10-07', '2024-10-07 22:37:33', NULL, '74', '0', '7041', NULL, '0', '70', NULL, NULL, '11900', NULL, NULL, NULL, NULL, '1', NULL, '2', NULL, NULL, NULL, NULL, NULL, '69.01', NULL, '162', '44', '0', NULL, '57261'),
('57262', '7794008034428', 'PUZZLE AVENGERS 500PZAS (ART3442', NULL, '52', NULL, '35', NULL, NULL, '59', '2024-10-07', '2024-10-07 22:39:08', NULL, '74', '0', '10562', NULL, '0', '70', NULL, NULL, '17900', NULL, NULL, NULL, NULL, '1', NULL, '2', NULL, NULL, NULL, NULL, NULL, '69.48', NULL, '162', '44', '0', NULL, '57262'),
('57263', '5050841743418', 'TEAMSTERZ BEAST MACHINES (ART 14152)', NULL, '41', NULL, '35', NULL, NULL, '59', '2024-10-07', '2024-10-07 22:41:25', NULL, '74', '0', '19360', NULL, '0', '70', NULL, NULL, '29900', NULL, NULL, NULL, NULL, '1', NULL, '3', NULL, NULL, NULL, NULL, NULL, '54.44', NULL, '162', '44', '0', NULL, '57263'),
('57264', '7450077092447', 'SPIDERMAN CAMION A FRICCION (ART 54376)', NULL, NULL, NULL, '32', NULL, NULL, '59', '2024-10-07', '2024-10-07 22:44:46', NULL, '74', '0', '3872', NULL, '0', '70', NULL, NULL, '6900', NULL, NULL, NULL, NULL, '1', NULL, '4', NULL, NULL, NULL, NULL, NULL, '78.2', NULL, '162', '44', '0', NULL, '57264'),
('57265', '7453105003026', 'AVENGERS CAMION CHICO A FRICCION', NULL, '56', NULL, '35', NULL, NULL, '59', '2024-10-07', '2024-10-07 22:48:08', NULL, '74', '0', '5082', NULL, '0', '70', NULL, NULL, '8900', NULL, NULL, NULL, NULL, '1', NULL, '4', NULL, NULL, NULL, NULL, NULL, '75.13', NULL, '162', '44', '0', NULL, '57265'),
('57266', '92626440384', 'ANOTADOR STAR WARS', NULL, '41', NULL, '33', NULL, NULL, '59', '2024-10-07', '2024-10-08 13:45:48', NULL, '74', '0', '2895', NULL, '0', '70', NULL, '0', '4900', '0', '0', '0', '0', '1', NULL, '4', NULL, NULL, '0', NULL, '0', '69.26', '0', '162', '44', '0', '1', '57266'),
('57267', '5860008003435', 'CAMION CON CUATRICICLO', NULL, '41', NULL, '35', NULL, NULL, '59', '2024-10-07', '2024-10-07 22:54:29', NULL, '74', '0', '3267', NULL, '0', '70', NULL, NULL, '6900', NULL, NULL, NULL, NULL, '1', NULL, '1', NULL, NULL, NULL, NULL, NULL, '111.2', NULL, '162', '44', '0', NULL, '57267'),
('57268', '5260008003488', 'CAMION CON MOTO (ART 15181)', NULL, '41', NULL, '35', NULL, NULL, '59', '2024-10-07', '2024-10-07 22:55:46', NULL, '74', '0', '3267', NULL, '0', '70', NULL, NULL, '6900', NULL, NULL, NULL, NULL, '1', NULL, '1', NULL, NULL, NULL, NULL, NULL, '111.2', NULL, '162', '44', '0', NULL, '57268'),
('57269', '7798310076114', 'SPIRDEMAN DARDOS (ART 2611)', NULL, '47', NULL, '35', NULL, NULL, '59', '2024-10-07', '2024-10-07 23:00:02', NULL, '74', '0', '14911', NULL, '0', '70', NULL, NULL, '23900', NULL, NULL, NULL, NULL, '1', NULL, '2', NULL, NULL, NULL, NULL, NULL, '60.28', NULL, '162', '44', '0', NULL, '57269'),
('57270', '7798310071560', 'ZKOR GAME (ART 2156)', NULL, '47', NULL, '35', NULL, NULL, '59', '2024-10-07', '2024-10-07 23:01:43', NULL, '74', '0', '16246', NULL, '0', '70', NULL, NULL, '25900', NULL, NULL, NULL, NULL, '1', NULL, '6', NULL, NULL, NULL, NULL, NULL, '59.42', NULL, '162', '44', '0', NULL, '57270'),
('57271', '7798010071495', 'DOGGY ATTACK (ART 2149)', NULL, '47', NULL, '35', NULL, NULL, '59', '2024-10-07', '2024-10-07 23:03:24', NULL, '74', '0', '13262', NULL, '0', '70', NULL, NULL, '21900', NULL, NULL, NULL, NULL, '1', NULL, '2', NULL, NULL, NULL, NULL, NULL, '65.13', NULL, '162', '44', '0', NULL, '57271'),
('57272', '7798310074172', 'SPUNKY ATTACK (ART 2417)', NULL, '47', NULL, '35', NULL, NULL, '59', '2024-10-07', '2024-10-07 23:04:26', NULL, '74', '0', '12163', NULL, '0', NULL, NULL, NULL, '21900', NULL, NULL, NULL, NULL, '1', NULL, '2', NULL, NULL, NULL, NULL, NULL, '80.05', NULL, '162', '44', '0', NULL, '57272'),
('57273', '7798310075773', 'CURLING GAME - JUEGO DE TECNICA (ART 2577)', NULL, '47', NULL, '35', NULL, NULL, '59', '2024-10-07', '2024-10-07 23:05:56', NULL, '74', '0', '18836', NULL, '0', '70', NULL, NULL, '30500', NULL, NULL, NULL, NULL, '1', NULL, '2', NULL, NULL, NULL, NULL, NULL, '61.92', NULL, '162', '44', '0', NULL, '57273'),
('57274', '7798310076329', 'PIZARRA MAGICA CARD (ART 2632)', NULL, '47', NULL, '35', NULL, NULL, '59', '2024-10-07', '2024-10-07 23:07:48', NULL, '74', '0', '7845', NULL, '0', '70', NULL, NULL, '11900', NULL, NULL, NULL, NULL, '1', NULL, '2', NULL, NULL, NULL, NULL, NULL, '51.69', NULL, '162', '44', '0', NULL, '57274'),
('57275', '7798310077487', 'JUMP BALL (ART 2748)', NULL, '47', NULL, '35', NULL, NULL, '59', '2024-10-07', '2024-10-07 23:08:56', NULL, '74', '0', '19623', NULL, '0', '70', NULL, NULL, '31900', NULL, NULL, NULL, NULL, '1', NULL, '2', NULL, NULL, NULL, NULL, NULL, '62.56', NULL, '162', '44', '0', NULL, '57275'),
('57276', '6386036029135', 'CUATRICICLO CON PILOTO (ART 15582)', NULL, '41', NULL, '32', NULL, NULL, '59', '2024-10-07', '2024-10-07 23:11:31', NULL, '74', '0', '2178', NULL, '0', '70', NULL, NULL, '4900', NULL, NULL, NULL, NULL, '1', NULL, '4', NULL, NULL, NULL, NULL, NULL, '124.98', NULL, '162', '44', '0', NULL, '57276'),
('57277', '7798310074691', 'SPIDERMAN TARGET BALLS (ART 2479)', NULL, '47', NULL, '35', NULL, NULL, '59', '2024-10-07', '2024-10-07 23:13:09', NULL, '74', '0', '8080', NULL, '0', '70', NULL, NULL, '12900', NULL, NULL, NULL, NULL, '1', NULL, '2', NULL, NULL, NULL, NULL, NULL, '59.65', NULL, '162', '44', '0', NULL, '57277'),
('57278', '7794635045286', 'JUEGO DE MAGIA N° 4 (ART 4516)', NULL, '51', NULL, '35', NULL, NULL, '59', '2024-10-07', '2024-10-07 23:16:26', NULL, '74', '0', '7744', NULL, '0', '70', NULL, NULL, '12900', NULL, NULL, NULL, NULL, '1', NULL, '1', NULL, NULL, NULL, NULL, NULL, '66.58', NULL, '162', '44', '0', NULL, '57278'),
('57279', '7794635045224', 'JUEGO DE MAGIA N° 2 (ART 4512)', NULL, '51', NULL, '35', NULL, NULL, '59', '2024-10-07', '2024-10-07 23:17:43', NULL, '74', '0', '7744', NULL, '0', '70', NULL, NULL, '12900', NULL, NULL, NULL, NULL, NULL, NULL, '1', NULL, NULL, NULL, NULL, NULL, '66.58', NULL, '162', '44', '0', NULL, '57279'),
('57280', '7794635074507', 'EL PRESO (ART 7450)', NULL, '51', NULL, '35', NULL, NULL, '59', '2024-10-07', '2024-10-07 23:19:06', NULL, '74', '0', '12100', NULL, '0', '70', NULL, NULL, '19900', NULL, NULL, NULL, NULL, '1', NULL, '2', NULL, NULL, NULL, NULL, NULL, '64.46', NULL, '162', '44', '0', NULL, '57280'),
('57281', '7794635012516', 'RAPIGRAMA CLUB (ART1251)', NULL, '51', NULL, '35', NULL, NULL, '59', '2024-10-07', '2024-10-07 23:20:58', NULL, '74', '0', '16214', NULL, '0', '70', NULL, NULL, '25900', NULL, NULL, NULL, NULL, '1', NULL, '2', NULL, NULL, NULL, NULL, NULL, '59.74', NULL, '162', '44', '0', NULL, '57281'),
('57282', '7794635007505', 'LA VALIJA DEL MAGO (ART H800)', NULL, '51', NULL, '35', NULL, NULL, '59', '2024-10-07', '2024-10-07 23:23:17', NULL, '74', '0', '19844', NULL, '0', '70', NULL, NULL, '32000', NULL, NULL, NULL, NULL, '1', NULL, '2', NULL, NULL, NULL, NULL, NULL, '61.26', NULL, '162', '44', '0', NULL, '57282'),
('57283', '7898300574832', 'IVECO DAILY (ART IKUSUAL51)', NULL, '41', NULL, '35', NULL, NULL, '59', '2024-10-08', '2024-10-08 11:38:42', NULL, '74', '0', '28295', NULL, '0', '70', NULL, NULL, '45900', NULL, NULL, NULL, NULL, '1', NULL, '2', NULL, NULL, NULL, NULL, NULL, '62.22', NULL, '162', '44', '0', NULL, '57283'),
('57284', '7798090283399', 'BINGO METALICO (ART 9925)', NULL, '41', NULL, '35', NULL, NULL, '59', '2024-10-08', '2024-10-08 11:50:33', NULL, '74', '0', '29030', NULL, '0', '70', NULL, '0', '46900', '0', '0', '0', '0', '0', NULL, '1', NULL, NULL, '0', NULL, '0', '61.56', '0', '162', '44', '0', NULL, '57284'),
('57285', '7798155605302', 'QUE CARA (ART 530)', NULL, '57', NULL, '35', NULL, NULL, '59', '2024-10-08', '2024-10-08 11:56:14', NULL, '74', '0', '2312', NULL, '0', '70', NULL, '0', '3600', '0', '0', '0', '0', '0', NULL, '4', NULL, NULL, '0', NULL, '0', '55.71', '0', '162', '44', '0', NULL, '57285'),
('57286', '7798155600024', 'JUEGO TE CONOZCO ART(107)', NULL, '57', NULL, '35', NULL, NULL, '59', '2024-10-08', '2024-10-08 11:55:28', NULL, '74', '0', '8182', NULL, '0', '70', NULL, '0', '13500', '0', '0', '0', '0', '0', NULL, '2', NULL, NULL, '0', NULL, '0', '65', '0', NULL, '44', '0', NULL, '57286'),
('57287', '7798155606118', 'CAJITA DIBUJALO (ART 607/611)', NULL, '57', NULL, '35', NULL, NULL, '59', '2024-10-08', '2024-10-08 11:58:08', NULL, '74', '0', '6878', NULL, '0', NULL, NULL, NULL, '11900', NULL, NULL, NULL, NULL, '1', NULL, '2', NULL, NULL, NULL, NULL, NULL, '73.02', NULL, '162', '44', '0', NULL, '57287'),
('57288', '7798155600123', 'CARTAS POCAS PISTAS (ART 508)', NULL, '57', NULL, '35', NULL, NULL, '59', '2024-10-08', '2024-10-08 11:59:50', NULL, '74', '0', '2312', NULL, '0', '70', NULL, NULL, '3600', NULL, NULL, NULL, NULL, '1', NULL, '5', NULL, NULL, NULL, NULL, NULL, '55.71', NULL, '162', '44', '0', NULL, '57288'),
('57289', '7798155600307', 'JUEGO RAPIDO E INGENIOSO (ART 112)', NULL, '57', NULL, '35', NULL, NULL, '59', '2024-10-08', '2024-10-08 12:02:00', NULL, '74', '0', '8182', NULL, '0', '70', NULL, NULL, '13500', NULL, NULL, NULL, NULL, '1', NULL, '2', NULL, NULL, NULL, NULL, NULL, '65', NULL, '162', '44', '0', NULL, '57289'),
('57290', '7798310073922', 'CASTILLO MAGICO PRINCESAS (ART2392)', NULL, '47', NULL, '35', NULL, NULL, '59', '2024-10-08', '2024-10-08 12:08:57', NULL, '74', '0', '21818', NULL, '0', '70', NULL, NULL, '34900', NULL, NULL, NULL, NULL, '1', NULL, '1', NULL, NULL, NULL, NULL, NULL, '59.96', NULL, '162', '44', '0', NULL, '57290'),
('57291', '7798014766069', 'DISNEY PRINCESAS ZAPATITOS (ART 1606)', NULL, '47', NULL, '35', NULL, NULL, '59', '2024-10-08', '2024-10-08 13:43:40', NULL, '74', '0', '26522', NULL, '0', '70', NULL, '0', '42500', '0', '0', '0', '0', '1', NULL, '2', NULL, NULL, '0', NULL, '0', '60.24', '0', '162', '44', '0', '1', '57291'),
('57292', '7798014760715', 'MONKY LOCO (ART 071)', NULL, '47', NULL, '35', NULL, NULL, '59', '2024-10-08', '2024-10-08 12:15:29', NULL, '74', '0', '16245', NULL, '0', '70', NULL, NULL, '25900', NULL, NULL, NULL, NULL, '1', NULL, '3', NULL, NULL, NULL, NULL, NULL, '59.43', NULL, '162', '44', '0', NULL, '57292'),
('57293', '7798142967222', 'SWEET PONY LUMINOSO (ART 1722)', NULL, '47', NULL, '35', NULL, NULL, '59', '2024-10-08', '2024-10-08 13:44:51', NULL, '74', '0', '29200', NULL, '0', '70', NULL, '0', '46500', '0', '0', '0', '0', '1', NULL, '2', NULL, NULL, '0', NULL, '0', '59.25', '0', '162', '44', '0', '1', '57293'),
('57294', '7798310076015', 'PRINCESS POCKET (ART 2601)', NULL, '47', NULL, '35', NULL, NULL, '59', '2024-10-08', '2024-10-08 13:44:33', NULL, '74', '0', '4074', NULL, '0', '70', NULL, '0', '6500', '0', '0', '0', '0', '1', NULL, '6', NULL, NULL, '0', NULL, '0', '59.55', '0', '162', '44', '0', '1', '57294'),
('57295', '7798310076800', 'MANDY AMAZONA MUÑECA CON CABALLO (ART2680)', NULL, '47', NULL, '35', NULL, NULL, '59', '2024-10-08', '2024-10-08 12:24:09', NULL, '74', '0', '17265', NULL, '0', '70', NULL, NULL, '27900', NULL, NULL, NULL, NULL, '1', NULL, '2', NULL, NULL, NULL, NULL, NULL, '61.6', NULL, '162', '44', '0', NULL, '57295'),
('57296', '7798310076831', 'MANDY BEST FRIEND (ART 2683)', NULL, '47', NULL, '35', NULL, NULL, '59', '2024-10-08', '2024-10-08 13:44:07', NULL, '74', '0', '14125', NULL, '0', '70', NULL, '0', '22900', '0', '0', '0', '0', '1', NULL, '2', NULL, NULL, '0', NULL, '0', '62.12', '0', '162', '44', '0', '1', '57296'),
('57297', '7798310076855', 'MANDY EN BICICLETA (ART 2685)', NULL, '47', NULL, '35', NULL, NULL, '59', '2024-10-08', '2024-10-08 13:42:06', NULL, '74', '0', '14125', NULL, '0', '70', NULL, '0', '22900', '0', '0', '0', '0', '1', NULL, '2', NULL, NULL, '0', NULL, '0', '62.12', '0', '162', '44', '0', '1', '57297'),
('57298', '7798310075933', 'BABY X-TEND (ART 2593)', NULL, '47', NULL, '35', NULL, NULL, '59', '2024-10-08', '2024-10-08 14:25:00', NULL, '74', '0', '5018', NULL, '0', '70', NULL, NULL, '7900', NULL, NULL, NULL, NULL, '1', NULL, '12', NULL, NULL, NULL, NULL, NULL, '57.43', NULL, '162', '44', '0', NULL, '57298'),
('57299', '7798310073144', 'PRETTY MAMI (ART 2314)', NULL, '47', NULL, '35', NULL, NULL, '59', '2024-10-08', '2024-10-08 14:27:17', NULL, '74', '0', '23862', NULL, '0', '70', NULL, NULL, '38900', NULL, NULL, NULL, NULL, '1', NULL, '2', NULL, NULL, NULL, NULL, NULL, '63.02', NULL, NULL, '44', '0', NULL, '57299'),
('57300', '7798310073175', 'PONY COLORFUN (ART 2317)', NULL, '47', NULL, '35', NULL, NULL, '59', '2024-10-08', '2024-10-08 14:29:41', NULL, '74', '0', '13418', NULL, '0', '70', NULL, NULL, '21900', NULL, NULL, NULL, NULL, NULL, NULL, '2', NULL, NULL, NULL, NULL, NULL, '63.21', NULL, '162', '44', '0', NULL, '57300'),
('57301', '7792435006780', 'DIDACTICO ANILLO Y SONAJERO (ART 678)', NULL, '44', NULL, '35', NULL, NULL, '59', '2024-10-08', '2024-10-08 14:37:06', NULL, '74', '0', '5480', NULL, '0', '70', NULL, NULL, '8900', NULL, NULL, NULL, NULL, '1', NULL, '2', NULL, NULL, NULL, NULL, NULL, '62.41', NULL, '162', '44', '0', NULL, '57301'),
('57302', '7792435006568', 'DIDACTICO BALDE ENCASTRE DE FORMAS (ART 656)', NULL, '44', NULL, '35', NULL, NULL, '59', '2024-10-08', '2024-10-08 14:39:12', NULL, '75', '0', '4637', NULL, '0', '70', NULL, NULL, '8900', NULL, NULL, NULL, NULL, '1', NULL, '2', NULL, NULL, NULL, NULL, NULL, '91.93', NULL, '162', '44', '0', NULL, '57302'),
('57303', '7792435006711', 'DIDACTICO ESFERA CON MORDILLO (ART 671)', NULL, '44', NULL, '35', NULL, NULL, '59', '2024-10-08', '2024-10-08 14:41:12', NULL, '74', '0', '3050', NULL, '0', '70', NULL, NULL, '6900', NULL, NULL, NULL, NULL, '1', NULL, '2', NULL, NULL, NULL, NULL, NULL, '126.23', NULL, '162', '44', '0', NULL, '57303'),
('57304', '7792435006261', 'LOCOMOTORA DIDACTICA ()', NULL, '44', NULL, '35', NULL, NULL, '59', '2024-10-08', '2024-10-08 14:44:04', NULL, '74', '0', '4305', NULL, '0', NULL, NULL, NULL, '8900', NULL, NULL, NULL, NULL, '1', NULL, '2', NULL, NULL, NULL, NULL, NULL, '106.74', NULL, '162', '44', '0', NULL, '57304'),
('57305', '7792435002171', 'TRACTOR CHICO CON ACOPLADO ', NULL, '44', NULL, '35', NULL, NULL, '59', '2024-10-08', '2024-10-08 14:45:35', NULL, '74', '0', '9753', NULL, '0', '70', NULL, NULL, '15900', NULL, NULL, NULL, NULL, '1', NULL, '2', NULL, NULL, NULL, NULL, NULL, '63.03', NULL, '162', '44', '0', NULL, '57305'),
('57306', '7792435002195', 'TAMBOR DE CAMPO EL TAMBERITO (ART 219)', NULL, '44', NULL, '35', NULL, NULL, '59', '2024-10-08', '2024-10-08 14:53:12', NULL, '74', '0', '7902', NULL, '0', '70', NULL, NULL, '12900', NULL, NULL, NULL, NULL, '1', NULL, '2', NULL, NULL, NULL, NULL, NULL, '63.25', NULL, '162', '44', '0', NULL, '57306'),
('57307', '7792435006278', 'TREN DIDACTICO ARRASTE Y ENCASTRE (ART 627) ', NULL, '44', NULL, '35', NULL, NULL, '59', '2024-10-08', '2024-10-08 14:55:16', NULL, '74', '0', '9472', NULL, '0', '70', NULL, NULL, '15900', NULL, NULL, NULL, NULL, '1', NULL, '2', NULL, NULL, NULL, NULL, NULL, '67.86', NULL, '162', '44', '0', NULL, '57307'),
('57308', '7792435002331', 'TRANSPORTE CHICO CONSTRUCCION INFANTIL (ART 233)', NULL, '44', NULL, '35', NULL, NULL, '59', '2024-10-08', '2024-10-08 14:57:19', NULL, '74', '0', '12198', NULL, '0', '70', NULL, NULL, '19900', NULL, NULL, NULL, NULL, '1', NULL, '1', NULL, NULL, NULL, NULL, NULL, '63.14', NULL, '162', '44', '0', NULL, '57308'),
('57309', '7792435003680', 'SET POLICIA (ART 368)', NULL, '44', NULL, '35', NULL, NULL, '59', '2024-10-08', '2024-10-08 14:59:01', NULL, '74', '0', '4528', NULL, '0', '70', NULL, NULL, '7900', NULL, NULL, NULL, NULL, '1', NULL, '2', NULL, NULL, NULL, NULL, NULL, '74.47', NULL, '162', '44', '0', NULL, '57309'),
('57310', '7792435003673', 'SET BOMBERO (ART 367)', NULL, '44', NULL, '35', NULL, NULL, NULL, '2024-10-08', '2024-10-08 15:00:41', NULL, '74', '0', '4528', NULL, '0', '70', NULL, NULL, '7900', NULL, NULL, NULL, NULL, '1', NULL, '2', NULL, NULL, NULL, NULL, NULL, '74.47', NULL, '162', '44', '0', NULL, '57310'),
('57311', '7792435006766', 'DIDACTICO GIRA BOLAS (ART 676)', NULL, '44', NULL, '35', NULL, NULL, '59', '2024-10-08', '2024-10-08 15:07:03', NULL, '74', '0', '4595', NULL, '0', '70', NULL, NULL, '7900', NULL, NULL, NULL, NULL, '1', NULL, '2', NULL, NULL, NULL, NULL, NULL, '71.93', NULL, '162', '44', '0', NULL, '57311'),
('57312', '7792435006728', 'DIDACTICO GDE 2 EN 1 (ART 672)', NULL, '44', NULL, '35', NULL, NULL, '59', '2024-10-08', '2024-10-08 15:08:39', NULL, '74', '0', '10175', NULL, '0', '70', NULL, NULL, '17900', NULL, NULL, NULL, NULL, '1', NULL, '2', NULL, NULL, NULL, NULL, NULL, '75.92', NULL, '162', '44', '0', NULL, '57312'),
('57313', '7792435002164', 'CAMION HACIENDA C/ ANIMALES (ART 216)', NULL, '44', NULL, '35', NULL, NULL, '59', '2024-10-08', '2024-10-08 15:10:27', NULL, '74', '0', '10430', NULL, '0', '70', NULL, NULL, '17900', NULL, NULL, NULL, NULL, '1', NULL, '2', NULL, NULL, NULL, NULL, NULL, '71.62', NULL, '162', '44', '0', NULL, '57313'),
('57314', '7792435002324', 'VOLCADOR EXCAVADORA MEDIANA (ART 232)', NULL, '44', NULL, '35', NULL, NULL, '59', '2024-10-08', '2024-10-08 15:14:23', NULL, '74', '0', '16790', NULL, '0', '70', NULL, NULL, '28900', NULL, NULL, NULL, NULL, '1', NULL, '1', NULL, NULL, NULL, NULL, NULL, '72.13', NULL, '162', '44', '0', NULL, '57314'),
('57315', '7792435006100', 'COCINA CHICA (ART 610)', NULL, '44', NULL, '35', NULL, NULL, '59', '2024-10-08', '2024-10-08 15:17:07', NULL, '74', '0', '15270', NULL, '0', '70', NULL, NULL, '28900', NULL, NULL, NULL, NULL, NULL, NULL, '3', NULL, NULL, NULL, NULL, NULL, '89.26', NULL, '162', '44', '0', NULL, '57315'),
('57316', '7792435002072', 'CAMION BOMBERO + TANQUE CHICO (ART 207)', NULL, '44', NULL, '35', NULL, NULL, '59', '2024-10-08', '2024-10-08 15:21:34', NULL, '74', '0', '9460', NULL, '0', '70', NULL, NULL, '16900', NULL, NULL, NULL, NULL, '1', NULL, '2', NULL, NULL, NULL, NULL, NULL, '78.65', NULL, '162', '44', '0', NULL, '57316'),
('57317', '7792435006674', 'DIDACTICO 3 EN 1 SET DE REGALO (ART 667)', NULL, '44', NULL, '35', NULL, NULL, NULL, '2024-10-08', '2024-10-08 15:24:32', NULL, '74', '0', '10185', NULL, '0', '70', NULL, NULL, '17900', NULL, NULL, NULL, NULL, '1', NULL, '2', NULL, NULL, NULL, NULL, NULL, '75.75', NULL, '162', '44', '0', NULL, '57317'),
('57318', '7792435004045', 'JUEGO DE BOLOS (ART 404)', NULL, '44', NULL, '35', NULL, NULL, '59', '2024-10-08', '2024-10-08 15:28:45', NULL, '74', '0', '5990', NULL, '0', '70', NULL, NULL, '10900', NULL, NULL, NULL, NULL, '1', NULL, '6', NULL, NULL, NULL, NULL, NULL, '81.97', NULL, '162', '44', '0', NULL, '57318'),
('57319', '7792435006049', 'CHANGUITO C/FRUTAS Y VERDURAS (ART 604)', NULL, '44', NULL, '35', NULL, NULL, '59', '2024-10-08', '2024-10-08 15:34:40', NULL, '74', '0', '6861', NULL, '0', '70', NULL, NULL, '11900', NULL, NULL, NULL, NULL, '1', NULL, '4', NULL, NULL, NULL, NULL, NULL, '73.44', NULL, '162', '44', '0', NULL, '57319'),
('57320', '7792435002041', 'CAMION + EXCAVADORA CHICO EN CAJA (ART 204)', NULL, '44', NULL, '35', NULL, NULL, '59', '2024-10-08', '2024-10-08 15:37:14', NULL, '74', '0', '11852', NULL, '0', '70', NULL, NULL, '19900', NULL, NULL, NULL, NULL, '1', NULL, '1', NULL, NULL, NULL, NULL, NULL, '67.9', NULL, '162', '44', '0', NULL, '57320'),
('57321', '7792435006773', 'BARCO C/ BALDE+MOLINO+ANILLOS (677)', NULL, NULL, NULL, '35', NULL, NULL, NULL, '2024-10-08', '2024-10-08 15:41:09', NULL, '74', '0', '11950', NULL, '0', '70', NULL, NULL, '19900', NULL, NULL, NULL, NULL, '1', NULL, '1', NULL, NULL, NULL, NULL, NULL, '66.53', NULL, '162', '44', '0', NULL, '57321'),
('57322', '7792435007060', 'MASA X 4 POTES (706)', NULL, '44', NULL, '35', NULL, NULL, '59', '2024-10-08', '2024-10-08 15:44:09', NULL, '74', '0', '3850', NULL, '0', '70', NULL, NULL, '6900', NULL, NULL, NULL, NULL, '1', NULL, '4', NULL, NULL, NULL, NULL, NULL, '79.22', NULL, '162', '44', '0', NULL, '57322'),
('57323', '7797756004644', 'CERCO ESTRATEGIA (464)', NULL, '50', NULL, '35', NULL, NULL, '59', '2024-10-08', '2024-10-08 15:47:52', NULL, '74', '0', '20100', NULL, '0', '70', NULL, NULL, '32500', NULL, NULL, NULL, NULL, '1', NULL, '2', NULL, NULL, NULL, NULL, NULL, '61.69', NULL, '162', '44', '0', NULL, '57323'),
('57324', '7792435007091', 'MASA X 10 POTES (709)', NULL, '44', NULL, '35', NULL, NULL, '59', '2024-10-08', '2024-10-08 15:54:22', NULL, '74', '0', '4600', NULL, '0', '70', NULL, NULL, '8900', NULL, NULL, NULL, NULL, '1', NULL, '2', NULL, NULL, NULL, NULL, NULL, '93.48', NULL, '162', '44', '0', NULL, '57324'),
('57325', '7792435007312', 'MASA MONIGOTES X 25 PCS (731)', NULL, '44', NULL, '35', NULL, NULL, '59', '2024-10-08', '2024-10-08 15:56:04', NULL, '74', '0', '4530', NULL, '0', '70', NULL, NULL, '8900', NULL, NULL, NULL, NULL, '1', NULL, '2', NULL, NULL, NULL, NULL, NULL, '96.47', NULL, '162', '44', '0', NULL, '57325'),
('57326', '7798310070488', 'PET VET GRANDE (2048)', NULL, '47', NULL, '35', NULL, NULL, '59', '2024-10-08', '2024-10-08 15:58:30', NULL, '74', '0', '26530', NULL, '0', '70', NULL, NULL, '42500', NULL, NULL, NULL, NULL, '1', NULL, '1', NULL, NULL, NULL, NULL, NULL, '60.2', NULL, '162', '44', '0', NULL, '57326'),
('57327', '7797756000509', 'JUEGO OCA ECONOMICO (50)', NULL, '50', NULL, '35', NULL, NULL, '59', '2024-10-08', '2024-10-08 16:00:43', NULL, '74', '0', '5950', NULL, '0', '70', NULL, NULL, '9900', NULL, NULL, NULL, NULL, '1', NULL, '3', NULL, NULL, NULL, NULL, NULL, '66.39', NULL, '162', '44', '0', NULL, '57327'),
('57328', '7798310076985', 'BATTLE BALLS (2698)', NULL, '47', NULL, '35', NULL, NULL, '59', '2024-10-08', '2024-10-08 16:11:22', NULL, '74', '0', '17700', NULL, '0', '70', NULL, NULL, '29900', NULL, NULL, NULL, NULL, '1', NULL, '2', NULL, NULL, NULL, NULL, NULL, '68.93', NULL, '162', '44', '0', NULL, '57328'),
('57329', '7798310072581', 'SOGA SALTAR FROZEN (2258)', NULL, '47', NULL, '35', NULL, NULL, '59', '2024-10-08', '2024-10-08 16:13:03', NULL, '74', '0', '6510', NULL, '0', '70', NULL, NULL, '10900', NULL, NULL, NULL, NULL, '1', NULL, '2', NULL, NULL, NULL, NULL, NULL, '67.43', NULL, '162', '44', '0', NULL, '57329'),
('57330', '7798360012087', 'JULIANA UNICORNIO C/ACCS (087)', NULL, '41', NULL, '35', NULL, NULL, '59', '2024-10-08', '2024-10-08 16:19:34', NULL, '74', '0', '16500', NULL, '0', '70', NULL, NULL, '26900', NULL, NULL, NULL, NULL, '1', NULL, '2', NULL, NULL, NULL, NULL, NULL, '63.03', NULL, '162', '44', '0', NULL, '57330');
INSERT INTO compras (`id`, `fecha`, `producto_id`, `precio_costo`, `cantidad`, `nro_factura`, `proveedor_id`, `empresa_id`, `sucursal_id`, `id_remoto`) VALUES
('115', '2024-10-05 00:00:00.000000', '57057', '130', '100', '0', NULL, '44', '33', '115'),
('116', '2024-10-05 00:00:00.000000', '57059', '130', '200', '0', NULL, '44', '33', '116');
INSERT INTO forma_pago (`id`, `nombre`, `porcentaje`, `activo`, `empresa_id`, `id_remoto`) VALUES
('39', 'EFECTIVO', '0', '1', '44', '39');
INSERT INTO funciones (`id`, `nombre`, `descripcion`, `empresa_id`, `id_remoto`) VALUES
('1115', 'comprobantes', 'Comprobantes', '44', '1115'),
('1116', 'productos', 'Productos', '44', '1116'),
('1117', 'clientes', 'Clientes', '44', '1117'),
('1118', 'agrupaciones', 'Agrupaciones', '44', '1118'),
('1119', 'categorias', 'Categorias', '44', '1119'),
('1120', 'categoria_iibb', 'Categoria IIBB', '44', '1120'),
('1121', 'cierre_cajas', 'Cierres Cajas', '44', '1121'),
('1122', 'condiciones_venta', 'Condiciones Venta', '44', '1122'),
('1123', 'configuraciones', 'Configuraciones', '44', '1123'),
('1124', 'familias', 'Familias', '44', '1124'),
('1125', 'formas_pago', 'Formas de pago', '44', '1125'),
('1126', 'ganancias_clientes', 'Ganancias de clientes', '44', '1126'),
('1127', 'ganancias_prooveedor', 'Ganancias prooveedor', '44', '1127'),
('1128', 'listas_pecios', 'Listas de pecios', '44', '1128'),
('1129', 'localidades', 'Localidades', '44', '1129'),
('1130', 'marcas', 'Marcas', '44', '1130'),
('1131', 'monedas', 'Monedas', '44', '1131'),
('1132', 'operacion_negocio', 'Operacion Negocio', '44', '1132'),
('1133', 'pais', 'Pais', '44', '1133'),
('1134', 'presupuestos', 'presupuestos', '44', '1134'),
('1135', 'productos_stock', 'Productos Stock', '44', '1135'),
('1136', 'promociones', 'Promociones', '44', '1136'),
('1137', 'proveedores', 'proveedores', '44', '1137'),
('1138', 'proveedores', 'Proveedores', '44', '1138'),
('1139', 'provincia_categoria_iibb', 'Provincia Categoria IIBB', '44', '1139'),
('1140', 'provincia_iva_proveedor', 'Provincia IVA proveedor', '44', '1140'),
('1141', 'provincias', 'provincias', '44', '1141'),
('1142', 'remitos', 'remitos', '44', '1142'),
('1143', 'roles', 'Roles', '44', '1143'),
('1144', 'subcategoria', 'Sub Categoria', '44', '1144'),
('1145', 'subfamilias', 'Sub Familias', '44', '1145'),
('1146', 'sucursales', 'Sucursales', '44', '1146'),
('1147', 'tipo', 'Tipo', '44', '1147'),
('1148', 'tipo_comprobante', 'Tipo Comprobante', '44', '1148'),
('1149', 'tipo_documento', 'Tipo Documento', '44', '1149'),
('1150', 'tipo_iva', 'Tipo de IVA', '44', '1150'),
('1151', 'tipos_cajas', 'Tipos Cajas', '44', '1151'),
('1152', 'ubicacion', 'Ubicacion', '44', '1152'),
('1153', 'unidad', 'Unidad', '44', '1153'),
('1154', 'usuarios', 'Usuarios', '44', '1154'),
('1155', 'vendedores', 'Vendedores', '44', '1155'),
('1156', 'stock', 'Stock', '44', '1156'),
('1157', 'gastos', 'Gastos', '44', '1157'),
('1158', 'compras', 'Compras', '44', '1158');
INSERT INTO funciones_roles (`rol_id`, `funcion_id`, `permite_crear`, `permite_ver`, `permite_modificar`, `permite_eliminar`, `permite_imprimir`, `permite_listar`, `empresa_id`) VALUES
('60', '1115', '1', '0', '0', '0', '0', '1', '44'),
('60', '1116', '0', '0', '0', '0', '0', '1', '44'),
('60', '1117', '0', '0', '0', '0', '0', '1', '44'),
('60', '1118', '0', '0', '0', '0', '0', '0', '44'),
('60', '1119', '0', '0', '0', '0', '0', '0', '44'),
('60', '1120', '0', '0', '0', '0', '0', '0', '44'),
('60', '1121', '1', '0', '0', '0', '0', '1', '44'),
('60', '1122', '0', '0', '0', '0', '0', '0', '44'),
('60', '1123', '0', '0', '0', '0', '0', '0', '44'),
('60', '1124', '0', '0', '0', '0', '0', '0', '44'),
('60', '1125', '0', '0', '0', '0', '0', '0', '44'),
('60', '1126', '0', '0', '0', '0', '0', '0', '44'),
('60', '1127', '0', '0', '0', '0', '0', '0', '44'),
('60', '1128', '0', '0', '0', '0', '0', '0', '44'),
('60', '1129', '0', '0', '0', '0', '0', '0', '44'),
('60', '1130', '0', '0', '0', '0', '0', '0', '44'),
('60', '1131', '0', '0', '0', '0', '0', '0', '44'),
('60', '1132', '0', '0', '0', '0', '0', '0', '44'),
('60', '1133', '0', '0', '0', '0', '0', '0', '44'),
('60', '1134', '0', '0', '0', '0', '0', '0', '44'),
('60', '1135', '0', '0', '0', '0', '0', '0', '44'),
('60', '1136', '0', '0', '0', '0', '0', '1', '44'),
('60', '1137', '0', '0', '0', '0', '0', '0', '44'),
('60', '1138', '0', '0', '0', '0', '0', '0', '44'),
('60', '1139', '0', '0', '0', '0', '0', '0', '44'),
('60', '1140', '0', '0', '0', '0', '0', '0', '44'),
('60', '1141', '0', '0', '0', '0', '0', '0', '44'),
('60', '1142', '0', '0', '0', '0', '0', '0', '44'),
('60', '1143', '0', '0', '0', '0', '0', '0', '44'),
('60', '1144', '0', '0', '0', '0', '0', '0', '44'),
('60', '1145', '0', '0', '0', '0', '0', '0', '44'),
('60', '1146', '0', '0', '0', '0', '0', '0', '44'),
('60', '1147', '0', '0', '0', '0', '0', '0', '44'),
('60', '1148', '0', '0', '0', '0', '0', '0', '44'),
('60', '1149', '0', '0', '0', '0', '0', '0', '44'),
('60', '1150', '0', '0', '0', '0', '0', '0', '44'),
('60', '1151', '0', '0', '0', '0', '0', '0', '44'),
('60', '1152', '0', '0', '0', '0', '0', '0', '44'),
('60', '1153', '0', '0', '0', '0', '0', '0', '44'),
('60', '1154', '0', '0', '0', '0', '0', '0', '44'),
('60', '1155', '0', '0', '0', '0', '0', '1', '44'),
('60', '1156', '0', '0', '0', '0', '0', '0', '44'),
('60', '1157', '1', '0', '0', '0', '0', '1', '44'),
('60', '1158', '0', '0', '0', '0', '0', '0', '44'),
('61', '1115', '1', '1', '1', '1', '1', '1', '44'),
('61', '1116', '1', '1', '1', '1', '1', '1', '44'),
('61', '1117', '1', '1', '1', '1', '1', '1', '44'),
('61', '1118', '1', '1', '1', '1', '1', '1', '44'),
('61', '1119', '1', '1', '1', '1', '1', '1', '44'),
('61', '1120', '1', '1', '1', '1', '1', '1', '44'),
('61', '1121', '1', '1', '1', '1', '1', '1', '44'),
('61', '1122', '1', '1', '1', '1', '1', '1', '44'),
('61', '1123', '1', '1', '1', '1', '1', '1', '44'),
('61', '1124', '1', '1', '1', '1', '1', '1', '44'),
('61', '1125', '1', '1', '1', '1', '1', '1', '44'),
('61', '1126', '1', '1', '1', '1', '1', '1', '44'),
('61', '1127', '1', '1', '1', '1', '1', '1', '44'),
('61', '1128', '1', '1', '1', '1', '1', '1', '44'),
('61', '1129', '1', '1', '1', '1', '1', '1', '44'),
('61', '1130', '1', '1', '1', '1', '1', '1', '44'),
('61', '1131', '1', '1', '1', '1', '1', '1', '44'),
('61', '1132', '1', '1', '1', '1', '1', '1', '44'),
('61', '1133', '1', '1', '1', '1', '1', '1', '44'),
('61', '1134', '1', '1', '1', '1', '1', '1', '44'),
('61', '1135', '1', '1', '1', '1', '1', '1', '44'),
('61', '1136', '1', '1', '1', '1', '1', '1', '44'),
('61', '1137', '1', '1', '1', '1', '1', '1', '44'),
('61', '1138', '1', '1', '1', '1', '1', '1', '44'),
('61', '1139', '1', '1', '1', '1', '1', '1', '44'),
('61', '1140', '1', '1', '1', '1', '1', '1', '44'),
('61', '1141', '1', '1', '1', '1', '1', '1', '44'),
('61', '1142', '1', '1', '1', '1', '1', '1', '44'),
('61', '1143', '1', '1', '1', '1', '1', '1', '44'),
('61', '1144', '1', '1', '1', '1', '1', '1', '44'),
('61', '1145', '1', '1', '1', '1', '1', '1', '44'),
('61', '1146', '1', '1', '1', '1', '1', '1', '44'),
('61', '1147', '1', '1', '1', '1', '1', '1', '44'),
('61', '1148', '1', '1', '1', '1', '1', '1', '44'),
('61', '1149', '1', '1', '1', '1', '1', '1', '44'),
('61', '1150', '1', '1', '1', '1', '1', '1', '44'),
('61', '1151', '1', '1', '1', '1', '1', '1', '44'),
('61', '1152', '1', '1', '1', '1', '1', '1', '44'),
('61', '1153', '1', '1', '1', '1', '1', '1', '44'),
('61', '1154', '1', '1', '1', '1', '1', '1', '44'),
('61', '1155', '1', '1', '1', '1', '1', '1', '44'),
('61', '1156', '1', '1', '1', '1', '1', '1', '44'),
('61', '1157', '1', '1', '1', '1', '1', '1', '44'),
('61', '1158', '1', '1', '1', '1', '1', '1', '44');
INSERT INTO productos_stock (`id`, `codigo`, `stock_inicial`, `controla_stock`, `punto_pedido`, `largo`, `alto`, `ancho`, `peso`, `unidad_id`, `ubicacion_id`, `proveedores_id`, `producto_id`, `empresa_id`, `stock_actual`, `sucursal_id`, `id_remoto`) VALUES
('7392', NULL, NULL, NULL, NULL, NULL, NULL, NULL, NULL, NULL, NULL, NULL, '57057', '44', '100', '33', '7392'),
('7393', NULL, NULL, NULL, NULL, NULL, NULL, NULL, NULL, NULL, NULL, NULL, '57059', '44', '200', '33', '7393');
