INSERT INTO tipo_iva_empresa (`id`, `nombre`, `descripcion`, `letra_factura`, `id_remoto`) VALUES
('1', 'INSCRIPTO', 'Descripción del Tipo IVA 1', 'A', '1'),
('2', 'MONOTRIBUTO', 'Descripción del Tipo IVA 2', 'C', '2'),
('3', 'EXENTO', NULL, 'B', '3'),
('4', 'NO FISCAL', NULL, '-', '4');
INSERT INTO empresas (`id`, `nombre`, `logo`, `direccion`, `telefono`, `tipo_iva`, `cuit`, `responsable`, `email`, `rubro_id`, `fecha_inicio_actividades`, `descripcion`, `razon_social`, `inicio_actividad`, `iibb`, `cert`, `key`, `fiscal`, `id_remoto`) VALUES
('3', 'Carniceria1', NULL, ' 355, Av.123, B1900 Tolosa, Provincia de Buenos Aires', '1233456', '1', '23356111699', 'Responsable', 'admin@carniceria.com.ar', NULL, '2024-03-16', 'Empresa de preuba', 'Carniceria', '2018-01-01', '12345678', '-----BEGIN CERTIFICATE-----
MIIDSDCCAjCgAwIBAgIIOSofOwY/TggwDQYJKoZIhvcNAQENBQAwODEaMBgGA1UEAwwRQ29tcHV0
YWRvcmVzIFRlc3QxDTALBgNVBAoMBEFGSVAxCzAJBgNVBAYTAkFSMB4XDTI0MDMxODE1MDE0NFoX
DTI2MDMxODE1MDE0NFowLjERMA8GA1UEAwwITkVYT1RFU1QxGTAXBgNVBAUTEENVSVQgMjMzNTYx
MTE2OTkwggEiMA0GCSqGSIb3DQEBAQUAA4IBDwAwggEKAoIBAQCrWfM+BSqZAS9vw6T/WpvOf9oq
FoY+27Hcf1D8WZNq00+5XtyPB97bQpOz4dUK9s6cYO15b9Kv91vQNJ0vnhXzHK3XiO+1No3ShtLd
zeYGcaRO0j5NfM26aJjKh+K7EGAMWv7wVDDVUEfwZLiaV6CJce41cbNThyvtkvJVBCF4Dn1bY8G8
4YqEy3IE346IkoVdQAdIT/nyVi+ihW+0pUh0/Ji6X9+ZZkzxoowOImf1zBrD0icUxz20rlbnKn5Z
fUYTUs7w8x4+R4wUbmx3I4FcOHemodeQdu6sg6yQ5qYRy7UlkYBDEJuuRwyBNFTjg/lddKb2vNAu
2WbbU+y1AMi1AgMBAAGjYDBeMAwGA1UdEwEB/wQCMAAwHwYDVR0jBBgwFoAUs7LT//3put7eja8R
IZzWIH3yT28wHQYDVR0OBBYEFMvnQAy2vQ9gXxeAw2yqLrnSvXLRMA4GA1UdDwEB/wQEAwIF4DAN
BgkqhkiG9w0BAQ0FAAOCAQEAOKOZUjAROGoIbL4bUN3035K7P5v/rb7jhggqQA16A14YpM4f3gpO
F2R8P+BVKlW2VwDzGQUQJn0Scpx3xVXUL5fEHXeMgEhFrSTFTgX4J0K8qpLQ0xM2yQZNqwS6gI28
hHW0mMY5qg62p6IP/dsDtMzv/PWZv1ES6pHLh1/pwpqehf4jd3RgpxEI6uyvCZWvqEFgg3+jzf2Y
DXnWICK9KvKTjGvtIsfyVaCtIHM3PsZg1oKB6+ik2TjXQQi9UGHYXnhz7gbbzjMirnEOeaGZoPLQ
nrAhwBfGduarY+2ZRwnmvsbeATC1rtrjLbub7c7uj39f2PZs1ZcJ6wI1+iadRA==
-----END CERTIFICATE-----', '-----BEGIN RSA PRIVATE KEY-----
MIIEpAIBAAKCAQEAq1nzPgUqmQEvb8Ok/1qbzn/aKhaGPtux3H9Q/FmTatNPuV7c
jwfe20KTs+HVCvbOnGDteW/Sr/db0DSdL54V8xyt14jvtTaN0obS3c3mBnGkTtI+
TXzNumiYyofiuxBgDFr+8FQw1VBH8GS4mlegiXHuNXGzU4cr7ZLyVQQheA59W2PB
vOGKhMtyBN+OiJKFXUAHSE/58lYvooVvtKVIdPyYul/fmWZM8aKMDiJn9cwaw9In
FMc9tK5W5yp+WX1GE1LO8PMePkeMFG5sdyOBXDh3pqHXkHburIOskOamEcu1JZGA
QxCbrkcMgTRU44P5XXSm9rzQLtlm21PstQDItQIDAQABAoIBAQCmIfchebbcU/bf
IMw3vGz14KXwSphsF2uyAkrN8DdqymgwrRWhI5th8IHuVRXOpI6btappJA8dBvIg
wvJnuZlEddji8WSfyL3mkUufO8M7GjGZLmSzkj6Q7lq9etRMVEsbj5o//xC9sTGe
lLkbA7ylpi2z6YJZiOQBWojT/sZIdAW3wtO/sIKvjIpUqaCbJA20JmpE1UeMWbjl
cngKFDW/cTXm8VHfkQetjXQPCgF8oXv35EfpDRr7rsrtvN825UWi25SS92BKvVPE
J0NeA5xbcazxbd4ncRyDyc5s3HuFu0iHiMiE/cNWMhWI8cBkUUvI/nKhwL3+FqQG
NuAJeSYhAoGBANbtc1KMe0phDZksYU7IODnMjQ0mF1UbdtkNx6FPMhftSHEH9+kz
dmcKh+84VXaL/4euM/33xJ2oJ9t0s5PYlqNLbJeNyNbvzVNlvLOq5UG+TPlXUVJl
YF1/B2BUiVUGyioDlJkWQHQVAfsYsK7CDxxaQ/v8/fDL/RAM/RX1Bfh9AoGBAMwY
sZLOcqh0nNjL6DU3fQ6ei8QlPqhSYZE0bNoIl0sOx9jPfmuYXPaZpNZn9N4D/0OB
E1NgBdYJdtoG/pr5XOfsmgUpNKbjOMMNh78qmI8HuwpUYS5sylEAdyLLwd05NtYv
Ck6T2dfFNhTjnKiyYpmVbhPqVmyuIUbsuLUwFT6ZAoGAO7kBuaeFvvZXFAAsDfs+
/HilnUi/ZQvbq5bTqTRbhCCQZ7BCKE//j8RyX3v065sdZ3N1yRWnUfPfF3FHUUb3
HOshgr+IVomOMaVsmTRcvjcGJqcn1tCKxZA92XvEKZdYZ/JUwXFYeak4wrBqsDUG
g+dlSslTOy1D5cjmLsrGXPUCgYEAyXlq+ggwaZjMKLuJm9cN7buXL2aw5sqEJCpD
diza5S5PG/kgzCgZRRpA/aKbt/rsJwApSrnUqQiouewDtIqLKyuGk6esoT5XDz2x
DoaHGVLBUh4f3Qtp4PJ7qO7Jjo/nUSIYo58SggzdKVvTjzihWwmHI8PF0v1GPlR6
teokXqkCgYBnQdrraa07SW7mPca6vYOONsqQS9SPRf9+WEqUXHnIHq7S0XME76RB
8MPCD/pDxABGtxZ4z9noWF0mars8MGncv/bG7SDItBkgd3Zq/5f9oLtGWJX+1J04
8rayYSjhwPrV1na5g2yOOalu9+CiS9+A4+P2Oeq6JAf3xCPJQFyJiw==
-----END RSA PRIVATE KEY-----
', NULL, '3');
INSERT INTO moneda (`id`, `simbolo`, `nombre`, `cotizacion`, `empresa_id`, `id_remoto`) VALUES
('7', 'USD', 'Dólar estadounidense', '1042', '3', '7'),
('8', '$', 'Pesos Argentinos', '1', '3', '8');
INSERT INTO agrupacion (`id`, `numero`, `nombre`, `color`, `icono`, `empresa_id`, `id_remoto`) VALUES
('10', '1', 'CARNICERIA', '#0098DA', 'fas fa-boxes', '3', '10'),
('20', '', 'OTROS', '#8b9ced', 'fas fa-boxes', '3', '20');
INSERT INTO categoria (`id`, `nombre`, `se_imprime`, `empresa_id`, `id_remoto`) VALUES
('18', 'CATEGORIA', '1', '3', '18');
INSERT INTO puntos_venta (`id`, `numero`, `descripcion`, `empresa_id`, `id_remoto`) VALUES
('2', '1', 'Punto de venta 1', '3', '2'),
('3', '2', 'Punto de venta 2', '3', '3'),
('4', '3', 'Punto de venta 3', '3', '4'),
('5', '99', 'Punto de venta 99', '3', '5');
INSERT INTO sucursales (`id`, `empresa_id`, `nombre`, `direccion`, `telefono`, `email`, `contacto_nombre`, `contacto_telefono`, `contacto_email`, `referente_nombre`, `referente_telefono`, `referente_email`, `id_remoto`) VALUES
('1', '3', 'Sucursal 1', ' 955, Av.123, B1900 Tolosa, Provincia de Buenos Aires', '2214865781', 'sucursal7@carnesleo.com.ar', NULL, NULL, NULL, NULL, NULL, NULL, '1'),
('2', '3', 'Sucursal 2', ' 333, Av. 51, B1900 La Paata, Provincia de Buenos Aires', '02214572612', '', '', '', '', '', '', '', '2'),
('19', '3', 'Sucursal 333', '608 Nº 478', '111111', 'nicobernasconi@gmail.com', NULL, NULL, NULL, NULL, NULL, NULL, '19');
INSERT INTO roles (`id`, `nombre`, `descripcion`, `empresa_id`, `id_remoto`) VALUES
('5', 'admin', 'Administrador', '3', '5'),
('6', 'vendedor', 'Vendedor', '3', '6'),
('7', 'responsable_caja', 'Responsable de Caja', '3', '7'),
('8', 'Compras', 'Responsable de Compras', '3', '8');
INSERT INTO usuarios (`id`, `nombre_usuario`, `password`, `nombre_completo`, `rol_id`, `activo`, `empresa_id`, `sucursal_id`, `punto_venta_id`, `venta_rapida`, `lista_precios`, `imprimir`, `tipo_comprobante_imprimir`, `id_remoto`) VALUES
('7', 'admin@carniceria.com.ar', 'e10adc3949ba59abbe56e057f20f883e', 'Administrador', '5', '1', '3', '1', '4', '1', '1', '1', '2', '7'),
('8', 'caja1@carniceria.com.ar', 'e10adc3949ba59abbe56e057f20f883e', 'Cajero 1', '6', '1', '3', '1', '4', '0', '1', '1', '1', '8'),
('9', 'suc2@carniceria.com.ar', 'e10adc3949ba59abbe56e057f20f883e', 'Cajero 1', '6', '1', '3', '2', '', '0', '1', '1', '1', '9'),
('10', 'admin2@carniceria.com.ar', 'e10adc3949ba59abbe56e057f20f883e', 'Cajero 1', '5', '1', '3', '2', '2', '0', '1', '1', '1', '10'),
('35', 'admin@admin.com.ar', 'e10adc3949ba59abbe56e057f20f883e', 'Vendedor del Kiosco', '6', '', '3', '1', '', '0', '1', '1', '1', '35');
INSERT INTO cierres_cajas (`id`, `fecha`, `total_ventas`, `total_gastos`, `efectivo_inicial`, `efectivo_final`, `usuario_id`, `tipo_caja_id`, `empresa_id`, `comentarios`, `id_remoto`) VALUES
('8', '2024-06-05 13:01:37', '769130', '0', '10000', '10000', '7', '', '3', NULL, '8'),
('9', '2024-06-05 13:05:27', '15550', '0', '1000', '1000', '7', '', '3', 'local', '9'),
('17', '2024-06-09 18:05:10', '120000', '0', '5000', '5000', '7', '', '3', NULL, '17'),
('19', '2024-06-09 20:02:51', '481140', '5000', '2000', '3000', '7', '', '3', NULL, '19'),
('125', '2024-08-07 11:04:46', '200076432805', '0', '124', '120', '7', '', '3', NULL, '125'),
('180', '2024-08-28 10:59:25', '273683', '0', '2000', '20000', '7', '', '3', NULL, '180');
INSERT INTO pais (`id`, `nombre`, `id_remoto`) VALUES
('1', 'Argentina', '1'),
('2', 'Uruguay', '2'),
('3', 'Brasil', '3'),
('4', 'Chile', '4');
INSERT INTO provincias (`id`, `nombre`, `pais_id`, `id_remoto`) VALUES
('2', 'CORDOBA', '1', '2'),
('3', 'Buenos Aires', '1', '3'),
('4', 'CABA', '1', '4'),
('5', 'Catamarca', '1', '5'),
('6', 'Chaco', '1', '6'),
('7', 'Chubut', '1', '7'),
('9', 'Corrientes', '1', '9'),
('10', 'Entre Ríos', '1', '10'),
('11', 'Formosa', '1', '11'),
('12', 'Jujuy', '1', '12'),
('13', 'La Pampa', '1', '13'),
('14', 'La Rioja', '1', '14'),
('15', 'Mendoza', '1', '15'),
('16', 'Misiones', '1', '16'),
('17', 'Neuquén', '1', '17'),
('18', 'Río Negro', '1', '18'),
('19', 'Salta', '1', '19'),
('20', 'San Juan', '1', '20'),
('21', 'San Luis', '1', '21'),
('22', 'Santa Cruz', '1', '22'),
('23', 'Santa Fe', '1', '23'),
('24', 'Santiago del Estero', '1', '24'),
('25', 'Tierra del Fuego, Antártida e Islas del Atlántico Sur', '1', '25'),
('26', 'Tucumán', '1', '26');
INSERT INTO localidad (`id`, `nombre`, `provincia_id`, `codigo_postal`, `id_remoto`) VALUES
('1', 'Córdoba', '2', '5000', '1'),
('6', 'Río Cuarto', '2', '5800', '6'),
('7', 'Villa María', '2', '5900', '7'),
('8', 'Carlos Paz', '2', '5152', '8'),
('9', 'La Plata', '3', '1900', '9'),
('10', 'Mar del Plata', '3', '7600', '10'),
('11', 'Bahía Blanca', '3', '8000', '11'),
('12', 'Tandil', '3', '7000', '12'),
('13', 'Ciudad Autónoma de Buenos Aires', '4', 'C1000', '13'),
('14', 'Avellaneda', '4', '1870', '14'),
('15', 'Lomas de Zamora', '4', '1832', '15'),
('16', 'Quilmes', '4', '1879', '16'),
('17', 'San Fernando del Valle de Catamarca', '5', '4700', '17'),
('18', 'San Fernando', '5', '4706', '18'),
('19', 'Valle Viejo', '5', '4701', '19'),
('20', 'Santa María', '5', '4703', '20'),
('21', 'Resistencia', '6', '3500', '21'),
('22', 'Barranqueras', '6', '3503', '22'),
('23', 'Fontana', '6', '3501', '23'),
('24', 'Presidencia Roque Sáenz Peña', '6', '3700', '24'),
('25', 'Rawson', '7', '9103', '25'),
('26', 'Comodoro Rivadavia', '7', '9000', '26'),
('27', 'Esquel', '7', '9200', '27'),
('28', 'Puerto Madryn', '7', '9120', '28'),
('29', 'Corrientes', '9', '3400', '29'),
('30', 'Goya', '9', '3450', '30'),
('31', 'Mercedes', '9', '3470', '31'),
('32', 'Curuzú Cuatiá', '9', '3460', '32'),
('33', 'Paraná', '10', '3100', '33'),
('34', 'Concordia', '10', '3200', '34'),
('35', 'Gualeguaychú', '10', '2820', '35'),
('36', 'Colón', '10', '3280', '36'),
('37', 'Formosa', '11', '3600', '37'),
('38', 'Clorinda', '11', '3610', '38'),
('39', 'Pirané', '11', '3617', '39'),
('40', 'Ingeniero Juárez', '11', '3632', '40'),
('41', 'San Salvador de Jujuy', '12', '4600', '41'),
('42', 'San Pedro', '12', '4500', '42'),
('43', 'Libertador General San Martín', '12', '4512', '43'),
('44', 'Palpalá', '12', '4612', '44'),
('45', 'Santa Rosa', '13', '6300', '45'),
('46', 'General Pico', '13', '6360', '46'),
('47', 'Toay', '13', '6301', '47'),
('48', 'Realicó', '13', '6313', '48'),
('49', 'La Rioja', '14', '5300', '49'),
('50', 'Chilecito', '14', '5360', '50'),
('51', 'Aimogasta', '14', '5307', '51'),
('52', 'Chamical', '14', '5303', '52'),
('53', 'Mendoza', '15', '5500', '53'),
('54', 'San Rafael', '15', '5600', '54'),
('55', 'Godoy Cruz', '15', '5501', '55'),
('56', 'Luján de Cuyo', '15', '5507', '56'),
('57', 'Posadas', '16', '3300', '57'),
('58', 'Eldorado', '16', '3380', '58'),
('59', 'Oberá', '16', '3360', '59'),
('60', 'Puerto Iguazú', '16', '3370', '60'),
('61', 'Neuquén', '17', '8300', '61'),
('62', 'Centenario', '17', '8316', '62'),
('63', 'Cutral Có', '17', '8322', '63'),
('64', 'Plottier', '17', '8316', '64'),
('65', 'Viedma', '18', '8500', '65'),
('66', 'General Roca', '18', '8332', '66'),
('67', 'San Antonio Oeste', '18', '8520', '67'),
('68', 'Cipolletti', '18', '8324', '68'),
('69', 'Salta', '19', '4400', '69'),
('70', 'San Ramón de la Nueva Orán', '19', '4530', '70'),
('71', 'Tartagal', '19', '4560', '71'),
('72', 'Cafayate', '19', '4427', '72'),
('73', 'San Juan', '20', '5400', '73'),
('74', 'Rawson', '20', '5439', '74'),
('75', 'Caucete', '20', '5405', '75'),
('76', 'Pocito', '20', '5442', '76'),
('77', 'San Luis', '21', '5700', '77'),
('78', 'Villa Mercedes', '21', '5730', '78'),
('79', 'Merlo', '21', '5881', '79'),
('80', 'La Punta', '21', '5711', '80'),
('81', 'Río Gallegos', '22', '9400', '81'),
('82', 'Caleta Olivia', '22', '9011', '82'),
('83', 'Pico Truncado', '22', '9011', '83'),
('84', 'Puerto Deseado', '22', '9050', '84'),
('85', 'Rosario', '23', '2000', '85'),
('86', 'Santa Fe', '23', '3000', '86'),
('87', 'Venado Tuerto', '23', '2600', '87'),
('88', 'Rafaela', '23', '2300', '88'),
('89', 'Santiago del Estero', '24', '4200', '89'),
('90', 'La Banda', '24', '4206', '90'),
('91', 'Termas de Río Hondo', '24', '4220', '91'),
('92', 'Fernández', '24', '4301', '92'),
('93', 'Ushuaia', '25', '9410', '93'),
('94', 'Río Grande', '25', '9420', '94'),
('95', 'Tolhuin', '25', '9412', '95'),
('96', 'San Miguel de Tucumán', '26', '4000', '96'),
('97', 'Tafí Viejo', '26', '4103', '97'),
('98', 'Yerba Buena', '26', '4107', '98'),
('99', 'Concepción', '26', '4126', '99');
INSERT INTO tipo_documento (`id`, `nombre`, `empresa_id`, `id_remoto`) VALUES
('12', 'DNI', '3', '12'),
('13', 'L.E.', '3', '13'),
('14', 'PASAPORTE', '3', '14');
INSERT INTO tipo_iva (`id`, `nombre`, `descripcion`, `porcentaje`, `letra_factura`, `empresa_id`, `id_remoto`) VALUES
('11', 'INSCRIPTO', '', '', 'A', '3', '11'),
('12', 'MONOTRIBUTO', '', '', 'C', '3', '12'),
('13', 'CONSUMIDOR FINAL', '', '', 'B', '3', '13'),
('36', 'INSCRIPTO EXENTO', '', '', NULL, '3', '36');
INSERT INTO vendedores (`id`, `nombre`, `direccion`, `telefono`, `porcentaje_comision`, `fecha_ingreso`, `empresa_id`, `sucursal_id`, `id_remoto`) VALUES
('26', 'CAJERO 1', '', '', '', '2024-04-09', '3', '1', '26'),
('27', 'CAJERO 2', '', '', '', '2024-04-09', '3', '1', '27'),
('28', 'CAJERO 3', '', '', '', '2024-04-09', '3', '1', '28');
INSERT INTO clientes (`id`, `nro_cliente`, `nombre`, `tipo_iva_id`, `cuit`, `tipo_documento_id`, `numero_documento`, `direccion_comercial`, `direccion_entrega`, `localidad_id`, `telefono`, `celular`, `email`, `contacto`, `telefono_contacto`, `categoria_id`, `vendedor_id`, `porcentaje_descuento`, `limite_credito`, `saldo_inicial`, `saldo_actual`, `fecha_ultima_compra`, `fecha_ultimo_pago`, `percepcion_iibb`, `desactivado`, `categoria_iibb_id`, `empresa_id`, `id_remoto`) VALUES
('35', '13', 'LOPEZ OSORNIO MATIAS', '11', '20321089675', '12', '32108967', '522 e 9 y 10 1436', NULL, '9', NULL, NULL, NULL, NULL, NULL, '18', '', '0', '0', '0', '-3000', '', '', '0', '', '', '3', '35'),
('36', '14', 'Nicolas Omar Bernasconi', '12', '20308762050', '12', '30876205', '608 N| 478', NULL, '9', NULL, NULL, 'nicobernasconi@hotmail.com', NULL, NULL, '18', '', '0', '0', '0', '-3000', '', '', '0', '', '', '3', '36'),
('37', '15', 'sebastian amoia', '11', '23356111699', '', '35611169', '23 1430', NULL, '', NULL, NULL, NULL, NULL, NULL, '', '', '0', '0', '0', '-3000', '', '', '0', '', '', '3', '37'),
('42', '19', 'NICOLAS BERNASCONI', '', '20308762051', '', '', '608 Nº 478', '608 Nº 478', '', NULL, NULL, 'nicobernasconi@gmail.com', NULL, NULL, '', '', '0', '0', '0', '0', '', '', '0', '', '', '3', '42'),
('45', '22', 'Prueba', '', '0', '', '30876205', '608 Nº 478', '608 Nº 478', '', NULL, NULL, 'nicobernasconi@gmail.com', NULL, NULL, '', '', '0', '0', '0', '0', '', '', '0', '', '', '3', '45'),
('46', '23', 'prueba 3', '', '', '', '123456', NULL, NULL, '', NULL, NULL, NULL, NULL, NULL, '', '', '0', '0', '0', '0', '', '', '0', '', '', '3', '46'),
('47', '24', 'p', '', '', '', '1234569', NULL, NULL, '', NULL, NULL, NULL, NULL, NULL, '', '', '0', '0', '0', '0', '', '', '0', '', '', '3', '47'),
('48', '25', 'r', '13', '', '', '12345678', NULL, NULL, '', NULL, NULL, NULL, NULL, NULL, '', '', '0', '0', '0', '0', '', '', '0', '', '', '3', '48'),
('49', '26', 'Nico', '13', '', '12', '30876205', NULL, NULL, '', NULL, NULL, NULL, NULL, NULL, '', '', '0', '0', '0', '0', '', '', '0', '', '', '3', '49'),
('59', '36', 'Prueba', '13', '', '12', '1234', NULL, NULL, '', NULL, NULL, NULL, NULL, NULL, '', '', '0', '0', '0', '0', '', '', '0', '', '', '3', '59'),
('61', '38', 'PRUEBA EXENTO', '36', '123456', '12', '123456', NULL, NULL, '', NULL, NULL, NULL, NULL, NULL, '', '', '0', '0', '0', '0', '', '', '0', '', '', '3', '61'),
('63', '40', 'NICOLAS BERNASCONI', '12', '20308762053', '12', '30876207', NULL, NULL, '', NULL, NULL, NULL, NULL, NULL, '', '', '0', '0', '0', '0', '', '', '0', '', '', '3', '63');
INSERT INTO codigos_barras (`id`, `inicio`, `id_long`, `payload_type`, `payload_int`, `long`, `empresa_id`, `id_remoto`) VALUES
('1', '2', '5', 'P', '5', '13', '3', '1');
INSERT INTO tasa_iva (`id`, `nombre`, `tasa`, `empresa_id`, `id_remoto`) VALUES
('4', '21%', '0.21', '3', '4'),
('5', '10,5%', '0.105', '3', '5'),
('6', '0%', '0', '3', '6');
INSERT INTO familias (`id`, `numero`, `nombre`, `empresa_id`, `id_remoto`) VALUES
('11', '1', 'CERDO', '3', '11'),
('12', '2', 'POLLO', '3', '12'),
('13', '3', 'LECHÓN', '3', '13'),
('14', '4', 'CORDERO', '3', '14'),
('15', '5', 'TERNERA', '3', '15'),
('16', '6', 'TERNERA POR PIEZA', '3', '16'),
('17', '7', 'PRODUCCIÓN', '3', '17'),
('18', '8', 'VARIOS', '3', '18'),
('19', '9', 'ACHURA', '3', '19'),
('20', '10', 'CONGELADOS', '3', '20');
INSERT INTO proveedores (`id`, `razon_social`, `direccion`, `localidad_id`, `telefono`, `email`, `tipo_iva_id`, `cuit`, `categoria_id`, `subcategoria_id`, `fecha_ultima_compra`, `fecha_ultimo_pago`, `saldo_actual`, `empresa_id`, `id_remoto`) VALUES
('27', 'Proveedor por defecto', '111111', '', '111111', 'info@proveedor_prueba.com.ar', '', '1111', '', '', '', '', '0', '3', '27'),
('51', 'Prueba', '1', '', '12345', 'prueba@n.com', '', '1111111111', '', '', '', '', '0', '3', '51');
INSERT INTO tipo (`id`, `numero`, `nombre`, `empresa_id`, `id_remoto`) VALUES
('8', '1', 'Producto', '3', '8'),
('9', '2', 'Servicio', '3', '9'),
('10', '3', 'Favorito', '3', '10');
INSERT INTO unidad (`id`, `nombre`, `simbolo`, `empresa_id`, `id_remoto`) VALUES
('19', 'KILOGRAMO', 'KG', '3', '19'),
('20', 'UNIDAD', 'UNIDAD', '3', '20'),
('21', 'CAJA', 'CAJA', '3', '21'),
('22', 'METRO', 'METRO', '3', '22'),
('80', 'HORA', 'Hs.', '3', '80'),
('116', 'DOCENA', 'DOC.', '3', '116'),
('117', 'DOCENA', 'DOC.', '3', '117'),
('118', 'DOCENA', 'DOC.', '3', '118');
INSERT INTO productos (`id`, `codigo`, `descripcion`, `descripcion_ampliada`, `familia_id`, `subfamilia_id`, `agrupacion_id`, `marca_id`, `codigo_barra`, `proveedor_id`, `fecha_alta`, `fecha_actualizacion`, `articulo_activado`, `tipo_id`, `producto_balanza`, `precio_costo`, `moneda_id`, `tasa_iva`, `tasa_iva_id`, `incluye_iva`, `impuesto_interno`, `precio1`, `precio2`, `precio3`, `fraccionado`, `rg5329_23`, `activo`, `texto_panel`, `stock`, `stock_minimo`, `stock_pedido`, `iibb`, `codigo_barra2`, `oferta`, `margen_ganancia`, `publicado_web`, `unidad_id`, `empresa_id`, `favorito`, `tipo_impuesto_interno`, `id_remoto`) VALUES
('645', '1', 'Americano de cerdo', '', '', '', '20', '', '1', '27', '2024-04-09', '2024-08-27 17:37:13', '', '8', '1', '1495', '8', '4', '4', '1', '0', '3990', '40000', '0', '0', '0', '0', NULL, '19', '0', '', '0', NULL, '0', '166.89', '0', '19', '3', '0', '1', '645'),
('646', '2', 'Pecho de cerdo', '', '11', '', '20', '', '2', '27', '2024-04-09', '2024-08-27 17:37:13', '', '8', '1', '1495', '8', '4', '4', '1', '20', '2990', '0', '0', '0', '0', '0', NULL, '-2', '0', '', '0', NULL, '0', '0.5', '0', '19', '3', '0', '1', '646'),
('647', '3', 'Bife', '', '11', '', '10', '', '3', '27', '2024-04-09', '2024-08-27 17:37:13', '', '8', '1', '1495', '8', '4', '4', '1', '0', '2990', '0', '0', '0', '0', '0', NULL, '-27', '0', '', '0', NULL, '0', '100', '0', '19', '3', '1', '1', '647'),
('648', '4', 'Bola de lomo', '', '11', '', '10', '', '4', '27', '2024-04-09', '2024-08-27 17:37:13', '', '8', '1', '1645', '8', '4', '4', '1', '0', '3290', '0', '0', '0', '0', '0', '', '20', '0', '', '0', NULL, '0', '0.5', '0', '19', '3', '0', '1', '648'),
('649', '5', 'Bondiola', '', '11', '', '10', '', '5', '27', '2024-04-09', '2024-08-27 17:37:13', '', '8', '1', '2345', '8', '4', '4', '1', '0', '4690', '0', '0', '0', '0', '0', '', '20', '0', '', '0', NULL, '0', '0.5', '0', '19', '3', '0', '1', '649'),
('650', '6', 'Cabeza de cerdo', '', '11', '', '10', '', '6', '27', '2024-04-09', '2024-08-27 17:37:13', '', '8', '1', '145', '8', '4', '4', '1', '0', '290', '0', '0', '0', '0', '0', '', '20', '0', '', '0', NULL, '0', '0.5', '0', '19', '3', '0', '1', '650'),
('651', '7', 'Caracu de cerdo', '', '11', '', '10', '', '7', '27', '2024-04-09', '2024-08-27 17:37:13', '', '8', '1', '995', '8', '4', '4', '1', '0', '1990', '0', '1990', '', '', '', NULL, '20', '0', '', '0', NULL, '', '0.5', '', '19', '3', '', '1', '651'),
('652', '8', 'Caracu de cerdo x 2 kg', '', '11', '', '10', '', '8', '27', '2024-04-09', '2024-08-27 17:37:13', '', '8', '1', '1495', '8', '4', '4', '1', '0', '2990', '0', '0', '0', '0', '0', '', '20', '0', '', '0', NULL, '0', '0.5', '0', '19', '3', '1', '1', '652'),
('653', '9', 'Carnaza de paleta', '', '11', '', '10', '', '9', '27', '2024-04-09', '2024-08-27 17:37:13', '', '8', '1', '1645', '8', '4', '4', '1', '0', '3290', '0', '0', '0', '0', '0', '', '20', '0', '', '0', NULL, '0', '0.5', '0', '19', '3', '1', '1', '653'),
('654', '10', 'Carre deshuesado', '', '11', '', '10', '', '10', '27', '2024-04-09', '2024-08-27 17:37:13', '', '8', '1', '2345', '8', '4', '4', '1', '0', '4690', '0', '0', '0', '0', '0', NULL, '19', '0', '', '0', NULL, '0', '0.5', '0', '19', '3', '0', '1', '654'),
('655', '11', 'Churrasquito', '', '11', '', '10', '', '11', '27', '2024-04-09', '2024-08-27 17:37:13', '', '8', '1', '2495', '8', '4', '4', '1', '0', '4990', '4990', '4990', '', '', '', '', '20', '0', '', '', '', '', '0.5', '', '19', '3', '', '1', '655'),
('656', '12', 'Churrasquito x 2 kg', '', '11', '', '10', '', '12', '27', '2024-04-09', '2024-08-27 17:37:13', '', '8', '1', '3995', '8', '4', '4', '1', '0', '7990', '7990', '7990', '', '', '', '', '18', '0', '', '', '', '', '0.5', '', '19', '3', '', '1', '656'),
('657', '13', 'Cuadrada', '', '11', '', '10', '', '13', '27', '2024-04-09', '2024-08-27 17:37:13', '', '8', '1', '1645', '8', '4', '4', '1', '0', '3290', '0', '3290', '', '', '', NULL, '-12', '0', '', '0', NULL, '', '0.5', '', '19', '3', '1', '1', '657'),
('658', '14', 'Cuadril', '', '11', '', '10', '', '14', '27', '2024-04-09', '2024-08-27 17:37:13', '', '8', '1', '1645', '8', '4', '4', '1', '0', '3290', '3290', '3290', '', '', '', '', '20', '0', '', '', '', '', '0.5', '', '19', '3', '', '1', '658'),
('659', '15', 'Cuerito', '', '11', '', '10', '', '15', '27', '2024-04-09', '2024-08-27 17:37:13', '', '8', '1', '125', '8', '4', '4', '1', '0', '250', '250', '250', '', '', '', '', '20', '0', '', '', '', '', '0.5', '', '19', '3', '', '1', '659'),
('660', '16', 'Jamon', '', '11', '', '10', '', '16', '27', '2024-04-09', '2024-08-27 17:37:13', '', '8', '1', '1345', '8', '4', '4', '1', '0', '2690', '0', '2690', '', '', '', NULL, '20', '0', '', '0', NULL, '', '0.5', '', '19', '3', '', '1', '660'),
('661', '17', 'Marucha', '', '11', '', '10', '', '17', '27', '2024-04-09', '2024-08-27 17:37:13', '', '8', '1', '1350', '8', '4', '4', '1', '0', '2700', '2700', '2700', '', '', '', '', '20', '0', '', '', '', '', '0.5', '', '19', '3', '', '1', '661'),
('662', '18', 'Marucha x 2 kg', '', '11', '', '10', '', '18', '27', '2024-04-09', '2024-08-27 17:37:13', '', '8', '1', '2345', '8', '4', '4', '1', '0', '4690', '4690', '4690', '', '', '', '', '20', '0', '', '', '', '', '0.5', '', '19', '3', '', '1', '662'),
('663', '19', 'Matambre', '', '11', '', '10', '', '19', '27', '2024-04-09', '2024-08-27 17:37:13', '', '8', '1', '2345', '8', '4', '4', '1', '0', '4690', '4690', '4690', '', '', '', '', '20', '0', '', '', '', '', '0.5', '', '19', '3', '', '1', '663'),
('664', '20', 'Nalga', '', '11', '', '10', '', '20', '27', '2024-04-09', '2024-08-27 17:37:13', '', '8', '1', '1645', '8', '4', '4', '1', '0', '3290', '0', '3290', '', '', '', NULL, '2', '0', '', '0', NULL, '', '0.5', '', '19', '3', '1', '1', '664'),
('665', '21', 'Paleta entera  ', '', '11', '', '10', '', '21', '27', '2024-04-09', '2024-08-27 17:37:13', '', '8', '1', '1050', '8', '4', '4', '1', '0', '2100', '2100', '2100', '', '', '', '', '18', '0', '', '', '', '', '0.5', '', '19', '3', '', '1', '665'),
('666', '22', 'Patitas', '', '11', '', '10', '', '22', '27', '2024-04-09', '2024-08-27 17:37:13', '', '8', '1', '100', '8', '4', '4', '1', '0', '200', '200', '200', '', '', '', '', '19', '0', '', '', '', '', '0.5', '', '19', '3', '', '1', '666'),
('667', '23', 'Peceto', '', '11', '', '10', '', '23', '27', '2024-04-09', '2024-08-27 17:37:13', '', '8', '1', '1645', '8', '4', '4', '1', '0', '3290', '3290', '3290', '', '', '', '', '19', '0', '', '', '', '', '0.5', '', '19', '3', '', '1', '667'),
('668', '24', 'Picada', '', '11', '', '10', '', '24', '27', '2024-04-09', '2024-08-27 17:37:13', '', '8', '1', '1550', '8', '4', '4', '1', '0', '3100', '3100', '3100', '', '', '', '', '20', '0', '', '', '', '', '0.5', '', '19', '3', '', '1', '668'),
('669', '25', 'Picada de cerdo x 2 kg', '', '11', '', '10', '', '25', '27', '2024-04-09', '2024-08-27 17:37:13', '', '8', '1', '2495', '8', '4', '4', '1', '0', '4990', '0', '4990', '', '', '', NULL, '19', '0', '', '0', NULL, '', '0.5', '', '19', '3', '', '1', '669'),
('670', '26', 'Solomillo', '', '11', '', '10', '', '26', '27', '2024-04-09', '2024-08-27 17:37:13', '', '8', '1', '2395', '8', '4', '4', '1', '0', '4790', '4790', '4790', '', '', '', '', '20', '0', '', '', '', '', '0.5', '', '19', '3', '', '1', '670'),
('671', '27', 'Solomillo x2kg ', '', '11', '', '10', '', '27', '27', '2024-04-09', '2024-08-27 17:37:13', '', '8', '1', '3950', '8', '4', '4', '1', '0', '7900', '7900', '7900', '', '', '', '', '20', '0', '', '', '', '', '0.5', '', '19', '3', '', '1', '671'),
('672', '28', 'Tapa de Nalga', '', '11', '', '10', '', '28', '27', '2024-04-09', '2024-08-27 17:37:13', '', '8', '1', '1645', '8', '4', '4', '1', '0', '3290', '3290', '3290', '', '', '', '', '20', '0', '', '', '', '', '0.5', '', '19', '3', '', '1', '672'),
('673', '29', 'Tocino', '', '11', '', '10', '', '29', '27', '2024-04-09', '2024-08-27 17:37:13', '', '8', '1', '195', '8', '4', '4', '1', '0', '390', '390', '390', '', '', '', '', '20', '0', '', '', '', '', '0.5', '', '19', '3', '', '1', '673'),
('674', '30', 'Vacío de cerdo', '', '11', '', '10', '', '30', '27', '2024-04-09', '2024-08-27 17:37:13', '', '8', '1', '2245', '8', '4', '4', '1', '0', '4490', '0', '4490', '', '', '', NULL, '20', '0', '', '0', NULL, '', '0.5', '', '19', '3', '', '1', '674'),
('675', '31', 'Pollo', '', '12', '', '10', '', '31', '27', '2024-04-09', '2024-08-27 17:37:13', '', '8', '1', '1245', '8', '4', '4', '1', '0', '2490', '2490', '2490', '', '', '', '', '20', '0', '', '', '', '', '0.5', '', '19', '3', '', '1', '675'),
('676', '32', 'Suprema ', '', '12', '', '10', '', '32', '27', '2024-04-09', '2024-08-27 17:37:13', '', '8', '1', '3345', '8', '4', '4', '1', '0', '6690', '6690', '6690', '', '', '', '', '20', '0', '', '', '', '', '0.5', '', '19', '3', '', '1', '676'),
('677', '33', 'Suprema x 2kg', '', '12', '', '10', '', '33', '27', '2024-04-09', '2024-08-27 17:37:13', '', '8', '1', '5995', '8', '4', '4', '1', '0', '11990', '11990', '11990', '', '', '', '', '19', '0', '', '', '', '', '0.5', '', '19', '3', '', '1', '677'),
('678', '34', 'Pata y muslo', '', '12', '', '10', '', '34', '27', '2024-04-09', '2024-08-27 17:37:13', '', '8', '1', '1845', '8', '4', '4', '1', '0', '3690', '3690', '3690', '', '', '', '', '20', '0', '', '', '', '', '0.5', '', '19', '3', '', '1', '678'),
('679', '35', 'Pata y musl x3kg ', '', '12', '', '10', '', '33', '27', '2024-04-09', '2024-08-27 17:37:13', '', '8', '1', '2995', '8', '4', '4', '1', '0', '5990', '0', '5990', '', '', '', NULL, '2', '0', '', '0', NULL, '', '0.5', '', '19', '3', '1', '1', '679'),
('680', '36', 'Alitas', '', '12', '', '10', '', '36', '27', '2024-04-09', '2024-08-27 17:37:13', '', '8', '1', '995', '8', '4', '4', '1', '0', '1990', '1990', '1990', '', '', '', '', '20', '0', '', '', '', '', '0.5', '', '19', '3', '', '1', '680'),
('681', '37', 'Alitas x 3kg', '', '12', '', '10', '', '37', '27', '2024-04-09', '2024-08-27 17:37:13', '', '8', '1', '1895', '8', '4', '4', '1', '0', '3790', '3790', '3790', '', '', '', '', '20', '0', '', '', '', '', '0.5', '', '19', '3', '', '1', '681'),
('682', '38', 'Menudos', '', '12', '', '10', '', '38', '27', '2024-04-09', '2024-08-27 17:37:13', '', '8', '1', '699.5', '8', '4', '4', '1', '0', '1399', '1399', '1399', '', '', '', '', '20', '', '', '', '', '', '0.5', '', '19', '3', '', '1', '682'),
('683', '39', 'Menudos x3 kg', '', '12', '', '10', '', '39', '27', '2024-04-09', '2024-08-27 17:37:13', '', '8', '1', '949.5', '8', '4', '4', '1', '0', '1899', '1899', '1899', '', '', '', '', '20', '', '', '', '', '', '0.5', '', '19', '3', '', '1', '683'),
('684', '40', 'Pechuga C/ HUESO', '', '12', '', '10', '', '40', '27', '2024-04-09', '2024-08-27 17:37:13', '', '8', '1', '1995', '8', '4', '4', '1', '0', '3990', '0', '0', '0', '0', '0', NULL, '20', '', '', '0', NULL, '0', '0.5', '0', '19', '3', '0', '1', '684'),
('685', '41', 'Pollo x cajon ', '', '12', '', '10', '', '41', '27', '2024-04-09', '2024-08-27 17:37:13', '', '8', '1', '20000', '8', '4', '4', '1', '0', '40000', '40000', '40000', '', '', '', '', '20', '', '', '', '', '', '0.5', '', '19', '3', '', '1', '685'),
('686', '42', 'Cochinillo', '', '13', '', '10', '', '42', '27', '2024-04-09', '2024-08-27 17:37:13', '', '8', '1', '4000', '8', '4', '4', '1', '0', '8000', '8000', '8000', '', '', '', '', '20', '', '', '', '', '', '0.5', '', '19', '3', '', '1', '686'),
('687', '43', 'Menor a 10 kg', '', '13', '', '10', '', '43', '27', '2024-04-09', '2024-08-27 17:37:13', '', '8', '1', '2995', '8', '4', '4', '1', '0', '5990', '5990', '5990', '', '', '', '', '20', '', '', '', '', '', '0.5', '', '19', '3', '', '1', '687'),
('688', '44', 'De 10 a 16 kg', '', '13', '', '10', '', '44', '27', '2024-04-09', '2024-08-27 17:37:13', '', '8', '1', '2495', '8', '4', '4', '1', '0', '4990', '4990', '4990', '', '', '', '', '18', '', '', '', '', '', '0.5', '', '19', '3', '', '1', '688'),
('689', '45', 'De 16 a 22kg', '', '13', '', '10', '', '45', '27', '2024-04-09', '2024-08-27 17:37:13', '', '8', '1', '1995', '8', '4', '4', '1', '0', '3990', '0', '0', '0', '0', '0', '', '19', '', '', '0', NULL, '0', '0.5', '0', '19', '3', '0', '1', '689'),
('690', '46', 'Menor a 16kg', '', '14', '', '10', '', '46', '27', '2024-04-09', '2024-08-27 17:37:13', '', '8', '1', '2495', '8', '4', '4', '1', '0', '4990', '4990', '4990', '', '', '', '', '20', '', '', '', '', '', '0.5', '', '19', '3', '', '1', '690'),
('691', '47', 'Por trozo', '', '14', '', '10', '', '47', '27', '2024-04-09', '2024-08-27 17:37:13', '', '8', '1', '2495', '8', '4', '4', '1', '0', '4990', '0', '0', '0', '0', '0', '', '20', '', '', '0', NULL, '0', '0.5', '0', '19', '3', '0', '1', '691'),
('692', '48', 'Asado de oferta', '', '15', '', '10', '', '48', '27', '2024-04-09', '2024-08-27 17:37:13', '', '8', '1', '2995', '8', '4', '4', '1', '0', '5990', '5990', '5990', '', '', '', '', '20', '', '', '', '', '', '0.5', '', '19', '3', '', '1', '692'),
('693', '49', 'Asado americano', '', '15', '', '10', '', '49', '27', '2024-04-09', '2024-08-27 17:37:13', '', '8', '1', '3495', '8', '4', '4', '1', '0', '6990', '6990', '6990', '', '', '', '', '20', '', '', '', '', '', '0.5', '', '19', '3', '', '1', '693'),
('694', '50', 'Asado', '', '15', '', '10', '', '50', '27', '2024-04-09', '2024-08-27 17:37:13', '', '8', '1', '3845', '8', '4', '4', '1', '0', '7690', '7690', '7690', '', '', '', '', '20', '', '', '', '', '', '0.5', '', '19', '3', '', '1', '694'),
('695', '51', 'Bife aguja', '', '15', '', '10', '', '51', '27', '2024-04-09', '2024-08-27 17:37:13', '', '8', '1', '2895', '8', '4', '4', '1', '0', '5790', '5790', '5790', '', '', '', '', '20', '', '', '', '', '', '0.5', '', '19', '3', '', '1', '695'),
('696', '52', 'Bife ancho', '', '15', '', '10', '', '52', '27', '2024-04-09', '2024-08-27 17:37:13', '', '8', '1', '3495', '8', '4', '4', '1', '0', '6990', '6990', '6990', '', '', '', '', '20', '', '', '', '', '', '0.5', '', '19', '3', '', '1', '696'),
('697', '53', 'Bife angosto', '', '15', '', '10', '', '53', '27', '2024-04-09', '2024-08-27 17:37:13', '', '8', '1', '3495', '8', '4', '4', '1', '0', '6990', '6990', '6990', '', '', '', '', '20', '', '', '', '', '', '0.5', '', '19', '3', '', '1', '697'),
('698', '54', 'Bife de chorizo', '', '15', '', '10', '', '54', '27', '2024-04-09', '2024-08-27 17:37:13', '', '8', '1', '4945', '8', '4', '4', '1', '0', '9890', '9890', '9890', '', '', '', '', '20', '', '', '', '', '', '0.5', '', '19', '3', '', '1', '698'),
('699', '55', 'Bola de lomo', '', '15', '', '10', '', '55', '27', '2024-04-09', '2024-08-27 17:37:13', '', '8', '1', '3995', '8', '4', '4', '1', '0', '7990', '7990', '7990', '', '', '', '', '19', '', '', '', '', '', '0.5', '', '19', '3', '', '1', '699'),
('700', '56', 'Caracú', '', '15', '', '10', '', '56', '27', '2024-04-09', '2024-08-27 17:37:13', '', '8', '1', '2145', '8', '4', '4', '1', '0', '4290', '0', '4290', '', '', '', NULL, '19', '', '', '0', NULL, '', '0.5', '', '19', '3', '', '1', '700'),
('701', '57', 'Cartílago', '', '15', '', '10', '', '57', '27', '2024-04-09', '2024-08-27 17:37:13', '', '8', '1', '1445', '8', '4', '4', '1', '0', '2890', '0', '2890', '', '', '', NULL, '20', '', '', '0', NULL, '', '0.5', '', '19', '3', '', '1', '701'),
('702', '58', 'Cartílago x 3 kg', '', '15', '', '10', '', '58', '27', '2024-04-09', '2024-08-27 17:37:13', '', '8', '1', '1995', '8', '4', '4', '1', '0', '3990', '0', '3990', '', '', '', NULL, '20', '', '', '0', NULL, '', '0.5', '', '19', '3', '', '1', '702'),
('703', '59', 'Chiquisuela', '', '15', '', '10', '', '59', '27', '2024-04-09', '2024-08-27 17:37:13', '', '8', '1', '2145', '8', '4', '4', '1', '0', '4290', '4290', '4290', '', '', '', '', '20', '', '', '', '', '', '0.5', '', '19', '3', '', '1', '703'),
('704', '60', 'Colita de cuadril', '', '15', '', '10', '', '60', '27', '2024-04-09', '2024-08-27 17:37:13', '', '8', '1', '3995', '8', '4', '4', '1', '0', '7990', '7990', '7990', '', '', '', '', '20', '', '', '', '', '', '0.5', '', '19', '3', '', '1', '704'),
('705', '61', 'Cuadrada', '', '15', '', '10', '', '61', '27', '2024-04-09', '2024-08-27 17:37:13', '', '8', '1', '3995', '8', '4', '4', '1', '0', '7990', '7990', '7990', '', '', '', '', '20', '', '', '', '', '', '0.5', '', '19', '3', '', '1', '705'),
('706', '62', 'Cuadril', '', '15', '', '10', '', '62', '27', '2024-04-09', '2024-08-27 17:37:13', '', '8', '1', '3995', '8', '4', '4', '1', '0', '7990', '7990', '7990', '', '', '', '', '20', '', '', '', '', '', '0.5', '', '19', '3', '', '1', '706'),
('707', '63', 'Entraña', '', '15', '', '10', '', '63', '27', '2024-04-09', '2024-08-27 17:37:13', '', '8', '1', '5950', '8', '4', '4', '1', '0', '11900', '0', '11900', '', '', '', NULL, '20', '', '', '0', NULL, '', '0.5', '', '19', '3', '', '1', '707'),
('708', '64', 'Espinazo x3 kg', '', '15', '', '10', '', '64', '27', '2024-04-09', '2024-08-27 17:37:13', '', '8', '1', '2495', '8', '4', '4', '1', '0', '4990', '4990', '4990', '', '', '', '', '20', '', '', '', '', '', '0.5', '', '19', '3', '', '1', '708'),
('709', '65', 'Espinazo', '', '15', '', '10', '', '65', '27', '2024-04-09', '2024-08-27 17:37:13', '', '8', '1', '1295', '8', '4', '4', '1', '0', '2590', '2590', '2590', '', '', '', '', '19', '', '', '', '', '', '0.5', '', '19', '3', '', '1', '709'),
('710', '66', 'Falda parrillera', '', '15', '', '10', '', '66', '27', '2024-04-09', '2024-08-27 17:37:13', '', '8', '1', '2995', '8', '4', '4', '1', '0', '5990', '5990', '5990', '', '', '', '', '19', '', '', '', '', '', '0.5', '', '19', '3', '', '1', '710'),
('711', '67', 'Lomo', '', '15', '', '10', '', '67', '27', '2024-04-09', '2024-08-27 17:37:13', '', '8', '1', '4945', '8', '4', '4', '1', '0', '9890', '9890', '9890', '', '', '', '', '20', '', '', '', '', '', '0.5', '', '19', '3', '', '1', '711'),
('712', '68', 'Matambre', '', '15', '', '10', '', '68', '27', '2024-04-09', '2024-08-27 17:37:13', '', '8', '1', '4450', '8', '4', '4', '1', '0', '8900', '8900', '8900', '', '', '', '', '20', '', '', '', '', '', '0.5', '', '19', '3', '', '1', '712'),
('713', '69', 'Nalga', '', '15', '', '10', '', '69', '27', '2024-04-09', '2024-08-27 17:37:13', '', '8', '1', '4495', '8', '4', '4', '1', '0', '8990', '8990', '8990', '', '', '', '', '20', '', '', '', '', '', '0.5', '', '19', '3', '', '1', '713'),
('714', '70', 'Paleta', '', '15', '', '10', '', '70', '27', '2024-04-09', '2024-08-27 17:37:13', '', '8', '1', '3495', '8', '4', '4', '1', '0', '6990', '6990', '6990', '', '', '', '', '20', '', '', '', '', '', '0.5', '', '19', '3', '', '1', '714'),
('715', '71', 'Palomita', '', '15', '', '10', '', '71', '27', '2024-04-09', '2024-08-27 17:37:13', '', '8', '1', '3245', '8', '4', '4', '1', '0', '6490', '6490', '6490', '', '', '', '', '20', '', '', '', '', '', '0.5', '', '19', '3', '', '1', '715'),
('716', '72', 'Peceto ', '', '15', '', '10', '', '72', '27', '2024-04-09', '2024-08-27 17:37:13', '', '8', '1', '4995', '8', '4', '4', '1', '0', '9990', '9990', '9990', '', '', '', '', '20', '', '', '', '', '', '0.5', '', '19', '3', '', '1', '716'),
('717', '73', 'Picada común', '', '15', '', '10', '', '73', '27', '2024-04-09', '2024-08-27 17:37:13', '', '8', '1', '2345', '8', '4', '4', '1', '0', '4690', '0', '4690', '', '', '', NULL, '20', '', '', '0', NULL, '', '0.5', '', '19', '3', '', '1', '717'),
('718', '74', 'Picada común x2 kg', '', '15', '', '10', '', '74', '27', '2024-04-09', '2024-08-27 17:37:13', '', '8', '1', '3995', '8', '4', '4', '1', '0', '7990', '0', '7990', '', '', '', NULL, '19', '', '', '0', NULL, '', '0.5', '', '19', '3', '', '1', '718'),
('719', '75', 'Picada especial', '', '15', '', '10', '', '75', '27', '2024-04-09', '2024-08-27 17:37:13', '', '8', '1', '3245', '8', '4', '4', '1', '0', '6490', '6490', '6490', '', '', '', '', '20', '', '', '', '', '', '0.5', '', '19', '3', '', '1', '719'),
('720', '76', 'Picada especial X 2 kg', '', '15', '', '10', '', '76', '27', '2024-04-09', '2024-08-27 17:37:13', '', '8', '1', '4995', '8', '4', '4', '1', '0', '9990', '0', '9990', '', '', '', NULL, '19', '', '', '0', NULL, '', '0.5', '', '19', '3', '', '1', '720'),
('721', '77', 'Roast beef', '', '15', '', '10', '', '77', '27', '2024-04-09', '2024-08-27 17:37:13', '', '8', '1', '3245', '8', '4', '4', '1', '0', '6490', '6490', '6490', '', '', '', '', '20', '', '', '', '', '', '0.5', '', '19', '3', '', '1', '721'),
('722', '78', 'Tapa de asado', '', '15', '', '10', '', '78', '27', '2024-04-09', '2024-08-27 17:37:13', '', '8', '1', '4245', '8', '4', '4', '1', '0', '8490', '8490', '8490', '', '', '', '', '20', '', '', '', '', '', '0.5', '', '19', '3', '', '1', '722'),
('723', '79', 'Tapa de nalga', '', '15', '', '10', '', '79', '27', '2024-04-09', '2024-08-27 17:37:13', '', '8', '1', '3995', '8', '4', '4', '1', '0', '7990', '7990', '7990', '', '', '', '', '20', '', '', '', '', '', '0.5', '', '19', '3', '', '1', '723'),
('724', '80', 'Tapa de paleta', '', '15', '', '10', '', '80', '27', '2024-04-09', '2024-08-27 17:37:13', '', '8', '1', '3995', '8', '4', '4', '1', '0', '7990', '7990', '7990', '', '', '', '', '20', '', '', '', '', '', '0.5', '', '19', '3', '', '1', '724'),
('725', '81', 'Tortuguita', '', '15', '', '10', '', '81', '27', '2024-04-09', '2024-08-27 17:37:13', '', '8', '1', '3245', '8', '4', '4', '1', '0', '6490', '6490', '6490', '', '', '', '', '20', '', '', '', '', '', '0.5', '', '19', '3', '', '1', '725'),
('726', '82', 'Vacío', '', '15', '', '10', '', '82', '27', '2024-04-09', '2024-08-27 17:37:13', '', '8', '1', '4845', '8', '4', '4', '1', '0', '9690', '0', '9690', '', '', '', NULL, '20', '', '', '0', NULL, '', '0.5', '', '19', '3', '', '1', '726'),
('727', '83', 'Paleta entera c  hueso', '', '15', '', '10', '', '83', '27', '2024-04-09', '2024-08-27 17:37:13', '', '8', '1', '2445', '8', '4', '4', '1', '0', '4890', '4890', '4890', '', '', '', '', '20', '', '', '', '', '', '0.5', '', '19', '3', '', '1', '727'),
('728', '84', 'Roast beef entero c  hueso', '', '15', '', '10', '', '84', '27', '2024-04-09', '2024-08-27 17:37:13', '', '8', '1', '2345', '8', '4', '4', '1', '0', '4690', '4690', '4690', '', '', '', '', '20', '', '', '', '', '', '0.5', '', '19', '3', '', '1', '728'),
('729', '85', 'Mocho (cuarto trasero)', '', '15', '', '10', '', '85', '27', '2024-04-09', '2024-08-27 17:37:13', '', '8', '1', '2945', '8', '4', '4', '1', '0', '5890', '5890', '5890', '', '', '', '', '20', '', '', '', '', '', '0.5', '', '19', '3', '', '1', '729'),
('730', '86', 'Chorizo mezcla', '', '17', '', '10', '', '86', '27', '2024-04-09', '2024-08-27 17:37:13', '', '8', '1', '1750', '8', '4', '4', '1', '0', '3500', '3500', '3500', '', '', '', '', '20', '', '', '', '', '', '0.5', '', '19', '3', '', '1', '730'),
('731', '87', 'Chorizo mezcla x2 kg', '', '17', '', '10', '', '87', '27', '2024-04-09', '2024-08-27 17:37:13', '', '8', '1', '2995', '8', '4', '4', '1', '0', '5990', '0', '5990', '', '', '', NULL, '19', '', '', '0', NULL, '', '0.5', '', '19', '3', '', '1', '731'),
('732', '88', 'Chorizo mezcla', '', '17', '', '10', '', '88', '27', '2024-04-09', '2024-08-27 17:37:13', '', '8', '1', '13995', '8', '4', '4', '1', '0', '27990', '27990', '27990', '', '', '', '', '19', '', '', '', '', '', '0.5', '', '19', '3', '', '1', '732'),
('733', '89', 'medio gancho mezcla ', '', '17', '', '10', '', '89', '27', '2024-04-09', '2024-08-27 17:37:13', '', '8', '1', '7000', '8', '4', '4', '1', '0', '14000', '14000', '14000', '', '', '', '', '20', '', '', '', '', '', '0.5', '', '19', '3', '', '1', '733'),
('734', '90', 'Chorizo puro cerdo x 2 kg', '', '17', '', '10', '', '90', '27', '2024-04-09', '2024-08-27 17:37:13', '', '8', '1', '3950', '8', '4', '4', '1', '0', '7900', '7900', '7900', '', '', '', '', '20', '', '', '', '', '', '0.5', '', '19', '3', '', '1', '734'),
('735', '91', 'Chorizo puro cerdo', '', '17', '', '10', '', '91', '27', '2024-04-09', '2024-08-27 17:37:13', '', '8', '1', '1995', '8', '4', '4', '1', '0', '3990', '3990', '3990', '', '', '', '', '20', '', '', '', '', '', '0.5', '', '19', '3', '', '1', '735'),
('736', '92', 'Hamburg de carne x 1 kg', '', '17', '', '10', '', '92', '27', '2024-04-09', '2024-08-27 17:37:13', '', '8', '1', '2795', '8', '4', '4', '1', '0', '5590', '5590', '5590', '', '', '', '', '20', '', '', '', '', '', '0.5', '', '19', '3', '', '1', '736'),
('737', '93', 'Hamburg carne x 2 kg', '', '17', '', '10', '', '93', '27', '2024-04-09', '2024-08-27 17:37:13', '', '8', '1', '3495', '8', '4', '4', '1', '0', '6990', '6990', '6990', '', '', '', '', '20', '', '', '', '', '', '0.5', '', '19', '3', '', '1', '737'),
('738', '94', 'Hamburg de pollo x 1 kg', '', '17', '', '10', '', '94', '27', '2024-04-09', '2024-08-27 17:37:13', '', '8', '1', '2795', '8', '4', '4', '1', '0', '5590', '5590', '5590', '', '', '', '', '20', '', '', '', '', '', '0.5', '', '19', '3', '', '1', '738'),
('739', '95', 'Hamburg pollo x 2 kg', '', '17', '', '10', '', '95', '27', '2024-04-09', '2024-08-27 17:37:13', '', '8', '1', '3495', '8', '4', '4', '1', '0', '6990', '6990', '6990', '', '', '', '', '20', '', '', '', '', '', '0.5', '', '19', '3', '', '1', '739'),
('740', '96', 'Milanesa de cerdo x 1kg', '', '17', '', '10', '', '96', '27', '2024-04-09', '2024-08-27 17:37:13', '', '8', '1', '2795', '8', '4', '4', '1', '0', '5590', '5590', '5590', '', '', '', '', '20', '', '', '', '', '', '0.5', '', '19', '3', '', '1', '740'),
('741', '97', 'Milanesa de cerdo x 2 kg', '', '17', '', '10', '', '97', '27', '2024-04-09', '2024-08-27 17:37:13', '', '8', '1', '3495', '8', '4', '4', '1', '0', '6990', '0', '6990', '', '', '', NULL, '1', '', '', '0', NULL, '', '0.5', '', '19', '3', '1', '1', '741'),
('742', '98', 'Milanesa de pollo x1 kg', '', '17', '', '10', '', '98', '27', '2024-04-09', '2024-08-27 17:37:13', '', '8', '1', '2795', '8', '4', '4', '1', '0', '5590', '0', '5590', '', '', '', NULL, '2', '', '', '0', NULL, '', '0.5', '', '19', '3', '1', '1', '742'),
('743', '99', 'Milanesa de ternera x1 kg', '', '17', '', '10', '', '99', '27', '2024-04-09', '2024-08-27 17:37:13', '', '8', '1', '2950', '8', '4', '4', '1', '0', '5900', '5900', '5900', '', '', '', '', '20', '', '', '', '', '', '0.5', '', '19', '3', '', '1', '743'),
('744', '100', 'Milanesas de pollo x 2 kg', '', '17', '', '10', '', '100', '27', '2024-04-09', '2024-08-27 17:37:13', '', '8', '1', '3495', '8', '4', '4', '1', '0', '6990', '0', '6990', '', '', '', NULL, '7', '', '', '0', NULL, '', '0.5', '', '19', '3', '1', '1', '744'),
('745', '101', 'Morcilla bombón', '', '17', '', '10', '', '101', '27', '2024-04-09', '2024-08-27 17:37:13', '', '8', '1', '1495', '8', '4', '4', '1', '0', '2990', '0', '2990', '', '', '', NULL, '20', '', '', '0', NULL, '', '0.5', '', '19', '3', '', '1', '745'),
('746', '102', 'Morcilla Vasca', '', '17', '', '10', '', '102', '27', '2024-04-09', '2024-08-27 17:37:13', '', '8', '1', '1495', '8', '4', '4', '1', '0', '2990', '2990', '2990', '', '', '', '', '20', '', '', '', '', '', '0.5', '', '19', '3', '', '1', '746'),
('747', '103', 'Morcilla', '', '17', '', '10', '', '103', '27', '2024-04-09', '2024-08-27 17:37:13', '', '8', '1', '1245', '8', '4', '4', '1', '0', '2490', '2490', '2490', '', '', '', '', '20', '', '', '', '', '', '0.5', '', '19', '3', '', '1', '747'),
('748', '104', 'Panceta salada', '', '17', '', '10', '', '104', '27', '2024-04-09', '2024-08-27 17:37:13', '', '8', '1', '8495', '8', '4', '4', '1', '0', '16990', '16990', '16990', '', '', '', '', '20', '', '', '', '', '', '0.5', '', '19', '3', '', '1', '748'),
('749', '105', 'Salamín casero', '', '17', '', '10', '', '105', '27', '2024-04-09', '2024-08-27 17:37:13', '', '8', '1', '8495', '8', '4', '4', '1', '0', '16990', '0', '16990', '', '', '', NULL, '20', '', '', '0', NULL, '', '0.5', '', '19', '3', '', '1', '749'),
('750', '106', 'Salamín colorado', '', '17', '', '10', '', '106', '27', '2024-04-09', '2024-08-27 17:37:13', '', '8', '1', '8495', '8', '4', '4', '1', '0', '16990', '0', '16990', '', '', '', NULL, '20', '', '', '0', NULL, '', '0.5', '', '19', '3', '', '1', '750'),
('751', '107', 'Salchicha parrillera', '', '17', '', '10', '', '107', '27', '2024-04-09', '2024-08-27 17:37:13', '', '8', '1', '2495', '8', '4', '4', '1', '0', '4990', '4990', '4990', '', '', '', '', '20', '', '', '', '', '', '0.5', '', '19', '3', '', '1', '751'),
('752', '108', 'Salchichas Viena', '', '17', '', '10', '', '108', '27', '2024-04-09', '2024-08-27 17:37:13', '', '8', '1', '2495', '8', '4', '4', '1', '0', '4990', '4990', '4990', '', '', '', '', '20', '', '', '', '', '', '0.5', '', '19', '3', '', '1', '752'),
('753', '109', 'Carbón x 10kg', '', '18', '', '10', '', '109', '27', '2024-04-09', '2024-08-27 17:37:13', '', '8', '1', '1750', '8', '4', '4', '1', '0', '5082', '0', '5082', '', '', '', NULL, '20', '', '', '0', NULL, '', '0.5', '', '19', '3', '', '1', '753'),
('754', '110', 'Carbón x 4kg', '', '18', '', '10', '', '110', '27', '2024-04-09', '2024-08-27 17:37:13', '', '8', '1', '995', '8', '4', '4', '1', '0', '2889.48', '0', '2889.48', '', '', '', NULL, '20', '', '', '0', NULL, '', '0.5', '', '19', '3', '', '1', '754'),
('755', '111', 'Condimento botellita', '', '18', '', '10', '', '111', '27', '2024-04-09', '2024-08-27 17:37:13', '', '8', '1', '1450', '8', '4', '4', '1', '0', '4210.8', '4210.8', '4210.8', '', '', '', '', '20', '', '', '', '', '', '0.5', '', '19', '3', '', '1', '755'),
('756', '112', 'Leña', '', '18', '', '10', '', '112', '27', '2024-04-09', '2024-08-27 17:37:13', '', '8', '1', '1250', '8', '4', '4', '1', '0', '3630', '0', '3630', '', '', '', NULL, '20', '', '', '0', NULL, '', '0.5', '', '19', '3', '', '1', '756'),
('757', '113', 'Pan rallado x 1 kg', '', '18', '', '10', '', '113', '27', '2024-04-09', '2024-08-27 17:37:13', '', '8', '1', '950', '8', '4', '4', '1', '0', '2758.8', '2758.8', '2758.8', '', '', '', '', '20', '', '', '', '', '', '0.5', '', '19', '3', '', '1', '757'),
('758', '114', 'Pan rallado x 1/2 kg', '', '18', '', '10', '', '114', '27', '2024-04-09', '2024-08-27 17:37:13', '', '8', '1', '495', '8', '4', '4', '1', '0', '1437.48', '1437.48', '1437.48', '', '', '', '', '20', '', '', '', '', '', '0.5', '', '19', '3', '', '1', '758'),
('759', '115', 'Provoleta', '', '18', '', '10', '', '115', '27', '2024-04-09', '2024-08-27 17:37:13', '', '8', '1', '1495', '8', '4', '4', '1', '0', '4341.48', '4341.48', '4341.48', '', '', '', '', '20', '', '', '', '', '', '0.5', '', '19', '3', '', '1', '759'),
('760', '116', 'Maple de huevo ', '', '18', '', '10', '', '116', '27', '2024-04-09', '2024-08-27 17:37:13', '', '8', '1', '1995', '8', '4', '4', '1', '0', '5793.48', '5793.48', '5793.48', '', '', '', '', '20', '', '', '', '', '', '0.5', '', '19', '3', '', '1', '760'),
('761', '117', 'Centro tripero', '', '19', '', '10', '', '117', '27', '2024-04-09', '2024-08-27 17:37:13', '', '8', '1', '545', '8', '4', '4', '1', '0', '1090', '1090', '1090', '', '', '', '', '20', '', '', '', '', '', '0.5', '', '19', '3', '', '1', '761'),
('762', '118', 'Centro de entraña', '', '19', '', '10', '', '118', '27', '2024-04-09', '2024-08-27 17:37:13', '', '8', '1', '1945', '8', '4', '4', '1', '0', '3890', '0', '3890', '', '', '', NULL, '20', '', '', '0', NULL, '', '0.5', '', '19', '3', '', '1', '762'),
('763', '119', 'Chinchulín', '', '19', '', '10', '', '119', '27', '2024-04-09', '2024-08-27 17:37:13', '', '8', '1', '945', '8', '4', '4', '1', '0', '1890', '0', '1890', '', '', '', NULL, '20', '', '', '0', NULL, '', '0.5', '', '19', '3', '', '1', '763'),
('764', '120', 'Corazón', '', '19', '', '10', '', '120', '27', '2024-04-09', '2024-08-27 17:37:13', '', '8', '1', '945', '8', '4', '4', '1', '0', '1890', '0', '1890', '', '', '', NULL, '20', '', '', '0', NULL, '', '0.5', '', '19', '3', '', '1', '764'),
('765', '121', 'Hígado', '', '19', '', '10', '', '121', '27', '2024-04-09', '2024-08-27 17:37:13', '', '8', '1', '945', '8', '4', '4', '1', '0', '1890', '0', '1890', '', '', '', NULL, '20', '', '', '0', NULL, '', '0.5', '', '19', '3', '', '1', '765'),
('766', '122', 'Lengua', '', '19', '', '10', '', '122', '27', '2024-04-09', '2024-08-27 17:37:13', '', '8', '1', '2195', '8', '4', '4', '1', '0', '4390', '4390', '4390', '', '', '', '', '20', '', '', '', '', '', '0.5', '', '19', '3', '', '1', '766'),
('767', '123', 'Librillo', '', '19', '', '10', '', '123', '27', '2024-04-09', '2024-08-27 17:37:13', '', '8', '1', '0', '8', '4', '4', '1', '0', '0', '0', '0', '', '', '', '', '20', '', '', '', '', '', '0', '', '19', '3', '', '1', '767'),
('768', '124', 'Molleja', '', '19', '', '10', '', '124', '27', '2024-04-09', '2024-08-27 17:37:13', '', '8', '1', '2995', '8', '4', '4', '1', '0', '5990', '5990', '5990', '', '', '', '', '20', '', '', '', '', '', '0.5', '', '19', '3', '', '1', '768'),
('769', '125', 'Mondongo', '', '19', '', '10', '', '125', '27', '2024-04-09', '2024-08-27 17:37:13', '', '8', '1', '1250', '8', '4', '4', '1', '0', '2500', '2500', '2500', '', '', '', '', '20', '', '', '', '', '', '0.5', '', '19', '3', '', '1', '769'),
('770', '126', 'Quijada', '', '19', '', '10', '', '126', '27', '2024-04-09', '2024-08-27 17:37:13', '', '8', '1', '845', '8', '4', '4', '1', '0', '1690', '1690', '1690', '', '', '', '', '20', '', '', '', '', '', '0.5', '', '19', '3', '', '1', '770'),
('771', '127', 'Rabo', '', '19', '', '10', '', '127', '27', '2024-04-09', '2024-08-27 17:37:13', '', '8', '1', '1395', '8', '4', '4', '1', '0', '2790', '2790', '2790', '', '', '', '', '20', '', '', '', '', '', '0.5', '', '19', '3', '', '1', '771'),
('772', '128', 'Riñón', '', '19', '', '10', '', '128', '27', '2024-04-09', '2024-08-27 17:37:13', '', '8', '1', '1195', '8', '4', '4', '1', '0', '2390', '0', '2390', '', '', '', NULL, '20', '', '', '0', NULL, '', '0.5', '', '19', '3', '', '1', '772'),
('773', '129', 'Sesos', '', '19', '', '10', '', '129', '27', '2024-04-09', '2024-08-27 17:37:13', '', '8', '1', '549.5', '8', '4', '4', '1', '0', '1099', '1099', '1099', '', '', '', '', '20', '', '', '', '', '', '0.5', '', '19', '3', '', '1', '773'),
('774', '130', 'Tripa gorda', '', '19', '', '10', '', '130', '27', '2024-04-09', '2024-08-27 17:37:13', '', '8', '1', '549.5', '8', '4', '4', '1', '0', '1099', '1099', '1099', '', '', '', '', '20', '', '', '', '', '', '0.5', '', '19', '3', '', '1', '774'),
('775', '131', 'Tiritas crocantes de pollo', '', '20', '', '10', '', '131', '27', '2024-04-09', '2024-08-27 17:37:13', '', '8', '1', '3210', '8', '4', '4', '1', '0', '6420', '6420', '6420', '', '', '', '', '20', '', '', '', '', '', '0.5', '', '19', '3', '', '1', '775'),
('776', '132', 'Ricosaurio de pollo', '', '20', '', '10', '', '132', '27', '2024-04-09', '2024-08-27 17:37:13', '', '8', '1', '3025', '8', '4', '4', '1', '0', '6050', '6050', '6050', '', '', '', '', '20', '', '', '', '', '', '0.5', '', '19', '3', '', '1', '776'),
('777', '133', 'Bast  merluza rebosada', '', '20', '', '10', '', '133', '27', '2024-04-09', '2024-08-27 17:37:13', '', '8', '1', '1625', '8', '4', '4', '1', '0', '3250', '3250', '3250', '', '', '', '', '20', '', '', '', '', '', '0.5', '', '19', '3', '', '1', '777'),
('778', '134', 'Bocad  calabaza y mozzarella', '', '20', '', '10', '', '134', '27', '2024-04-09', '2024-08-27 17:37:13', '', '8', '1', '2200', '8', '4', '4', '1', '0', '4400', '4400', '4400', '', '', '', '', '20', '', '', '', '', '', '0.5', '', '19', '3', '', '1', '778'),
('779', '135', 'Bocadito de espinaca ', '', '20', '', '10', '', '135', '27', '2024-04-09', '2024-08-27 17:37:13', '', '8', '1', '1940', '8', '4', '4', '1', '0', '3880', '3880', '3880', '', '', '', '', '20', '', '', '', '', '', '0.5', '', '19', '3', '', '1', '779'),
('780', '136', 'Bocadito de mozzarella', '', '20', '', '10', '', '136', '27', '2024-04-09', '2024-08-27 17:37:13', '', '8', '1', '3805', '8', '4', '4', '1', '0', '7610', '7610', '7610', '', '', '', '', '20', '', '', '', '', '', '0.5', '', '19', '3', '', '1', '780'),
('781', '137', 'Bocaditos de pollo crocantes', '', '20', '', '10', '', '137', '27', '2024-04-09', '2024-08-27 17:37:13', '', '8', '1', '3210', '8', '4', '4', '1', '0', '6420', '6420', '6420', '', '', '', '', '20', '', '', '', '', '', '0.5', '', '19', '3', '', '1', '781'),
('782', '138', 'Filete de merluza rebozado', '', '20', '', '10', '', '138', '27', '2024-04-09', '2024-08-27 17:37:13', '', '8', '1', '3475', '8', '4', '4', '1', '0', '6950', '6950', '6950', '', '', '', '', '20', '', '', '', '', '', '0.5', '', '19', '3', '', '1', '782'),
('783', '139', 'Medallón de merluza', '', '20', '', '10', '', '139', '27', '2024-04-09', '2024-08-27 17:37:13', '', '8', '1', '1895', '8', '4', '4', '1', '0', '3790', '0', '3790', '', '', '', NULL, '20', '', '', '0', NULL, '', '0.5', '', '19', '3', '', '1', '783'),
('784', '140', 'Medallón de pollo reb c/ EYQ', '', '20', '', '10', '', '140', '27', '2024-04-09', '2024-08-27 17:37:13', '', '8', '1', '2565', '8', '4', '4', '1', '0', '5130', '0', '5130', '', '', '', NULL, '20', '', '', '0', NULL, '', '0.5', '', '19', '3', '', '1', '784'),
('785', '141', 'Medallón de pollo reb c/ JYQ', '', '20', '', '10', '', '141', '27', '2024-04-09', '2024-08-27 17:37:13', '', '8', '1', '2565', '8', '4', '4', '1', '0', '5130', '0', '5130', '', '', '', NULL, '20', '', '', '0', NULL, '', '0.5', '', '19', '3', '', '1', '785'),
('786', '142', 'Medallón de pollo rebozado', '', '20', '', '10', '', '142', '27', '2024-04-09', '2024-08-27 17:37:13', '', '8', '1', '2160', '8', '4', '4', '1', '0', '4320', '0', '4320', '', '', '', NULL, '20', '', '', '0', NULL, '', '0.5', '', '19', '3', '', '1', '786'),
('787', '143', 'Papas bastón Mc Cin', '', '20', '', '10', '', '143', '27', '2024-04-09', '2024-08-27 17:37:13', '', '8', '1', '2215', '8', '4', '4', '1', '0', '4430', '0', '4430', '', '', '', NULL, '20', '', '', '0', NULL, '', '0.5', '', '19', '3', '', '1', '787'),
('788', '144', 'Papas caritas Mc Cain', '', '20', '', '10', '', '144', '27', '2024-04-09', '2024-08-27 17:37:13', '', '8', '1', '3445', '8', '4', '4', '1', '0', '6890', '6890', '6890', '', '', '', '', '20', '', '', '', '', '', '0.5', '', '19', '3', '', '1', '788'),
('789', '145', 'Papas Noisettes Mc Cain', '', '20', '', '10', '', '145', '27', '2024-04-09', '2024-08-27 17:37:13', '', '8', '1', '3445', '8', '4', '4', '1', '0', '6890', '6890', '6890', '', '', '', '', '20', '', '', '', '', '', '0.5', '', '19', '3', '', '1', '789'),
('790', '146', 'Patitas de pollo reb con JYQ', '', '20', '', '10', '', '146', '27', '2024-04-09', '2024-08-27 17:37:13', '', '8', '1', '2555', '8', '4', '4', '1', '0', '5110', '5110', '5110', '', '', '', '', '20', '', '', '', '', '', '0.5', '', '19', '3', '', '1', '790'),
('791', '147', 'Patitas de pollo rebozada', '', '20', '', '10', '', '147', '27', '2024-04-09', '2024-08-27 17:37:13', '', '8', '1', '2165', '8', '4', '4', '1', '0', '4330', '4330', '4330', '', '', '', '', '20', '', '', '', '', '', '0.5', '', '19', '3', '', '1', '791'),
('792', '148', 'Espinaca', '', '20', '', '10', '', '148', '27', '2024-04-09', '2024-08-27 17:37:13', '', '8', '1', '4445', '8', '4', '4', '1', '0', '8890', '8890', '8890', '', '', '', '', '20', '', '', '', '', '', '0.5', '', '19', '3', '', '1', '792'),
('793', '149', 'Brócoli', '', '20', '', '10', '', '149', '27', '2024-04-09', '2024-08-27 17:37:13', '', '8', '1', '4995', '8', '4', '4', '1', '0', '9990', '0', '9990', '', '', '', NULL, '20', '', '', '0', NULL, '', '0.5', '', '19', '3', '', '1', '793'),
('9501', '', '', '', '', '', '', '', '', '', '2024-06-04', '2024-07-08 10:15:00', '', '8', '0', '', '', '0', '', '', '0', '', '', '', '', '', '', '', '1', '', '', '', '', '', '', '', '', '3', '0', '', '9501'),
('9502', '', '', '', '', '', '', '', '', '', '2024-06-04', '2024-07-08 10:15:00', '', '8', '0', '', '', '0', '', '', '0', '', '', '', '', '', '', '', '1', '', '', '', '', '', '', '', '', '3', '0', '', '9502'),
('9503', '', '', '', '', '', '', '', '', '', '2024-06-04', '2024-07-08 10:15:00', '', '8', '0', '', '', '0', '', '', '0', '', '', '', '', '', '', '', '1', '', '', '', '', '', '', '', '', '3', '0', '', '9503'),
('9504', '', '', '', '', '', '', '', '', '', '2024-06-04', '2024-07-08 10:15:00', '', '8', '0', '', '', '0', '', '', '0', '', '', '', '', '', '', '', '1', '', '', '', '', '', '', '', '', '3', '0', '', '9504'),
('9505', '', '', '', '', '', '', '', '', '', '2024-06-04', '2024-07-08 10:15:00', '', '8', '0', '', '', '0', '', '', '0', '', '', '', '', '', '', '', '1', '', '', '', '', '', '', '', '', '3', '0', '', '9505'),
('9506', '', '', '', '', '', '', '', '', '', '2024-06-04', '2024-07-08 10:15:00', '', '8', '0', '', '', '0', '', '', '0', '', '', '', '', '', '', '', '1', '', '', '', '', '', '', '', '', '3', '0', '', '9506'),
('9507', '', '', '', '', '', '', '', '', '', '2024-06-04', '2024-07-08 10:15:00', '', '8', '0', '', '', '0', '', '', '0', '', '', '', '', '', '', '', '1', '', '', '', '', '', '', '', '', '3', '0', '', '9507'),
('9508', '', '', '', '', '', '', '', '', '', '2024-06-04', '2024-07-08 10:15:00', '', '8', '0', '', '', '0', '', '', '0', '', '', '', '', '', '', '', '1', '', '', '', '', '', '', '', '', '3', '0', '', '9508'),
('9509', '', '', '', '', '', '', '', '', '', '2024-06-04', '2024-07-08 10:15:00', '', '8', '0', '', '', '0', '', '', '0', '', '', '', '', '', '', '', '1', '', '', '', '', '', '', '', '', '3', '0', '', '9509'),
('9510', '', '', '', '', '', '', '', '', '', '2024-06-04', '2024-07-08 10:15:00', '', '8', '0', '', '', '0', '', '', '0', '', '', '', '', '', '', '', '1', '', '', '', '', '', '', '', '', '3', '0', '', '9510'),
('9511', '', '', '', '', '', '', '', '', '', '2024-06-04', '2024-07-08 10:15:00', '', '8', '0', '', '', '0', '', '', '0', '', '', '', '', '', '', '', '1', '', '', '', '', '', '', '', '', '3', '0', '', '9511'),
('9512', '', '', '', '', '', '', '', '', '', '2024-06-04', '2024-07-08 10:15:01', '', '8', '0', '', '', '0', '', '', '0', '', '', '', '', '', '', '', '1', '', '', '', '', '', '', '', '', '3', '0', '', '9512'),
('9513', '', '', '', '', '', '', '', '', '', '2024-06-04', '2024-07-08 10:15:01', '', '8', '0', '', '', '0', '', '', '0', '', '', '', '', '', '', '', '1', '', '', '', '', '', '', '', '', '3', '0', '', '9513'),
('9514', '', '', '', '', '', '', '', '', '', '2024-06-04', '2024-07-08 10:15:01', '', '8', '0', '', '', '0', '', '', '0', '', '', '', '', '', '', '', '1', '', '', '', '', '', '', '', '', '3', '0', '', '9514'),
('9515', '', '', '', '', '', '', '', '', '', '2024-06-05', '2024-07-08 10:15:01', '', '8', '0', '', '', '0', '', '', '0', '', '', '', '', '', '', '', '1', '', '', '', '', '', '', '', '', '3', '0', '', '9515'),
('9516', '', '', '', '', '', '', '', '', '', '2024-06-05', '2024-07-08 10:15:01', '', '8', '0', '', '', '0', '', '', '0', '', '', '', '', '', '', '', '1', '', '', '', '', '', '', '', '', '3', '0', '', '9516'),
('9517', '', '', '', '', '', '', '', '', '', '2024-06-05', '2024-07-08 10:15:01', '', '8', '0', '', '', '0', '', '', '0', '', '', '', '', '', '', '', '1', '', '', '', '', '', '', '', '', '3', '0', '', '9517'),
('9518', '', '', '', '', '', '', '', '', '', '2024-06-05', '2024-07-08 10:15:01', '', '8', '0', '', '', '0', '', '', '0', '', '', '', '', '', '', '', '1', '', '', '', '', '', '', '', '', '3', '0', '', '9518'),
('9519', '', '', '', '', '', '', '', '', '', '2024-06-05', '2024-07-08 10:15:01', '', '8', '0', '', '', '0', '', '', '0', '', '', '', '', '', '', '', '1', '', '', '', '', '', '', '', '', '3', '0', '', '9519'),
('9520', '', '', '', '', '', '', '', '', '', '2024-06-05', '2024-07-08 10:15:01', '', '8', '0', '', '', '0', '', '', '0', '', '', '', '', '', '', '', '1', '', '', '', '', '', '', '', '', '3', '0', '', '9520'),
('9521', '', '', '', '', '', '', '', '', '', '2024-06-05', '2024-07-08 10:15:01', '', '8', '0', '', '', '0', '', '', '0', '', '', '', '', '', '', '', '1', '', '', '', '', '', '', '', '', '3', '0', '', '9521'),
('9522', '', '', '', '', '', '', '', '', '', '2024-06-05', '2024-07-08 10:15:01', '', '8', '0', '', '', '0', '', '', '0', '', '', '', '', '', '', '', '1', '', '', '', '', '', '', '', '', '3', '0', '', '9522'),
('9523', '', '', '', '', '', '', '', '', '', '2024-06-05', '2024-07-08 10:15:01', '', '8', '0', '', '', '0', '', '', '0', '', '', '', '', '', '', '', '1', '', '', '', '', '', '', '', '', '3', '0', '', '9523'),
('9524', '', '', '', '', '', '', '', '', '', '2024-06-05', '2024-07-08 10:15:01', '', '8', '0', '', '', '0', '', '', '0', '', '', '', '', '', '', '', '1', '', '', '', '', '', '', '', '', '3', '0', '', '9524'),
('9525', '', '', '', '', '', '', '', '', '', '2024-06-05', '2024-07-08 10:15:01', '', '8', '0', '', '', '0', '', '', '0', '', '', '', '', '', '', '', '1', '', '', '', '', '', '', '', '', '3', '0', '', '9525'),
('9526', '', '', '', '', '', '', '', '', '', '2024-06-05', '2024-07-08 10:15:01', '', '8', '0', '', '', '0', '', '', '0', '', '', '', '', '', '', '', '1', '', '', '', '', '', '', '', '', '3', '0', '', '9526'),
('9527', '', '', '', '', '', '', '', '', '', '2024-06-05', '2024-07-08 10:15:01', '', '8', '0', '', '', '0', '', '', '0', '', '', '', '', '', '', '', '1', '', '', '', '', '', '', '', '', '3', '0', '', '9527'),
('9528', '', '', '', '', '', '', '', '', '', '2024-06-05', '2024-07-08 10:15:01', '', '8', '0', '', '', '0', '', '', '0', '', '', '', '', '', '', '', '1', '', '', '', '', '', '', '', '', '3', '0', '', '9528'),
('9529', '', '', '', '', '', '', '', '', '', '2024-06-05', '2024-07-08 10:15:02', '', '8', '0', '', '', '0', '', '', '0', '', '', '', '', '', '', '', '1', '', '', '', '', '', '', '', '', '3', '0', '', '9529'),
('9530', '', '', '', '', '', '', '', '', '', '2024-06-05', '2024-07-08 10:15:02', '', '8', '0', '', '', '0', '', '', '0', '', '', '', '', '', '', '', '1', '', '', '', '', '', '', '', '', '3', '0', '', '9530'),
('9531', '', '', '', '', '', '', '', '', '', '2024-06-05', '2024-07-08 10:15:02', '', '8', '0', '', '', '0', '', '', '0', '', '', '', '', '', '', '', '1', '', '', '', '', '', '', '', '', '3', '0', '', '9531'),
('9532', '', '', '', '', '', '', '', '', '', '2024-06-05', '2024-07-08 10:15:02', '', '8', '0', '', '', '0', '', '', '0', '', '', '', '', '', '', '', '1', '', '', '', '', '', '', '', '', '3', '0', '', '9532'),
('9533', '', '', '', '', '', '', '', '', '', '2024-06-05', '2024-07-08 10:15:02', '', '8', '0', '', '', '0', '', '', '0', '', '', '', '', '', '', '', '1', '', '', '', '', '', '', '', '', '3', '0', '', '9533'),
('9534', '', '', '', '', '', '', '', '', '', '2024-06-05', '2024-07-08 10:15:02', '', '8', '0', '', '', '0', '', '', '0', '', '', '', '', '', '', '', '1', '', '', '', '', '', '', '', '', '3', '0', '', '9534'),
('9535', '', '', '', '', '', '', '', '', '', '2024-06-05', '2024-07-08 10:15:02', '', '8', '0', '', '', '0', '', '', '0', '', '', '', '', '', '', '', '1', '', '', '', '', '', '', '', '', '3', '0', '', '9535'),
('9544', '', '', '', '', '', '', '', '', '', '2024-06-05', '2024-07-08 10:15:02', '', '8', '0', '', '', '0', '', '', '0', '', '', '', '', '', '', '', '1', '', '', '', '', '', '', '', '', '3', '0', '', '9544'),
('12755', '', '', '', '', '', '', '', '', '', '2024-06-09', '2024-07-08 10:15:02', '', '8', '0', '', '', '0', '', '', '0', '', '', '', '', '', '', '', '1', '', '', '', '', '', '', '', '', '3', '0', '', '12755'),
('12756', '', '', '', '', '', '', '', '', '', '2024-06-09', '2024-07-08 10:15:02', '', '8', '0', '', '', '0', '', '', '0', '', '', '', '', '', '', '', '1', '', '', '', '', '', '', '', '', '3', '0', '', '12756'),
('12757', '', '', '', '', '', '', '', '', '', '2024-06-09', '2024-07-08 10:15:02', '', '8', '0', '', '', '0', '', '', '0', '', '', '', '', '', '', '', '1', '', '', '', '', '', '', '', '', '3', '0', '', '12757'),
('12758', '', '', '', '', '', '', '', '', '', '2024-06-09', '2024-07-08 10:15:02', '', '8', '0', '', '', '0', '', '', '0', '', '', '', '', '', '', '', '1', '', '', '', '', '', '', '', '', '3', '0', '', '12758'),
('12759', '', '', '', '', '', '', '', '', '', '2024-06-09', '2024-07-08 10:15:02', '', '8', '0', '', '', '0', '', '', '0', '', '', '', '', '', '', '', '1', '', '', '', '', '', '', '', '', '3', '0', '', '12759'),
('12760', '', '', '', '', '', '', '', '', '', '2024-06-09', '2024-07-08 10:15:02', '', '8', '0', '', '', '0', '', '', '0', '', '', '', '', '', '', '', '1', '', '', '', '', '', '', '', '', '3', '0', '', '12760'),
('12761', '', '', '', '', '', '', '', '', '', '2024-06-09', '2024-07-08 10:15:02', '', '8', '0', '', '', '0', '', '', '0', '', '', '', '', '', '', '', '1', '', '', '', '', '', '', '', '', '3', '0', '', '12761'),
('12762', '', '', '', '', '', '', '', '', '', '2024-06-09', '2024-07-08 10:15:02', '', '8', '0', '', '', '0', '', '', '0', '', '', '', '', '', '', '', '1', '', '', '', '', '', '', '', '', '3', '0', '', '12762'),
('12763', '', '', '', '', '', '', '', '', '', '2024-06-09', '2024-07-08 10:15:02', '', '8', '0', '', '', '0', '', '', '0', '', '', '', '', '', '', '', '1', '', '', '', '', '', '', '', '', '3', '0', '', '12763'),
('12764', '', '', '', '', '', '', '', '', '', '2024-06-09', '2024-07-08 10:15:02', '', '8', '0', '', '', '0', '', '', '0', '', '', '', '', '', '', '', '1', '', '', '', '', '', '', '', '', '3', '0', '', '12764'),
('12765', '', '', '', '', '', '', '', '', '', '2024-06-09', '2024-07-08 10:15:02', '', '8', '0', '', '', '0', '', '', '0', '', '', '', '', '', '', '', '1', '', '', '', '', '', '', '', '', '3', '0', '', '12765'),
('12766', '', '', '', '', '', '', '', '', '', '2024-06-09', '2024-07-08 10:15:02', '', '8', '0', '', '', '0', '', '', '0', '', '', '', '', '', '', '', '1', '', '', '', '', '', '', '', '', '3', '0', '', '12766'),
('12767', '', '', '', '', '', '', '', '', '', '2024-06-09', '2024-07-08 10:15:03', '', '8', '0', '', '', '0', '', '', '0', '', '', '', '', '', '', '', '1', '', '', '', '', '', '', '', '', '3', '0', '', '12767'),
('12768', '', '', '', '', '', '', '', '', '', '2024-06-09', '2024-07-08 10:15:03', '', '8', '0', '', '', '0', '', '', '0', '', '', '', '', '', '', '', '1', '', '', '', '', '', '', '', '', '3', '0', '', '12768'),
('12769', '', '', '', '', '', '', '', '', '', '2024-06-09', '2024-07-08 10:15:03', '', '8', '0', '', '', '0', '', '', '0', '', '', '', '', '', '', '', '1', '', '', '', '', '', '', '', '', '3', '0', '', '12769'),
('12770', '', '', '', '', '', '', '', '', '', '2024-06-09', '2024-07-08 10:15:03', '', '8', '0', '', '', '0', '', '', '0', '', '', '', '', '', '', '', '1', '', '', '', '', '', '', '', '', '3', '0', '', '12770'),
('12771', '', '', '', '', '', '', '', '', '', '2024-06-09', '2024-07-08 10:15:03', '', '8', '0', '', '', '0', '', '', '0', '', '', '', '', '', '', '', '1', '', '', '', '', '', '', '', '', '3', '0', '', '12771'),
('12772', '', '', '', '', '', '', '', '', '', '2024-06-09', '2024-07-08 10:15:03', '', '8', '0', '', '', '0', '', '', '0', '', '', '', '', '', '', '', '1', '', '', '', '', '', '', '', '', '3', '0', '', '12772'),
('12773', '', '', '', '', '', '', '', '', '', '2024-06-09', '2024-07-08 10:15:03', '', '8', '0', '', '', '0', '', '', '0', '', '', '', '', '', '', '', '1', '', '', '', '', '', '', '', '', '3', '0', '', '12773'),
('12774', '', '', '', '', '', '', '', '', '', '2024-06-09', '2024-07-08 10:15:03', '', '8', '0', '', '', '0', '', '', '0', '', '', '', '', '', '', '', '1', '', '', '', '', '', '', '', '', '3', '0', '', '12774'),
('12775', '', '', '', '', '', '', '', '', '', '2024-06-09', '2024-07-08 10:15:03', '', '8', '0', '', '', '0', '', '', '0', '', '', '', '', '', '', '', '1', '', '', '', '', '', '', '', '', '3', '0', '', '12775'),
('12776', '', '', '', '', '', '', '', '', '', '2024-06-09', '2024-07-08 10:15:03', '', '8', '0', '', '', '0', '', '', '0', '', '', '', '', '', '', '', '1', '', '', '', '', '', '', '', '', '3', '0', '', '12776'),
('12777', '', '', '', '', '', '', '', '', '', '2024-06-09', '2024-07-08 10:15:03', '', '8', '0', '', '', '0', '', '', '0', '', '', '', '', '', '', '', '1', '', '', '', '', '', '', '', '', '3', '0', '', '12777'),
('12778', '', '', '', '', '', '', '', '', '', '2024-06-09', '2024-07-08 10:15:03', '', '8', '0', '', '', '0', '', '', '0', '', '', '', '', '', '', '', '1', '', '', '', '', '', '', '', '', '3', '0', '', '12778'),
('12779', '', '', '', '', '', '', '', '', '', '2024-06-09', '2024-07-08 10:15:03', '', '8', '0', '', '', '0', '', '', '0', '', '', '', '', '', '', '', '1', '', '', '', '', '', '', '', '', '3', '0', '', '12779'),
('12780', '', '', '', '', '', '', '', '', '', '2024-06-09', '2024-07-08 10:15:03', '', '8', '0', '', '', '0', '', '', '0', '', '', '', '', '', '', '', '1', '', '', '', '', '', '', '', '', '3', '0', '', '12780'),
('12781', '', '', '', '', '', '', '', '', '', '2024-06-09', '2024-07-08 10:15:03', '', '8', '0', '', '', '0', '', '', '0', '', '', '', '', '', '', '', '1', '', '', '', '', '', '', '', '', '3', '0', '', '12781'),
('12782', '', '', '', '', '', '', '', '', '', '2024-06-09', '2024-07-08 10:15:03', '', '8', '0', '', '', '0', '', '', '0', '', '', '', '', '', '', '', '1', '', '', '', '', '', '', '', '', '3', '0', '', '12782'),
('12784', '', '', '', '', '', '', '', '', '', '2024-06-09', '2024-07-08 10:15:03', '', '8', '0', '', '', '0', '', '', '0', '', '', '', '', '', '', '', '1', '', '', '', '', '', '', '', '', '3', '0', '', '12784'),
('12785', '', '', '', '', '', '', '', '', '', '2024-06-09', '2024-07-08 10:15:03', '', '8', '0', '', '', '0', '', '', '0', '', '', '', '', '', '', '', '1', '', '', '', '', '', '', '', '', '3', '0', '', '12785'),
('13248', '10000', 'Prueba', '', '', '', '10', '', NULL, '', '2024-06-09', '2024-08-27 17:37:13', '', '8', '0', '2000', '', '6', '6', '', '0', '2400', '0', '0', '0', '0', '0', '', '-1', '', '', '0', NULL, '0', '20', '0', '', '3', '1', '1', '13248'),
('36310', '7777', 'prueba', '', '11', '', '10', '', NULL, '27', '2024-08-07', '2024-08-27 17:37:13', '', '9', '0', '1800', '', '4', '4', '', '0', '2000', '0', '0', '0', '0', '0', '', '8', '', '', '0', '2000', '0', '11.11', '0', '20', '3', '0', '1', '36310'),
('47045', '78900', 'prueba2', '', '', '', '', '', '', '', '2024-08-27', '2024-08-27 13:54:09', '', '', '0', '78', '', '0', '', '', '', '82.68', '', '', '', '', '', '', '90', '', '', '', '', '', '6', '', '', '3', '0', '', '47045'),
('47046', '6666', 'el diablo', 'el diablo', '11', '', '10', '', '6666', '27', '2024-08-27', '2024-08-27 17:37:13', '', '8', '0', '', '1', '0', '4', '', '0', '666', '666', '666', '', '', '', '', '', '', '', '', '', '', '', '', '19', '3', '0', '1', '47046');
INSERT INTO compras (`id`, `fecha`, `producto_id`, `precio_costo`, `cantidad`, `nro_factura`, `proveedor_id`, `empresa_id`, `sucursal_id`, `id_remoto`) VALUES
('1', '2024-04-15 00:00:00.000000', '654', '4690', '1', '', '27', '3', '1', '1'),
('2', '2024-04-15 00:00:00.000000', '654', '4690', '1', '', '27', '3', '1', '2'),
('3', '2024-04-15 00:00:00.000000', '654', '4690', '1', '', '27', '3', '1', '3'),
('4', '2024-04-15 00:00:00.000000', '654', '4690', '100', '', '27', '3', '1', '4'),
('5', '2024-04-15 00:00:00.000000', '654', '4690', '20', '', '27', '3', '1', '5'),
('6', '2024-04-15 00:00:00.000000', '654', '4690', '100', '', '27', '3', '1', '6'),
('7', '2024-04-15 00:00:00.000000', '654', '4690', '200', '', '27', '3', '1', '7'),
('8', '2024-04-15 00:00:00.000000', '654', '4690', '200', '', '27', '3', '1', '8'),
('9', '2024-04-15 00:00:00.000000', '654', '4690', '200', '', '27', '3', '1', '9'),
('10', '2024-04-15 00:00:00.000000', '654', '4690', '200', '', '27', '3', '1', '10'),
('11', '2024-04-15 00:00:00.000000', '654', '4690', '17', '', '27', '3', '1', '11'),
('12', '2024-04-15 00:00:00.000000', '654', '4690', '17', '', '27', '3', '1', '12'),
('13', '2024-04-15 00:00:00.000000', '654', '4690', '17', '', '27', '3', '1', '13'),
('14', '2024-04-15 00:00:00.000000', '654', '4690', '17', '', '27', '3', '1', '14'),
('15', '2024-04-15 00:00:00.000000', '654', '4690', '17', '', '27', '3', '1', '15'),
('16', '2024-04-15 00:00:00.000000', '654', '4690', '7', '', '27', '3', '1', '16'),
('17', '2024-04-15 00:00:00.000000', '654', '4690', '7', '', '27', '3', '1', '17'),
('18', '2024-04-15 00:00:00.000000', '654', '4690', '7', '', '27', '3', '1', '18'),
('19', '2024-04-15 00:00:00.000000', '654', '4690', '7', '', '27', '3', '1', '19'),
('20', '2024-04-15 00:00:00.000000', '654', '4690', '7', '', '27', '3', '1', '20'),
('21', '2024-04-15 00:00:00.000000', '654', '4690', '7', '', '27', '3', '1', '21'),
('22', '2024-04-15 00:00:00.000000', '654', '4690', '1', '', '27', '3', '1', '22'),
('23', '2024-04-15 00:00:00.000000', '654', '4690', '1', '', '27', '3', '1', '23'),
('24', '2024-04-15 00:00:00.000000', '654', '4690', '27', '', '27', '3', '1', '24'),
('25', '2024-04-15 00:00:00.000000', '654', '4690', '3', '', '27', '3', '1', '25'),
('26', '2024-04-15 00:00:00.000000', '654', '4690', '3', '', '27', '3', '1', '26'),
('27', '2024-04-14 00:00:00.000000', '654', '4690', '3', '', '27', '3', '1', '27'),
('28', '2024-04-15 00:00:00.000000', '654', '4690', '10', '', '27', '3', '1', '28'),
('29', '2024-04-15 00:00:00.000000', '654', '4690', '10', '', '27', '3', '1', '29'),
('30', '2024-04-15 00:00:00.000000', '654', '4690', '3', '', '27', '3', '1', '30'),
('31', '2024-04-15 00:00:00.000000', '654', '4690', '1', '', '27', '3', '1', '31'),
('32', '2024-04-15 00:00:00.000000', '654', '4690', '1', '', '27', '3', '1', '32'),
('33', '2024-04-15 00:00:00.000000', '654', '4690', '1', '', '27', '3', '1', '33'),
('34', '2024-04-15 00:00:00.000000', '654', '4690', '1', '', '27', '3', '1', '34'),
('35', '2024-04-15 00:00:00.000000', '654', '4690', '1', '', '27', '3', '1', '35'),
('36', '2024-04-15 00:00:00.000000', '654', '4690', '1', '', '27', '3', '1', '36'),
('37', '2024-04-15 00:00:00.000000', '654', '4690', '1', '', '27', '3', '1', '37'),
('38', '2024-04-15 00:00:00.000000', '654', '4690', '1', '', '27', '3', '1', '38'),
('39', '2024-04-15 00:00:00.000000', '654', '4690', '1', '', '27', '3', '1', '39'),
('40', '2024-04-15 00:00:00.000000', '655', '4990', '1', '', '27', '3', '1', '40'),
('41', '2024-04-22 00:00:00.000000', '654', '4690', '1', '', '27', '3', '1', '41'),
('42', '2024-04-15 00:00:00.000000', '654', '4690', '1', '', '27', '3', '1', '42'),
('43', '2024-04-15 00:00:00.000000', '655', '4990', '1', '', '27', '3', '1', '43'),
('44', '2024-04-15 00:00:00.000000', '645', '2990', '1', '', '27', '3', '1', '44'),
('45', '2024-04-15 00:00:00.000000', '654', '4690', '1', '', '27', '3', '1', '45'),
('46', '2024-04-15 00:00:00.000000', '655', '4990', '1', '', '27', '3', '1', '46'),
('47', '2024-04-15 00:00:00.000000', '654', '4690', '1', '', '27', '3', '1', '47'),
('48', '2024-04-15 00:00:00.000000', '754', '1990', '7', '', '27', '3', '1', '48'),
('49', '2024-04-15 00:00:00.000000', '754', '1990', '1', '', '27', '3', '1', '49'),
('50', '2024-04-15 00:00:00.000000', '654', '4690', '8', '', '27', '3', '1', '50'),
('51', '2024-04-15 00:00:00.000000', '654', '4690', '1', '', '27', '3', '1', '51'),
('52', '2024-04-15 00:00:00.000000', '656', '7990', '1', '', '27', '3', '1', '52'),
('53', '2024-04-15 00:00:00.000000', '645', '2990', '200', '', '27', '3', '1', '53'),
('54', '2024-04-15 00:00:00.000000', '645', '2990', '20', '', '27', '3', '1', '54'),
('55', '2024-04-15 00:00:00.000000', '646', '2990', '20', '', '27', '3', '1', '55'),
('56', '2024-04-15 00:00:00.000000', '647', '2990', '30', '', '27', '3', '1', '56'),
('57', '2024-04-15 00:00:00.000000', '648', '3290', '50', '', '27', '3', '1', '57'),
('58', '2024-04-15 00:00:00.000000', '649', '4690', '20', '', '27', '3', '1', '58'),
('59', '2024-04-15 00:00:00.000000', '650', '290', '10', '', '27', '3', '1', '59'),
('60', '2024-04-15 00:00:00.000000', '651', '1990', '55', '', '27', '3', '1', '60'),
('61', '2024-05-05 00:00:00.000000', '654', '4690', '10', '', '27', '3', '1', '61'),
('62', '2024-05-05 00:00:00.000000', '655', '4990', '10', '', '27', '3', '1', '62'),
('63', '2024-05-05 00:00:00.000000', '669', '4990', '10', '', '27', '3', '1', '63'),
('64', '2024-05-03 00:00:00.000000', '654', '4690', '10', '00002', '27', '3', '1', '64'),
('65', '2024-05-03 00:00:00.000000', '656', '7990', '10', '00002', '27', '3', '1', '65'),
('66', '2024-05-03 00:00:00.000000', '674', '4490', '10', '00002', '27', '3', '1', '66'),
('67', '2024-05-06 00:00:00.000000', '664', '3290', '10', '00003', '27', '3', '1', '67'),
('68', '2024-05-06 00:00:00.000000', '675', '2490', '10', '00003', '27', '3', '1', '68'),
('69', '2024-05-06 00:00:00.000000', '676', '6690', '10', '00003', '27', '3', '1', '69'),
('70', '2024-05-06 00:00:00.000000', '679', '5990', '10', '00003', '27', '3', '1', '70'),
('71', '2024-05-06 00:00:00.000000', '677', '11990', '10', '00003', '27', '3', '1', '71'),
('72', '2024-05-06 00:00:00.000000', '678', '3690', '10', '00003', '27', '3', '1', '72'),
('73', '2024-05-06 00:00:00.000000', '680', '1990', '10', '00003', '27', '3', '1', '73'),
('75', '2024-05-06 00:00:00.000000', '654', '4690', '10', '00002', '27', '3', '1', '75'),
('77', '2024-06-10 00:00:00.000000', '647', '2990', '22', '0', '', '3', '1', '77'),
('78', '2024-06-10 00:00:00.000000', '654', '4690', '29', '0', '', '3', '1', '78'),
('79', '2024-06-10 00:00:00.000000', '646', '2990', '39', '0', '', '3', '1', '79'),
('80', '2024-06-10 00:00:00.000000', '647', '2990', '10', '0', '', '3', '1', '80'),
('81', '2024-06-10 00:00:00.000000', '654', '4690', '1', '11111', '27', '3', '1', '81'),
('95', '2024-06-17 00:00:00.000000', '695', '5790', '1', '11111', '27', '3', '1', '95'),
('96', '2024-06-17 00:00:00.000000', '654', '4690', '100', '0', '', '3', '1', '96'),
('97', '2024-06-17 00:00:00.000000', '654', '4690', '1', '1', '27', '3', '1', '97'),
('102', '2024-07-22 00:00:00.000000', '654', '4690', '100', '0', '', '3', '1', '102'),
('103', '2024-07-23 00:00:00.000000', '647', '2990', '28', '0', '', '3', '1', '103'),
('104', '2024-07-26 00:00:00.000000', '654', '4690', '1', '0', '', '3', '1', '104'),
('105', '2024-07-26 00:00:00.000000', '654', '4690', '10', '0', '', '3', '1', '105'),
('106', '2024-08-06 00:00:00.000000', '13248', '2400', '2', '0', '', '3', '1', '106'),
('107', '2024-08-07 00:00:00.000000', '36310', '2000', '50', '0', '', '3', '1', '107');
INSERT INTO forma_pago (`id`, `nombre`, `porcentaje`, `activo`, `empresa_id`, `id_remoto`) VALUES
('13', 'EFECTIVO', '0', '1', '3', '13'),
('14', '3 CUOTAS', '15', '1', '3', '14'),
('15', '6 CUOTAS', '60', '1', '3', '15');
INSERT INTO comprobantes (`id`, `numero`, `punto_venta`, `tipo_factura`, `tipo_documento`, `numero_de_documento`, `cuotas`, `cliente_id`, `remito`, `persona`, `provincia_id`, `fecha`, `hora`, `fecha_proceso`, `letra`, `numero_factura`, `prefijo_factura`, `operacion_negocio_id`, `retencion_iva`, `retencion_iibb`, `retencion_ganancias`, `porcentaje_ganancias`, `porcentaje_iibb`, `porcentaje_iva`, `no_gravado`, `importe_iva`, `total`, `condicion_venta_id`, `descripcion_flete`, `vendedor_id`, `recibo`, `observaciones_1`, `observaciones_2`, `observaciones_3`, `observaciones_4`, `descuento`, `descuento_1`, `descuento_2`, `descuento_3`, `descuento_4`, `iva_2`, `impresa`, `cancelado`, `nombre_cliente`, `direccion_cliente`, `localidad_cliente`, `garantia`, `concepto`, `notas`, `linea_pago_ultima`, `relacion_tk`, `total_iibb`, `importe_iibb`, `provincia_categoria_iibb_id`, `importe_retenciones`, `provincia_iva_proveedor_id`, `ganancias_proveedor_id`, `importe_ganancias`, `numero_iibb`, `numero_ganancias`, `ganancias_proveedor`, `cae`, `fecha_vencimiento`, `forma_pago_id`, `remito_cliente`, `texto_dolares`, `comprobante_final`, `numero_guia_1`, `numero_guia_2`, `numero_guia_3`, `tipo_alicuota_1`, `tipo_alicuota_2`, `tipo_alicuota_3`, `importe_iva_21`, `importe_iva_105`, `importe_iva_0`, `no_gravado_iva_21`, `no_gravado_iva_105`, `no_gravado_iva_0`, `importe_impuesto_interno`, `direccion_entrega`, `fecha_entrega`, `hora_entrega`, `total_pagado`, `tipo_comprobante_id`, `empresa_id`, `usuario_id`, `cierre_caja_id`, `fecha_baja`, `motivo_baja`, `url_pdf`, `sucursal_id`, `qr`, `comprobante_id_baja`, `subido`, `id_remoto`) VALUES
('520', '', '3', '6', '99', '0', '', '1', '', '', '', '2024-05-07', '14:24:26', '2024-05-07', 'C', '10', '3', '', '', '', '', '', '', '', '', '2323.65', '12560', '', '', '26', '', NULL, '', '', '', '', '', '', '', '', '', '', '', '', '', '', '', '1', '', '', '', '', '', '', '', '', '', '', '', '', '', '74199168038525', '2024-05-17', '', '', '', '', '', '', '', '', '', '', '2009.7', '313.95', '0', '7560', '2676', '0', '0', '', '', '', '13000', '1', '3', '7', '8', '', '', 'https://storage.googleapis.com/a2p-v2-storage/151b0a73-c7b6-4147-a421-8193f8d9983c', '1', 'https://www.afip.gob.ar/fe/qr/?p=eyJ2ZXIiOjEsImZlY2hhIjoiMjAyNC0wNS0wNyIsImN1aXQiOiIyMzM1NjExMTY5OSIsInB0b1Z0YSI6IjMiLCJ0aXBvQ21wIjoiNiIsIm5yb0NtcCI6MTAsImltcG9ydGUiOjE0ODgzLjY1LCJtb25lZGEiOiJQRVMiLCJjdHoiOjEsInRpcG9Eb2NSZWMiOiI5OSIsIm5yb0RvY1JlYyI6IjAiLCJ0aXBvQ29kQXV0IjoiRSIsImNvZEF1dCI6Ijc0MTk5MTY4MDM4NTI1In0=', '', '0', '520'),
('521', '', '3', '6', '99', '0', '', '1', '', '', '', '2024-05-07', '14:29:50', '2024-05-07', 'C', '11', '3', '', '', '', '', '', '', '', '', '2095.8', '12970', '', '', '26', '', NULL, '', '', '', '', '', '', '', '', '', '', '', '', '', '', '', '1', '', '', '', '', '', '', '', '', '', '', '', '', '', '74199168038876', '2024-05-17', '', '', '', '', '', '', '', '', '', '', '1467.9', '627.9', '0', '5522', '5352', '0', '0', '', '', '', '13000', '1', '3', '7', '8', '', '', 'https://storage.googleapis.com/a2p-v2-storage/2d8c1997-950e-475d-bd05-3ba7e110ec4c', '1', 'https://www.afip.gob.ar/fe/qr/?p=eyJ2ZXIiOjEsImZlY2hhIjoiMjAyNC0wNS0wNyIsImN1aXQiOiIyMzM1NjExMTY5OSIsInB0b1Z0YSI6IjMiLCJ0aXBvQ21wIjoiNiIsIm5yb0NtcCI6MTEsImltcG9ydGUiOjE1MDY1LjgsIm1vbmVkYSI6IlBFUyIsImN0eiI6MSwidGlwb0RvY1JlYyI6Ijk5IiwibnJvRG9jUmVjIjoiMCIsInRpcG9Db2RBdXQiOiJFIiwiY29kQXV0IjoiNzQxOTkxNjgwMzg4NzYifQ==', '', '0', '521'),
('522', '', '3', '6', '80', '20308762050', '', '36', '', '', '', '2024-05-07', '14:30:10', '2024-05-07', 'B', '12', '3', '', '', '', '', '', '', '', '', '3899.7', '18570', '', '', '26', '', NULL, '', '', '', '', '', '', '', '', '', '', '', '', '', '', '', '1', '', '', '', '', '', '', '', '', '', '', '', '', '', '74199168038907', '2024-05-17', '', '', '', '', '', '', '', '', '', '', '3899.7', '0', '0', '14670', '0', '0', '0', '', '', '', '19000', '1', '3', '7', '8', '', '', 'https://storage.googleapis.com/a2p-v2-storage/d0ef9d7e-f2e7-45f5-ab3b-588ea48eb121', '1', 'https://www.afip.gob.ar/fe/qr/?p=eyJ2ZXIiOjEsImZlY2hhIjoiMjAyNC0wNS0wNyIsImN1aXQiOiIyMzM1NjExMTY5OSIsInB0b1Z0YSI6IjMiLCJ0aXBvQ21wIjoiNiIsIm5yb0NtcCI6MTIsImltcG9ydGUiOjIyNDY5LjcsIm1vbmVkYSI6IlBFUyIsImN0eiI6MSwidGlwb0RvY1JlYyI6IjgwIiwibnJvRG9jUmVjIjoiMjAzMDg3NjIwNTAiLCJ0aXBvQ29kQXV0IjoiRSIsImNvZEF1dCI6Ijc0MTk5MTY4MDM4OTA3In0=', '', '0', '522'),
('523', '', '3', '1', '80', '20321089675', '', '35', '', '', '', '2024-05-07', '14:30:35', '2024-05-07', 'A', '2', '3', '', '', '', '', '', '', '', '', '3454.5', '16450', '', '', '26', '', NULL, '', '', '', '', '', '', '', '', '', '', '', '', '', '', '', '1', '', '', '', '', '', '', '', '', '', '', '', '', '', '74199168038981', '2024-05-17', '', '', '', '', '', '', '', '', '', '', '3454.5', '0', '0', '12995', '0', '0', '0', '', '', '', '17450', '1', '3', '7', '8', '2024-05-08 00:00:00.000000', 'Prueba', 'https://storage.googleapis.com/a2p-v2-storage/3b0db427-77b1-45a3-ae58-8b173e09f33f', '1', 'https://www.afip.gob.ar/fe/qr/?p=eyJ2ZXIiOjEsImZlY2hhIjoiMjAyNC0wNS0wNyIsImN1aXQiOiIyMzM1NjExMTY5OSIsInB0b1Z0YSI6IjMiLCJ0aXBvQ21wIjoiMSIsIm5yb0NtcCI6MiwiaW1wb3J0ZSI6MTk5MDQuNSwibW9uZWRhIjoiUEVTIiwiY3R6IjoxLCJ0aXBvRG9jUmVjIjoiODAiLCJucm9Eb2NSZWMiOiIyMDMyMTA4OTY3NSIsInRpcG9Db2RBdXQiOiJFIiwiY29kQXV0IjoiNzQxOTkxNjgwMzg5ODEifQ==', '', '0', '523'),
('524', '', '', '', '', '', '', '1', '', '', '', '2024-05-08', '10:53:37', '2024-05-08', NULL, '', NULL, '', '', '', '', '', '', '', '', '', '5980', '', '', '26', '', NULL, '', '', '', '', '', '', '', '', '', '', '', '', '', '', '', '', '', '', '', '', '', '', '', '', '', '', '', '', '', '', '', '', '', '', '', '', '', '', '', '', '', '', '', '', '', '', '', '', '', '', '', '6000', '3', '3', '7', '8', '', '', '', '1', '', '', '0', '524'),
('525', '', '3', '3', '80', '20321089675', '', '35', '', '', '', '2024-05-08', '14:08:05', '2024-05-08', 'A', '1', '3', '', '', '', '', '', '', '', '', '', '16450', '', '', '26', '', NULL, '2', '', '', '', '', '', '', '', '', '', '', '', '', '', '', '1', '', '', '', '', '', '', '', '', '', '', '', '', '', '74199168112415', '2024-05-18', '', '', '', '', '', '', '', '', '', '', '3454.5', '0', '0', '12995', '0', '0', '', '', '', '', '17450', '4', '3', '7', '8', '', '', 'https://storage.googleapis.com/a2p-v2-storage/aa028300-f8aa-4470-bc9e-921e613edf4a', '1', 'https://www.afip.gob.ar/fe/qr/?p=eyJ2ZXIiOjEsImZlY2hhIjoiMjAyNC0wNS0wOCIsImN1aXQiOiIyMzM1NjExMTY5OSIsInB0b1Z0YSI6IjMiLCJ0aXBvQ21wIjozLCJucm9DbXAiOjEsImltcG9ydGUiOjE5OTA0LjUsIm1vbmVkYSI6IlBFUyIsImN0eiI6MSwidGlwb0RvY1JlYyI6IjgwIiwibnJvRG9jUmVjIjoiMjAzMjEwODk2NzUiLCJ0aXBvQ29kQXV0IjoiRSIsImNvZEF1dCI6Ijc0MTk5MTY4MTEyNDE1In0=', '523', '0', '525'),
('526', '', '3', '6', '99', '0', '', '1', '', '', '', '2024-05-08', '11:28:17', '2024-05-08', 'C', '13', '3', '', '', '', '', '', '', '', '', '2009.7', '12560', '', '', '26', '', NULL, '', '', '', '', '', '', '', '', '', '', '', '', '', '', '', '1', '', '', '', '', '', '', '', '', '', '', '', '', '', '74199168114182', '2024-05-18', '', '', '', '', '', '', '', '', '', '', '1381.8', '627.9', '0', '5198', '5352', '0', '0', '', '', '', '13000', '1', '3', '7', '8', '', '', 'https://storage.googleapis.com/a2p-v2-storage/fc7ae438-a46b-4fe5-a017-379946d8c079', '1', 'https://www.afip.gob.ar/fe/qr/?p=eyJ2ZXIiOjEsImZlY2hhIjoiMjAyNC0wNS0wOCIsImN1aXQiOiIyMzM1NjExMTY5OSIsInB0b1Z0YSI6IjMiLCJ0aXBvQ21wIjoiNiIsIm5yb0NtcCI6MTMsImltcG9ydGUiOjE0NTY5LjcsIm1vbmVkYSI6IlBFUyIsImN0eiI6MSwidGlwb0RvY1JlYyI6Ijk5IiwibnJvRG9jUmVjIjoiMCIsInRpcG9Db2RBdXQiOiJFIiwiY29kQXV0IjoiNzQxOTkxNjgxMTQxODIifQ==', '', '0', '526'),
('527', '', '', '', '', '', '', '1', '', '', '', '2024-05-08', '11:39:54', '2024-05-08', NULL, '', NULL, '', '', '', '', '', '', '', '', '', '9570', '', '', '26', '', NULL, '', '', '', '', '', '', '', '', '', '', '', '', '', '', '', '', '', '', '', '', '', '', '', '', '', '', '', '', '', '', '', '', '', '', '', '', '', '', '', '', '', '', '', '', '', '', '', '', '', '', '', '10000', '3', '3', '7', '8', '', '', '', '1', '', '', '0', '527'),
('528', '', '3', '6', '99', '0', '', '1', '', '', '', '2024-05-08', '12:07:47', '2024-05-08', 'C', '14', '3', '', '', '', '', '', '', '', '', '5595.45', '28140', '', '', '26', '', NULL, '', '', '', '', '', '', '', '', '', '', '', '', '', '', '', '1', '', '', '', '', '', '', '', '', '', '', '', '', '', '74199168120513', '2024-05-18', '', '', '', '', '', '', '', '', '', '', '5281.5', '313.95', '0', '19868', '2676', '0', '0', '', '', '', '28200', '1', '3', '7', '8', '', '', 'https://storage.googleapis.com/a2p-v2-storage/5266da9d-0796-4b94-b0f7-d607e4a099b7', '1', 'https://www.afip.gob.ar/fe/qr/?p=eyJ2ZXIiOjEsImZlY2hhIjoiMjAyNC0wNS0wOCIsImN1aXQiOiIyMzM1NjExMTY5OSIsInB0b1Z0YSI6IjMiLCJ0aXBvQ21wIjoiNiIsIm5yb0NtcCI6MTQsImltcG9ydGUiOjMzNzM1LjQ1LCJtb25lZGEiOiJQRVMiLCJjdHoiOjEsInRpcG9Eb2NSZWMiOiI5OSIsIm5yb0RvY1JlYyI6IjAiLCJ0aXBvQ29kQXV0IjoiRSIsImNvZEF1dCI6Ijc0MTk5MTY4MTIwNTEzIn0=', '', '0', '528'),
('529', '', '3', '11', '99', '0', '', '1', '', '', '', '2024-05-08', '14:44:02', '2024-05-08', 'C', '1', '3', '', '', '', '', '', '', '', '', '5367.6', '25560', '', '', '26', '', NULL, '', '', '', '', '', '', '', '', '', '', '', '', '', '', '', '1', '', '', '', '', '', '', '', '', '', '', '', '', '', '74199168232905', '2024-05-18', '', '', '', '', '', '', '', '', '', '', '5367.6', '0', '0', '20192', '0', '0', '0', '', '', '', '26000', '1', '3', '7', '8', '', '', 'https://storage.googleapis.com/a2p-v2-storage/16a1fe10-95a3-4eba-8e82-30a4b49a08f0', '1', 'https://www.afip.gob.ar/fe/qr/?p=eyJ2ZXIiOjEsImZlY2hhIjoiMjAyNC0wNS0wOCIsImN1aXQiOiIyMzM1NjExMTY5OSIsInB0b1Z0YSI6IjMiLCJ0aXBvQ21wIjoiMTEiLCJucm9DbXAiOjEsImltcG9ydGUiOjMwOTI3LjYsIm1vbmVkYSI6IlBFUyIsImN0eiI6MSwidGlwb0RvY1JlYyI6Ijk5IiwibnJvRG9jUmVjIjoiMCIsInRpcG9Db2RBdXQiOiJFIiwiY29kQXV0IjoiNzQxOTkxNjgyMzI5MDUifQ==', '', '0', '529'),
('530', '', '', '', '', '', '', '1', '', '', '', '2024-05-10', '14:53:24', '2024-05-10', NULL, '', NULL, '', '', '', '', '', '', '', '', '', '35130', '', '', '', '', NULL, '', '', '', '', '', '', '', '', '', '', '', '', '', '', '', '', '', '', '', '', '', '', '', '', '', '', '', '', '', '', '', '', '', '', '', '', '', '', '', '', '', '', '', '', '', '', '', '', '', '', '', '36000', '3', '3', '9', '', '', '', '', '2', '', '', '0', '530'),
('531', '', '', '', '', '', '', '1', '', '', '', '2024-05-10', '14:54:01', '2024-05-10', NULL, '', NULL, '', '', '', '', '', '', '', '', '', '12560', '', '', '', '', NULL, '', '', '', '', '', '', '', '', '', '', '', '', '', '', '', '', '', '', '', '', '', '', '', '', '', '', '', '', '', '', '', '', '', '', '', '', '', '', '', '', '', '', '', '', '', '', '', '', '', '', '', '13000', '3', '3', '9', '', '', '', '', '2', '', '', '0', '531'),
('532', '', '1', '11', '99', '0', '', '1', '', '', '', '2024-05-10', '15:05:36', '2024-05-10', 'C', '1', '1', '', '', '', '', '', '', '', '', '2492.7', '11870', '', '', '', '', NULL, '', '', '', '', '', '', '', '', '', '', '', '', '', '', '', '1', '', '', '', '', '', '', '', '', '', '', '', '', '', '74199168548706', '2024-05-20', '', '', '', '', '', '', '', '', '', '', '2492.7', '0', '0', '9377', '0', '0', '0', '', '', '', '12000', '1', '3', '10', '', '', '', 'https://storage.googleapis.com/a2p-v2-storage/3f3e2659-788f-4b9f-a7b6-7a55f5298cab', '2', 'https://www.afip.gob.ar/fe/qr/?p=eyJ2ZXIiOjEsImZlY2hhIjoiMjAyNC0wNS0xMCIsImN1aXQiOiIyMzM1NjExMTY5OSIsInB0b1Z0YSI6IjEiLCJ0aXBvQ21wIjoiMTEiLCJucm9DbXAiOjEsImltcG9ydGUiOjE0MzYyLjcsIm1vbmVkYSI6IlBFUyIsImN0eiI6MSwidGlwb0RvY1JlYyI6Ijk5IiwibnJvRG9jUmVjIjoiMCIsInRpcG9Db2RBdXQiOiJFIiwiY29kQXV0IjoiNzQxOTkxNjg1NDg3MDYifQ==', '', '0', '532'),
('533', '', '1', '11', '80', '20321089675', '', '35', '', '', '', '2024-05-10', '15:06:17', '2024-05-10', 'C', '2', '1', '', '', '', '', '', '', '', '', '6372.45', '31840', '', '', '', '', NULL, '', '', '', '', '', '', '', '', '', '', '', '', '', '', '', '1', '', '', '', '', '', '', '', '', '', '', '', '', '', '74199168548751', '2024-05-20', '', '', '', '', '', '', '', '', '', '', '6058.5', '313.95', '0', '22791', '2676', '0', '0', '', '', '', '32000', '1', '3', '10', '', '', '', 'https://storage.googleapis.com/a2p-v2-storage/c14437c8-e236-45f6-934a-31eeaa1aa7e7', '2', 'https://www.afip.gob.ar/fe/qr/?p=eyJ2ZXIiOjEsImZlY2hhIjoiMjAyNC0wNS0xMCIsImN1aXQiOiIyMzM1NjExMTY5OSIsInB0b1Z0YSI6IjEiLCJ0aXBvQ21wIjoiMTEiLCJucm9DbXAiOjIsImltcG9ydGUiOjM4MjEyLjQ1LCJtb25lZGEiOiJQRVMiLCJjdHoiOjEsInRpcG9Eb2NSZWMiOiI4MCIsIm5yb0RvY1JlYyI6IjIwMzIxMDg5Njc1IiwidGlwb0NvZEF1dCI6IkUiLCJjb2RBdXQiOiI3NDE5OTE2ODU0ODc1MSJ9', '', '0', '533'),
('534', '', '1', '11', '80', '20321089675', '', '35', '', '', '', '2024-05-10', '15:12:08', '2024-05-10', 'C', '3', '1', '', '', '', '', '', '', '', '', '9660', '48990', '', '', '', '', NULL, '', '', '', '', '', '', '', '', '', '', '', '', '', '', '', '1', '', '', '', '', '', '', '', '', '', '', '', '', '', '74199168549236', '2024-05-20', '', '', '', '', '', '', '', '', '', '', '9032.1', '627.9', '0', '33978', '5352', '0', '0', '', '', '', '49000', '1', '3', '10', '', '', '', 'https://storage.googleapis.com/a2p-v2-storage/1206f602-6fe2-4166-973f-d68f6ccbd2f3', '2', 'https://www.afip.gob.ar/fe/qr/?p=eyJ2ZXIiOjEsImZlY2hhIjoiMjAyNC0wNS0xMCIsImN1aXQiOiIyMzM1NjExMTY5OSIsInB0b1Z0YSI6IjEiLCJ0aXBvQ21wIjoiMTEiLCJucm9DbXAiOjMsImltcG9ydGUiOjU4NjUwLCJtb25lZGEiOiJQRVMiLCJjdHoiOjEsInRpcG9Eb2NSZWMiOiI4MCIsIm5yb0RvY1JlYyI6IjIwMzIxMDg5Njc1IiwidGlwb0NvZEF1dCI6IkUiLCJjb2RBdXQiOiI3NDE5OTE2ODU0OTIzNiJ9', '', '0', '534'),
('535', '', '1', '6', '99', '0', '', '1', '', '', '', '2024-05-11', '20:20:00', '2024-05-11', 'C', '63', '1', '', '', '', '', '', '', '', '', '5049.45', '25540', '', '', '', '', NULL, '', '', '', '', '', '', '', '', '', '', '', '', '', '', '', '1', '', '', '', '', '', '', '', '', '', '', '', '', '', '74199168606741', '2024-05-21', '', '', '', '', '', '', '', '', '', '', '4735.5', '313.95', '0', '17814', '2676', '0', '0', '', '', '', '26000', '1', '3', '10', '', '', '', 'https://storage.googleapis.com/a2p-v2-storage/080ba62a-d61c-463f-a210-244c8fc30f6d', '2', 'https://www.afip.gob.ar/fe/qr/?p=eyJ2ZXIiOjEsImZlY2hhIjoiMjAyNC0wNS0xMSIsImN1aXQiOiIyMzM1NjExMTY5OSIsInB0b1Z0YSI6IjEiLCJ0aXBvQ21wIjoiNiIsIm5yb0NtcCI6NjMsImltcG9ydGUiOjMwNTg5LjQ1LCJtb25lZGEiOiJQRVMiLCJjdHoiOjEsInRpcG9Eb2NSZWMiOiI5OSIsIm5yb0RvY1JlYyI6IjAiLCJ0aXBvQ29kQXV0IjoiRSIsImNvZEF1dCI6Ijc0MTk5MTY4NjA2NzQxIn0=', '', '0', '535'),
('536', '', '3', '6', '99', '0', '', '1', '', '', '', '2024-05-12', '21:15:18', '2024-05-12', 'C', '15', '3', '', '', '', '', '', '', '', '', '6853.35', '34130', '', '', '26', '', NULL, '', '', '', '', '', '', '', '', '', '', '', '', '', '', '', '1', '', '', '', '', '', '', '', '', '', '', '', '', '', '74199168652190', '2024-05-22', '', '', '', '', '', '', '', '', '', '', '6539.4', '313.95', '0', '24601', '2676', '0', '0', '', '', '', '35000', '1', '3', '7', '8', '', '', 'https://storage.googleapis.com/a2p-v2-storage/bfc3b099-9f6c-4e05-8d8c-58534402bb11', '1', 'https://www.afip.gob.ar/fe/qr/?p=eyJ2ZXIiOjEsImZlY2hhIjoiMjAyNC0wNS0xMiIsImN1aXQiOiIyMzM1NjExMTY5OSIsInB0b1Z0YSI6IjMiLCJ0aXBvQ21wIjoiNiIsIm5yb0NtcCI6MTUsImltcG9ydGUiOjQwOTgzLjM1LCJtb25lZGEiOiJQRVMiLCJjdHoiOjEsInRpcG9Eb2NSZWMiOiI5OSIsIm5yb0RvY1JlYyI6IjAiLCJ0aXBvQ29kQXV0IjoiRSIsImNvZEF1dCI6Ijc0MTk5MTY4NjUyMTkwIn0=', '', '0', '536'),
('537', '', '3', '6', '99', '0', '', '1', '', '', '', '2024-05-14', '10:48:23', '2024-05-14', 'C', '16', '3', '', '', '', '', '', '', '', '', '1883.7', '17940', '', '', '26', '', NULL, '', '', '', '', '', '', '', '', '', '', '', '', '', '', '', '1', '', '', '', '', '', '', '', '', '', '', '', '', '', '74209168959944', '2024-05-24', '', '', '', '', '', '', '', '', '', '', '0', '1883.7', '0', '0', '16056', '0', '0', '', '', '', '18000', '1', '3', '7', '8', '', '', 'https://storage.googleapis.com/a2p-v2-storage/f084fda2-c9bc-409e-ad53-b3ed0d57d059', '1', 'https://www.afip.gob.ar/fe/qr/?p=eyJ2ZXIiOjEsImZlY2hhIjoiMjAyNC0wNS0xNCIsImN1aXQiOiIyMzM1NjExMTY5OSIsInB0b1Z0YSI6IjMiLCJ0aXBvQ21wIjoiNiIsIm5yb0NtcCI6MTYsImltcG9ydGUiOjE5ODIzLjcsIm1vbmVkYSI6IlBFUyIsImN0eiI6MSwidGlwb0RvY1JlYyI6Ijk5IiwibnJvRG9jUmVjIjoiMCIsInRpcG9Db2RBdXQiOiJFIiwiY29kQXV0IjoiNzQyMDkxNjg5NTk5NDQifQ==', '', '0', '537'),
('538', '', '3', '6', '99', '0', '', '1', '', '', '', '2024-05-22', '14:38:00', '2024-05-22', 'C', '17', '3', '', '', '', '', '', '', '', '', '5491.5', '26150', '', '', '26', '', NULL, '', '', '', '', '', '', '', '', '', '', '', '', '', '', '', '1', '', '', '', '', '', '', '', '', '', '', '', '', '', '74219171055891', '2024-06-01', '', '', '', '', '', '', '', '', '', '', '5491.5', '0', '0', '20658', '0', '0', '0', '', '', '', '27000', '1', '3', '7', '8', '', '', 'https://storage.googleapis.com/a2p-v2-storage/beef4836-4e73-4f8b-b45a-96c452fe3f4a', '1', 'https://www.afip.gob.ar/fe/qr/?p=eyJ2ZXIiOjEsImZlY2hhIjoiMjAyNC0wNS0yMiIsImN1aXQiOiIyMzM1NjExMTY5OSIsInB0b1Z0YSI6IjMiLCJ0aXBvQ21wIjoiNiIsIm5yb0NtcCI6MTcsImltcG9ydGUiOjMxNjQxLjUsIm1vbmVkYSI6IlBFUyIsImN0eiI6MSwidGlwb0RvY1JlYyI6Ijk5IiwibnJvRG9jUmVjIjoiMCIsInRpcG9Db2RBdXQiOiJFIiwiY29kQXV0IjoiNzQyMTkxNzEwNTU4OTEifQ==', '', '0', '538'),
('539', '', '', '', '', '', '', '1', '', '', '', '2024-05-22', '14:39:28', '2024-05-22', NULL, '', NULL, '', '', '', '', '', '', '', '', '', '19160', '', '', '26', '', NULL, '', '', '', '', '', '', '', '', '', '', '', '', '', '', '', '', '', '', '', '', '', '', '', '', '', '', '', '', '', '', '', '', '', '', '', '', '', '', '', '', '', '', '', '', '', '', '', '', '', '', '', '20000', '3', '3', '7', '8', '', '', '', '1', '', '', '0', '539'),
('540', '', '', '', '', '', '', '1', '', '', '', '2024-05-22', '14:40:27', '2024-05-22', NULL, '', NULL, '', '', '', '', '', '', '', '', '', '15570', '', '', '26', '', NULL, '', '', '', '', '', '', '', '', '', '', '', '', '', '', '', '', '', '', '', '', '', '', '', '', '', '', '', '', '', '', '', '', '', '', '', '', '', '', '', '', '', '', '', '', '', '', '', '', '', '', '', '16000', '3', '3', '7', '8', '', '', '', '1', '', '', '0', '540'),
('541', '', '3', '6', '99', '0', '', '1', '', '', '', '2024-05-22', '14:41:04', '2024-05-22', 'C', '18', '3', '', '', '', '', '', '', '', '', '5367.6', '25560', '', '', '26', '', NULL, '', '', '', '', '', '', '', '', '', '', '', '', '', '', '', '1', '', '', '', '', '', '', '', '', '', '', '', '', '', '74219171056041', '2024-06-01', '', '', '', '', '', '', '', '', '', '', '5367.6', '0', '0', '20192', '0', '0', '0', '', '', '', '27000', '1', '3', '7', '8', '2024-05-22 00:00:00.000000', 'Error', 'https://storage.googleapis.com/a2p-v2-storage/2d698c76-ad12-45f3-b11c-69c9cbfaa361', '1', 'https://www.afip.gob.ar/fe/qr/?p=eyJ2ZXIiOjEsImZlY2hhIjoiMjAyNC0wNS0yMiIsImN1aXQiOiIyMzM1NjExMTY5OSIsInB0b1Z0YSI6IjMiLCJ0aXBvQ21wIjoiNiIsIm5yb0NtcCI6MTgsImltcG9ydGUiOjMwOTI3LjYsIm1vbmVkYSI6IlBFUyIsImN0eiI6MSwidGlwb0RvY1JlYyI6Ijk5IiwibnJvRG9jUmVjIjoiMCIsInRpcG9Db2RBdXQiOiJFIiwiY29kQXV0IjoiNzQyMTkxNzEwNTYwNDEifQ==', '', '0', '541'),
('542', '', '3', '1', '80', '20321089675', '', '35', '', '', '', '2024-05-22', '15:02:28', '2024-05-22', 'A', '3', '3', '', '', '', '', '', '', '', '', '1695.75', '9570', '', '', '26', '', NULL, '', '', '', '', '', '', '', '', '', '', '', '', '', '', '', '1', '', '', '', '', '', '', '', '', '', '', '', '', '', '74219171059586', '2024-06-01', '', '', '', '', '', '', '', '', '', '', '1381.8', '313.95', '0', '5198', '2676', '0', '0', '', '', '', '10000', '1', '3', '7', '8', '', '', 'https://storage.googleapis.com/a2p-v2-storage/d6fba1a2-a673-4dea-8c05-1a384af34fa8', '1', 'https://www.afip.gob.ar/fe/qr/?p=eyJ2ZXIiOjEsImZlY2hhIjoiMjAyNC0wNS0yMiIsImN1aXQiOiIyMzM1NjExMTY5OSIsInB0b1Z0YSI6IjMiLCJ0aXBvQ21wIjoiMSIsIm5yb0NtcCI6MywiaW1wb3J0ZSI6MTEyNjUuNzUsIm1vbmVkYSI6IlBFUyIsImN0eiI6MSwidGlwb0RvY1JlYyI6IjgwIiwibnJvRG9jUmVjIjoiMjAzMjEwODk2NzUiLCJ0aXBvQ29kQXV0IjoiRSIsImNvZEF1dCI6Ijc0MjE5MTcxMDU5NTg2In0=', '', '0', '542'),
('543', '', '', '', '', '', '', '35', '', '', '', '2024-05-22', '15:03:15', '2024-05-22', NULL, '', NULL, '', '', '', '', '', '', '', '', '', '18570', '', '', '26', '', NULL, '', '', '', '', '', '', '', '', '', '', '', '', '', '', '', '', '', '', '', '', '', '', '', '', '', '', '', '', '', '', '', '', '', '', '', '', '', '', '', '', '', '', '', '', '', '', '', '', '', '', '', '19000', '3', '3', '7', '8', '', '', '', '1', '', '', '0', '543'),
('544', '', '', '', '', '', '', '37', '', '', '', '2024-05-22', '15:05:06', '2024-05-22', NULL, '', NULL, '', '', '', '', '', '', '', '', '', '31150', '', '', '26', '', NULL, '', '', '', '', '', '', '', '', '', '', '', '', '', '', '', '', '', '', '', '', '', '', '', '', '', '', '', '', '', '', '', '', '', '', '', '', '', '', '', '', '', '', '', '', '', '', '', '', '', '', '', '32000', '3', '3', '7', '8', '', '', '', '1', '', '', '0', '544'),
('545', '', '3', '8', '99', '0', '', '1', '', '', '', '2024-05-22', '15:38:22', '2024-05-22', 'C', '2', '3', '', '', '', '', '', '', '', '', '', '25560', '', '', '26', '', NULL, '18', '', '', '', '', '', '', '', '', '', '', '', '', '', '', '1', '', '', '', '', '', '', '', '', '', '', '', '', '', '74219171097659', '2024-06-01', '', '', '', '', '', '', '', '', '', '', '5367.6', '0', '0', '20192', '0', '0', '', '', '', '', '27000', '4', '3', '7', '8', '', '', 'https://storage.googleapis.com/a2p-v2-storage/4775d3ae-378d-4e9e-82ad-9493b029f53c', '1', 'https://www.afip.gob.ar/fe/qr/?p=eyJ2ZXIiOjEsImZlY2hhIjoiMjAyNC0wNS0yMiIsImN1aXQiOjIzMzU2MTExNjk5LCJwdG9WdGEiOjMsInRpcG9DbXAiOjgsIm5yb0NtcCI6MiwiaW1wb3J0ZSI6MzA5MjcuNiwibW9uZWRhIjoiUEVTIiwiY3R6IjoxLCJ0aXBvRG9jUmVjIjo5OSwibnJvRG9jUmVjIjowLCJ0aXBvQ29kQXV0IjoiRSIsImNvZEF1dCI6Ijc0MjE5MTcxMDk3NjU5In0=', '541', '0', '545'),
('553', '', '3', '6', '99', '0', '', '1', '', '', '', '2024-05-23', '11:17:28', '2024-05-23', 'C', '19', '3', '', '', '', '', '', '', '', '', '3163.65', '16560', '', '', '26', '', NULL, '', '', '', '', '', '', '', '', '', '', '', '', '', '', '', '1', '', '', '', '', '', '', '', '', '', '', '', '', '', '74219172837771', '2024-06-02', '', '', '', '', '', '', '', '', '', '', '2849.7', '313.95', '0', '10720', '2676', '0', '0', '', '', '', '17000', '1', '3', '7', '8', '', '', 'https://storage.googleapis.com/a2p-v2-storage/5dac5304-5103-4710-a91f-1ae84a08bde0', '1', 'https://www.afip.gob.ar/fe/qr/?p=eyJ2ZXIiOjEsImZlY2hhIjoiMjAyNC0wNS0yMyIsImN1aXQiOiIyMzM1NjExMTY5OSIsInB0b1Z0YSI6IjMiLCJ0aXBvQ21wIjoiNiIsIm5yb0NtcCI6MTksImltcG9ydGUiOjE5NzIzLjY1LCJtb25lZGEiOiJQRVMiLCJjdHoiOjEsInRpcG9Eb2NSZWMiOiI5OSIsIm5yb0RvY1JlYyI6IjAiLCJ0aXBvQ29kQXV0IjoiRSIsImNvZEF1dCI6Ijc0MjE5MTcyODM3NzcxIn0=', '', '0', '553'),
('554', '', '', '', '', '', '', '1', '', '', '', '2024-05-23', '11:17:57', '2024-05-23', NULL, '', NULL, '', '', '', '', '', '', '', '', '', '35130', '', '', '26', '', NULL, '', '', '', '', '', '', '', '', '', '', '', '', '', '', '', '', '', '', '', '', '', '', '', '', '', '', '', '', '', '', '', '', '', '', '', '', '', '', '', '', '', '', '', '', '', '', '', '', '', '', '', '36000', '3', '3', '7', '8', '', '', '', '1', '', '', '0', '554'),
('644', '', '', '', '', '', '', '1', '', '', '', '2024-06-04', '08:34:40', '2024-06-04', NULL, '', NULL, '', '', '', '', '', '', '', '', '', '9270', '', '', '26', '', NULL, '', '', '', '', '', '', '', '', '', '', '', '', '', '', '', '', '', '', '', '', '', '', '', '', '', '', '', '', '', '', '', '', '', '', '', '', '', '', '', '', '', '', '', '', '', '', '', '', '', '', '', '9270', '3', '3', '7', '8', '', '', '', '1', '', '', '0', '644'),
('646', '', '', '', '', '', '', '1', '', '', '', '2024-06-04', '08:39:12', '2024-06-04', NULL, '', NULL, '', '', '', '', '', '', '', '', '', '6280', '', '', '26', '', NULL, '', '', '', '', '', '', '', '', '', '', '', '', '', '', '', '', '', '', '', '', '', '', '', '', '', '', '', '', '', '', '', '', '', '', '', '', '', '', '', '', '', '', '', '', '', '', '', '', '', '', '', '6280', '3', '3', '7', '8', '', '', '', '1', '', '', '0', '646'),
('647', '', '', '', '', '', '', '1', '', '', '', '2024-06-04', '08:41:03', '2024-06-04', NULL, '', NULL, '', '', '', '', '', '', '', '', '', '4690', '', '', '26', '', NULL, '', '', '', '', '', '', '', '', '', '', '', '', '', '', '', '', '', '', '', '', '', '', '', '', '', '', '', '', '', '', '', '', '', '', '', '', '', '', '', '', '', '', '', '', '', '', '', '', '', '', '', '4690', '3', '3', '7', '8', '', '', '', '1', '', '', '0', '647'),
('648', '', '', '', '', '', '', '1', '', '', '', '2024-06-04', '08:42:00', '2024-06-04', NULL, '', NULL, '', '', '', '', '', '', '', '', '', '4690', '', '', '26', '', NULL, '', '', '', '', '', '', '', '', '', '', '', '', '', '', '', '', '', '', '', '', '', '', '', '', '', '', '', '', '', '', '', '', '', '', '', '', '', '', '', '', '', '', '', '', '', '', '', '', '', '', '', '4690', '3', '3', '7', '8', '', '', '', '1', '', '', '0', '648'),
('649', '', '', '', '', '', '', '1', '', '', '', '2024-06-04', '08:48:29', '2024-06-04', NULL, '', NULL, '', '', '', '', '', '', '', '', '', '2990', '', '', '26', '', NULL, '', '', '', '', '', '', '', '', '', '', '', '', '', '', '', '', '', '', '', '', '', '', '', '', '', '', '', '', '', '', '', '', '', '', '', '', '', '', '', '', '', '', '', '', '', '', '', '', '', '', '', '2990', '3', '3', '7', '8', '', '', '', '1', '', '', '0', '649'),
('650', '', '', '', '', '', '', '1', '', '', '', '2024-06-04', '08:49:00', '2024-06-04', NULL, '', NULL, '', '', '', '', '', '', '', '', '', '7990', '', '', '26', '', NULL, '', '', '', '', '', '', '', '', '', '', '', '', '', '', '', '', '', '', '', '', '', '', '', '', '', '', '', '', '', '', '', '', '', '', '', '', '', '', '', '', '', '', '', '', '', '', '', '', '', '', '', '7990', '3', '3', '7', '8', '', '', '', '1', '', '', '0', '650'),
('651', '', '', '', '', '', '', '1', '', '', '', '2024-06-04', '08:50:31', '2024-06-04', NULL, '', NULL, '', '', '', '', '', '', '', '', '', '7990', '', '', '26', '', NULL, '', '', '', '', '', '', '', '', '', '', '', '', '', '', '', '', '', '', '', '', '', '', '', '', '', '', '', '', '', '', '', '', '', '', '', '', '', '', '', '', '', '', '', '', '', '', '', '', '', '', '', '7990', '3', '3', '7', '8', '', '', '', '1', '', '', '0', '651'),
('653', '', '', '', '', '', '', '1', '', '', '', '2024-06-04', '08:56:03', '2024-06-04', NULL, '', NULL, '', '', '', '', '', '', '', '', '', '31060', '', '', '26', '', NULL, '', '', '', '', '', '', '', '', '', '', '', '', '', '', '', '', '', '', '', '', '', '', '', '', '', '', '', '', '', '', '', '', '', '', '', '', '', '', '', '', '', '', '', '', '', '', '', '', '', '', '', '31060', '3', '3', '7', '8', '', '', '', '1', '', '', '0', '653'),
('654', '', '', '', '', '', '', '1', '', '', '', '2024-06-04', '08:58:11', '2024-06-04', NULL, '', NULL, '', '', '', '', '', '', '', '', '', '52550', '', '', '26', '', NULL, '', '', '', '', '', '', '', '', '', '', '', '', '', '', '', '', '', '', '', '', '', '', '', '', '', '', '', '', '', '', '', '', '', '', '', '', '', '', '', '', '', '', '', '', '', '', '', '', '', '', '', '52550', '3', '3', '7', '8', '', '', '', '1', '', '', '0', '654'),
('670', '', '', '', '', '', '', '1', '', '', '', '2024-06-04', '08:58:11', '2024-06-04', NULL, '', NULL, '', '', '', '', '', '', '', '', '', '52550', '', '', '26', '', NULL, '', '', '', '', '', '', '', '', '', '', '', '', '', '', '', '', '', '', '', '', '', '', '', '', '', '', '', '', '', '', '', '', '', '', '', '', '', '', '', '', '', '', '', '', '', '', '', '', '', '', '', '52550', '3', '3', '7', '8', '', '', '', '1', '', '', '0', '670'),
('674', '', '', '', '', '', '', '1', '', '', '', '2024-06-04', '08:58:11', '2024-06-04', NULL, '', NULL, '', '', '', '', '', '', '', '', '', '52550', '', '', '26', '', NULL, '', '', '', '', '', '', '', '', '', '', '', '', '', '', '', '', '', '', '', '', '', '', '', '', '', '', '', '', '', '', '', '', '', '', '', '', '', '', '', '', '', '', '', '', '', '', '', '', '', '', '', '52550', '3', '3', '7', '8', '', '', '', '1', '', '', '0', '674'),
('685', '', '', '', '', '', '', '1', '', '', '', '2024-06-04', '10:20:49', '2024-06-04', NULL, '', NULL, '', '', '', '', '', '', '', '', '', '3290', '', '', '26', '', NULL, '', '', '', '', '', '', '', '', '', '', '', '', '', '', '', '', '', '', '', '', '', '', '', '', '', '', '', '', '', '', '', '', '', '', '', '', '', '', '', '', '', '', '', '', '', '', '', '', '', '', '', '3290', '3', '3', '7', '8', '', '', '', '1', '', '', '0', '685'),
('686', '', '', '', '', '', '', '1', '', '', '', '2024-06-04', '10:21:02', '2024-06-04', NULL, '', NULL, '', '', '', '', '', '', '', '', '', '4290', '', '', '26', '', NULL, '', '', '', '', '', '', '', '', '', '', '', '', '', '', '', '', '', '', '', '', '', '', '', '', '', '', '', '', '', '', '', '', '', '', '', '', '', '', '', '', '', '', '', '', '', '', '', '', '', '', '', '4290', '3', '3', '7', '8', '', '', '', '1', '', '', '0', '686'),
('687', '', '', '', '', '', '', '1', '', '', '', '2024-06-04', '10:21:35', '2024-06-04', NULL, '', NULL, '', '', '', '', '', '', '', '', '', '2590', '', '', '26', '', NULL, '', '', '', '', '', '', '', '', '', '', '', '', '', '', '', '', '', '', '', '', '', '', '', '', '', '', '', '', '', '', '', '', '', '', '', '', '', '', '', '', '', '', '', '', '', '', '', '', '', '', '', '2590', '3', '3', '7', '8', '', '', '', '1', '', '', '0', '687'),
('693', '', '', '', '', '', '', '1', '', '', '', '2024-06-04', '10:32:11', '2024-06-04', NULL, '', NULL, '', '', '', '', '', '', '', '', '', '3290', '', '', '26', '', NULL, '', '', '', '', '', '', '', '', '', '', '', '', '', '', '', '', '', '', '', '', '', '', '', '', '', '', '', '', '', '', '', '', '', '', '', '', '', '', '', '', '', '', '', '', '', '', '', '', '', '', '', '3290', '3', '3', '7', '8', '', '', '', '1', '', '', '0', '693'),
('794', '', '', '', '', '', '', '1', '', '', '', '2024-06-05', '11:37:35', '2024-06-05', NULL, '', NULL, '', '', '', '', '', '', '', '', '', '2990', '', '', '26', '', NULL, '', '', '', '', '', '', '', '', '', '', '', '', '', '', '', '', '', '', '', '', '', '', '', '', '', '', '', '', '', '', '', '', '', '', '', '', '', '', '', '', '', '', '', '', '', '', '', '', '', '', '', '2990', '3', '3', '7', '8', '', '', '', '1', '', '', '0', '794'),
('795', '', '', '', '', '', '', '1', '', '', '', '2024-06-05', '11:38:02', '2024-06-05', NULL, '', NULL, '', '', '', '', '', '', '', '', '', '5980', '', '', '26', '', NULL, '', '', '', '', '', '', '', '', '', '', '', '', '', '', '', '', '', '', '', '', '', '', '', '', '', '', '', '', '', '', '', '', '', '', '', '', '', '', '', '', '', '', '', '', '', '', '', '', '', '', '', '5980', '3', '3', '7', '8', '', '', '', '1', '', '', '0', '795'),
('805', '', '', '', '', '', '', '1', '', '', '', '2024-06-05', '12:24:55', '2024-06-05', NULL, '', NULL, '', '', '', '', '', '', '', '', '', '18960', '', '', '26', '', NULL, '', '', '', '', '', '', '', '', '', '', '', '', '', '', '', '', '', '', '', '', '', '', '', '', '', '', '', '', '', '', '', '', '', '', '', '', '', '', '', '', '', '', '', '', '', '', '', '', '', '', '', '18960', '3', '3', '7', '8', '', '', '', '1', '', '', '0', '805'),
('808', '', '', '', '', '', '', '1', '', '', '', '2024-06-05', '12:25:29', '2024-06-05', NULL, '', NULL, '', '', '', '', '', '', '', '', '', '29140', '', '', '26', '', NULL, '', '', '', '', '', '', '', '', '', '', '', '', '', '', '', '', '', '', '', '', '', '', '', '', '', '', '', '', '', '', '', '', '', '', '', '', '', '', '', '', '', '', '', '', '', '', '', '', '', '', '', '29140', '3', '3', '7', '8', '', '', '', '1', '', '', '0', '808'),
('809', '', '', '', '', '', '', '1', '', '', '', '2024-06-05', '12:25:29', '2024-06-05', NULL, '', NULL, '', '', '', '', '', '', '', '', '', '29140', '', '', '26', '', NULL, '', '', '', '', '', '', '', '', '', '', '', '', '', '', '', '', '', '', '', '', '', '', '', '', '', '', '', '', '', '', '', '', '', '', '', '', '', '', '', '', '', '', '', '', '', '', '', '', '', '', '', '29140', '3', '3', '7', '8', '', '', '', '1', '', '', '0', '809'),
('810', '', '', '', '', '', '', '1', '', '', '', '2024-06-05', '12:55:38', '2024-06-05', NULL, '', NULL, '', '', '', '', '', '', '', '', '', '2990', '', '', '26', '', NULL, '', '', '', '', '', '', '', '', '', '', '', '', '', '', '', '', '', '', '', '', '', '', '', '', '', '', '', '', '', '', '', '', '', '', '', '', '', '', '', '', '', '', '', '', '', '', '', '', '', '', '', '2990', '3', '3', '7', '8', '', '', '', '1', '', '', '0', '810'),
('811', '', '', '', '', '', '', '1', '', '', '', '2024-06-05', '13:04:48', '2024-06-05', NULL, '', NULL, '', '', '', '', '', '', '', '', '', '15550', '', '', '26', '', NULL, '', '', '', '', '', '', '', '', '', '', '', '', '', '', '', '', '', '', '', '', '', '', '', '', '', '', '', '', '', '', '', '', '', '', '', '', '', '', '', '', '', '', '', '', '', '', '', '', '', '', '', '15550', '3', '3', '7', '9', '', '', '', '1', '', '', '0', '811'),
('824', '', '', '', '', '', '', '1', '', '', '', '2024-06-04', '10:20:49', '2024-06-04', NULL, '', NULL, '', '', '', '', '', '', '', '', '', '3290', '', '', '26', '', NULL, '', '', '', '', '', '', '', '', '', '', '', '', '', '', '', '', '', '', '', '', '', '', '', '', '', '', '', '', '', '', '', '', '', '', '', '', '', '', '', '', '', '', '', '', '', '', '', '', '', '', '', '3290', '3', '3', '7', '17', '', '', '', '1', '', '', '0', '824'),
('825', '', '', '', '', '', '', '1', '', '', '', '2024-06-04', '10:21:02', '2024-06-04', NULL, '', NULL, '', '', '', '', '', '', '', '', '', '4290', '', '', '26', '', NULL, '', '', '', '', '', '', '', '', '', '', '', '', '', '', '', '', '', '', '', '', '', '', '', '', '', '', '', '', '', '', '', '', '', '', '', '', '', '', '', '', '', '', '', '', '', '', '', '', '', '', '', '4290', '3', '3', '7', '17', '', '', '', '1', '', '', '0', '825'),
('826', '', '', '', '', '', '', '1', '', '', '', '2024-06-04', '10:21:35', '2024-06-04', NULL, '', NULL, '', '', '', '', '', '', '', '', '', '2590', '', '', '26', '', NULL, '', '', '', '', '', '', '', '', '', '', '', '', '', '', '', '', '', '', '', '', '', '', '', '', '', '', '', '', '', '', '', '', '', '', '', '', '', '', '', '', '', '', '', '', '', '', '', '', '', '', '', '2590', '3', '3', '7', '17', '', '', '', '1', '', '', '0', '826'),
('832', '', '', '', '', '', '', '1', '', '', '', '2024-06-04', '10:32:11', '2024-06-04', NULL, '', NULL, '', '', '', '', '', '', '', '', '', '3290', '', '', '26', '', NULL, '', '', '', '', '', '', '', '', '', '', '', '', '', '', '', '', '', '', '', '', '', '', '', '', '', '', '', '', '', '', '', '', '', '', '', '', '', '', '', '', '', '', '', '', '', '', '', '', '', '', '', '3290', '3', '3', '7', '17', '', '', '', '1', '', '', '0', '832'),
('2119', '', '3', '6', '99', '0', '', '1', '', '', '', '2024-06-09', '12:18:24', '2024-06-09', 'C', '20', '3', '', '', '', '', '', '', '', '', '1004.85', '6280', '', '', '26', '', NULL, '', '', '', '', '', '', '', '', '', '', '', '', '', '', '', '1', '', '', '', '', '', '', '', '', '', '', '', '', '', '74239176952575', '2024-06-19', '', '', '', '', '', '', '', '', '', '', '690.9', '313.95', '0', '2599', '2676', '0', '0', '', '', '', '6280', '1', '3', '7', '17', '', '', 'https://storage.googleapis.com/a2p-v2-storage/3566e641-80ce-4224-af99-18b98f126d7f', '1', 'https://www.afip.gob.ar/fe/qr/?p=eyJ2ZXIiOjEsImZlY2hhIjoiMjAyNC0wNi0wOSIsImN1aXQiOiIyMzM1NjExMTY5OSIsInB0b1Z0YSI6IjMiLCJ0aXBvQ21wIjoiNiIsIm5yb0NtcCI6MjAsImltcG9ydGUiOjcyODQuODUsIm1vbmVkYSI6IlBFUyIsImN0eiI6MSwidGlwb0RvY1JlYyI6Ijk5IiwibnJvRG9jUmVjIjoiMCIsInRpcG9Db2RBdXQiOiJFIiwiY29kQXV0IjoiNzQyMzkxNzY5NTI1NzUifQ==', '', '0', '2119'),
('2136', '', '3', '6', '99', '0', '', '1', '', '', '', '2024-06-09', '01:13:40', '2024-06-09', 'C', '21', '3', '', '', '', '', '', '', '', '', '313.95', '2990', '', '', '26', '', NULL, '', '', '', '', '', '', '', '', '', '', '', '', '', '', '', '1', '', '', '', '', '', '', '', '', '', '', '', '', '', '74239176953369', '2024-06-19', '', '', '', '', '', '', '', '', '', '', '0', '313.95', '0', '0', '2676', '0', '0', '', '', '', '3000', '1', '3', '7', '17', '', '', 'https://storage.googleapis.com/a2p-v2-storage/efb8a9a0-9319-4cb9-a216-5df4878cd316', '1', 'https://www.afip.gob.ar/fe/qr/?p=eyJ2ZXIiOjEsImZlY2hhIjoiMjAyNC0wNi0wOSIsImN1aXQiOiIyMzM1NjExMTY5OSIsInB0b1Z0YSI6IjMiLCJ0aXBvQ21wIjoiNiIsIm5yb0NtcCI6MjEsImltcG9ydGUiOjMzMDMuOTUsIm1vbmVkYSI6IlBFUyIsImN0eiI6MSwidGlwb0RvY1JlYyI6Ijk5IiwibnJvRG9jUmVjIjoiMCIsInRpcG9Db2RBdXQiOiJFIiwiY29kQXV0IjoiNzQyMzkxNzY5NTMzNjkifQ==', '', '0', '2136'),
('2137', '', '', '', '', '', '', '1', '', '', '', '2024-06-09', '01:49:22', '2024-06-09', NULL, '', NULL, '', '', '', '', '', '', '', '', '', '2990', '', '', '26', '', NULL, '', '', '', '', '', '', '', '', '', '', '', '', '', '', '', '', '', '', '', '', '', '', '', '', '', '', '', '', '', '', '', '', '', '', '', '', '', '', '', '', '', '', '', '', '', '', '', '', '', '', '', '2990', '3', '3', '7', '17', '', '', '', '1', '', '', '0', '2137'),
('2138', '', '', '', '', '', '', '1', '', '', '', '2024-06-09', '01:51:10', '2024-06-09', NULL, '', NULL, '', '', '', '', '', '', '', '', '', '2990', '', '', '26', '', NULL, '', '', '', '', '', '', '', '', '', '', '', '', '', '', '', '', '', '', '', '', '', '', '', '', '', '', '', '', '', '', '', '', '', '', '', '', '', '', '', '', '', '', '', '', '', '', '', '', '', '', '', '2990', '3', '3', '7', '17', '', '', '', '1', '', '', '0', '2138'),
('2139', '', '', '', '', '', '', '1', '', '', '', '2024-06-09', '01:51:45', '2024-06-09', NULL, '', NULL, '', '', '', '', '', '', '', '', '', '6990', '', '', '26', '', NULL, '', '', '', '', '', '', '', '', '', '', '', '', '', '', '', '', '', '', '', '', '', '', '', '', '', '', '', '', '', '', '', '', '', '', '', '', '', '', '', '', '', '', '', '', '', '', '', '', '', '', '', '6990', '3', '3', '7', '17', '', '', '', '1', '', '', '0', '2139'),
('2140', '1', '', '', '', '', '', '1', '', '', '', '2024-06-09', '02:02:24', '2024-06-09', NULL, '', NULL, '', '', '', '', '', '', '', '', '', '5590', '', '', '26', '', NULL, '', '', '', '', '', '', '', '', '', '', '', '', '', '', '', '', '', '', '', '', '', '', '', '', '', '', '', '', '', '', '', '', '', '', '', '', '', '', '', '', '', '', '', '', '', '', '', '', '', '', '', '5590', '3', '3', '7', '17', '', '', '', '1', '', '', '0', '2140'),
('2141', '2', '', '', '', '', '', '1', '', '', '', '2024-06-09', '02:03:54', '2024-06-09', NULL, '', NULL, '', '', '', '', '', '', '', '', '', '17970', '', '', '26', '', NULL, '', '', '', '', '', '', '', '', '', '', '', '', '', '', '', '', '', '', '', '', '', '', '', '', '', '', '', '', '', '', '', '', '', '', '', '', '', '', '', '', '', '', '', '', '', '', '', '', '', '', '', '17970', '3', '3', '7', '17', '', '', '', '1', '', '', '0', '2141'),
('2142', '3', '', '', '', '', '', '1', '', '', '', '2024-06-09', '02:06:04', '2024-06-09', NULL, '', NULL, '', '', '', '', '', '', '', '', '', '2990', '', '', '26', '', NULL, '', '', '', '', '', '', '', '', '', '', '', '', '', '', '', '', '', '', '', '', '', '', '', '', '', '', '', '', '', '', '', '', '', '', '', '', '', '', '', '', '', '', '', '', '', '', '', '', '', '', '', '2990', '3', '3', '7', '17', '', '', '', '1', '', '', '0', '2142'),
('2143', '4', '', '', '', '', '', '1', '', '', '', '2024-06-09', '02:06:23', '2024-06-09', NULL, '', NULL, '', '', '', '', '', '', '', '', '', '2990', '', '', '26', '', NULL, '', '', '', '', '', '', '', '', '', '', '', '', '', '', '', '', '', '', '', '', '', '', '', '', '', '', '', '', '', '', '', '', '', '', '', '', '', '', '', '', '', '', '', '', '', '', '', '', '', '', '', '2990', '3', '3', '7', '17', '', '', '', '1', '', '', '0', '2143'),
('2144', '5', '', '', '', '', '', '1', '', '', '', '2024-06-09', '03:06:03', '2024-06-09', NULL, '', NULL, '', '', '', '', '', '', '', '', '', '6990', '', '', '26', '', NULL, '', '', '', '', '', '', '', '', '', '', '', '', '', '', '', '', '', '', '', '', '', '', '', '', '', '', '', '', '', '', '', '', '', '', '', '', '', '', '', '', '', '', '', '', '', '', '', '', '', '', '', '6990', '3', '3', '7', '17', '', '', '', '1', '', '', '0', '2144'),
('2145', '6', '', '', '', '', '', '1', '', '', '', '2024-06-09', '03:07:29', '2024-06-09', NULL, '', NULL, '', '', '', '', '', '', '', '', '', '2990', '', '', '26', '', NULL, '', '', '', '', '', '', '', '', '', '', '', '', '', '', '', '', '', '', '', '', '', '', '', '', '', '', '', '', '', '', '', '', '', '', '', '', '', '', '', '', '', '', '', '', '', '', '', '', '', '', '', '2990', '3', '3', '7', '17', '', '', '', '1', '', '', '0', '2145'),
('2146', '7', '', '', '', '', '', '1', '', '', '', '2024-06-09', '03:07:53', '2024-06-09', NULL, '', NULL, '', '', '', '', '', '', '', '', '', '6990', '', '', '26', '', NULL, '', '', '', '', '', '', '', '', '', '', '', '', '', '', '', '', '', '', '', '', '', '', '', '', '', '', '', '', '', '', '', '', '', '', '', '', '', '', '', '', '', '', '', '', '', '', '', '', '', '', '', '6990', '3', '3', '7', '17', '', '', '', '1', '', '', '0', '2146'),
('2147', '8', '', '', '', '', '', '1', '', '', '', '2024-06-09', '03:23:16', '2024-06-09', NULL, '', NULL, '', '', '', '', '', '', '', '', '', '2990', '', '', '26', '', NULL, '', '', '', '', '', '', '', '', '', '', '', '', '', '', '', '', '', '', '', '', '', '', '', '', '', '', '', '', '', '', '', '', '', '', '', '', '', '', '', '', '', '', '', '', '', '', '', '', '', '', '', '2990', '3', '3', '7', '17', '', '', '', '1', '', '', '0', '2147'),
('2148', '9', '3', '', '', '', '', '1', '', '', '', '2024-06-09', '03:40:39', '2024-06-09', NULL, '', '3', '', '', '', '', '', '', '', '', '', '5980', '', '', '26', '', NULL, '', '', '', '', '', '', '', '', '', '', '', '', '', '', '', '', '', '', '', '', '', '', '', '', '', '', '', '', '', '', '', '', '', '', '', '', '', '', '', '', '', '', '', '', '', '', '', '', '', '', '', '5980', '3', '3', '7', '17', '', '', '', '1', '', '', '0', '2148'),
('2149', '10', '3', '', '', '', '', '1', '', '', '', '2024-06-09', '03:44:29', '2024-06-09', NULL, '', '3', '', '', '', '', '', '', '', '', '', '6280', '', '', '26', '', NULL, '', '', '', '', '', '', '', '', '', '', '', '', '', '', '', '', '', '', '', '', '', '', '', '', '', '', '', '', '', '', '', '', '', '', '', '', '', '', '', '', '', '', '', '', '', '', '', '', '', '', '', '6280', '3', '3', '7', '17', '', '', '', '1', '', '', '0', '2149'),
('2150', '11', '3', '', '', '', '', '1', '', '', '', '2024-06-09', '03:51:14', '2024-06-09', NULL, '', '3', '', '', '', '', '', '', '', '', '', '6280', '', '', '26', '', NULL, '', '', '', '', '', '', '', '', '', '', '', '', '', '', '', '', '', '', '', '', '', '', '', '', '', '', '', '', '', '', '', '', '', '', '', '', '', '', '', '', '', '', '', '', '', '', '', '', '', '', '', '6280', '3', '3', '7', '17', '', '', '', '1', '', '', '0', '2150'),
('2153', '13', '3', '', '', '', '', '1', '', '', '', '2024-06-09', '05:55:57', '2024-06-09', NULL, '', '3', '', '', '', '', '', '', '', '', '', '2990', '', '', '26', '', NULL, '', '', '', '', '', '', '', '', '', '', '', '', '', '', '', '', '', '', '', '', '', '', '', '', '', '', '', '', '', '', '', '', '', '', '', '', '', '', '', '', '', '', '', '', '', '', '', '', '', '', '', '2990', '3', '3', '7', '17', '', '', '', '1', '', '', '0', '2153'),
('2154', '14', '3', '', '', '', '', '1', '', '', '', '2024-06-09', '05:56:53', '2024-06-09', NULL, '', '3', '', '', '', '', '', '', '', '', '', '13270', '', '', '26', '', NULL, '', '', '', '', '', '', '', '', '', '', '', '', '', '', '', '', '', '', '', '', '', '', '', '', '', '', '', '', '', '', '', '', '', '', '', '', '', '', '', '', '', '', '', '', '', '', '', '', '', '', '', '13270', '3', '3', '7', '17', '', '', '', '1', '', '', '0', '2154'),
('2155', '15', '3', '', '', '', '', '1', '', '', '', '2024-06-09', '05:56:53', '2024-06-09', NULL, '', '3', '', '', '', '', '', '', '', '', '', '13270', '', '', '26', '', NULL, '', '', '', '', '', '', '', '', '', '', '', '', '', '', '', '', '', '', '', '', '', '', '', '', '', '', '', '', '', '', '', '', '', '', '', '', '', '', '', '', '', '', '', '', '', '', '', '', '', '', '', '13270', '3', '3', '7', '19', '', '', '', '1', '', '', '0', '2155'),
('2156', '16', '3', '', '', '', '', '1', '', '', '', '2024-06-09', '06:06:55', '2024-06-09', NULL, '', '3', '', '', '', '', '', '', '', '', '', '9570', '', '', '26', '', NULL, '', '', '', '', '', '', '', '', '', '', '', '', '', '', '', '', '', '', '', '', '', '', '', '', '', '', '', '', '', '', '', '', '', '', '', '', '', '', '', '', '', '', '', '', '', '', '', '', '', '', '', '9570', '3', '3', '7', '19', '', '', '', '1', '', '', '0', '2156'),
('2157', '17', '3', '', '', '', '', '1', '', '', '', '2024-06-09', '06:07:17', '2024-06-09', NULL, '', '3', '', '', '', '', '', '', '', '', '', '22150', '', '', '26', '', NULL, '', '', '', '', '', '', '', '', '', '', '', '', '', '', '', '', '', '', '', '', '', '', '', '', '', '', '', '', '', '', '', '', '', '', '', '', '', '', '', '', '', '', '', '', '', '', '', '', '', '', '', '22150', '3', '3', '7', '19', '', '', '', '1', '', '', '0', '2157'),
('2158', '18', '3', '', '', '', '', '1', '', '', '', '2024-06-09', '06:06:55', '2024-06-09', NULL, '', '3', '', '', '', '', '', '', '', '', '', '9570', '', '', '26', '', NULL, '', '', '', '', '', '', '', '', '', '', '', '', '', '', '', '', '', '', '', '', '', '', '', '', '', '', '', '', '', '', '', '', '', '', '', '', '', '', '', '', '', '', '', '', '', '', '', '', '', '', '', '9570', '3', '3', '7', '19', '', '', '', '1', '', '', '0', '2158'),
('2159', '19', '3', '', '', '', '', '1', '', '', '', '2024-06-09', '06:07:17', '2024-06-09', NULL, '', '3', '', '', '', '', '', '', '', '', '', '22150', '', '', '26', '', NULL, '', '', '', '', '', '', '', '', '', '', '', '', '', '', '', '', '', '', '', '', '', '', '', '', '', '', '', '', '', '', '', '', '', '', '', '', '', '', '', '', '', '', '', '', '', '', '', '', '', '', '', '22150', '3', '3', '7', '19', '', '', '', '1', '', '', '0', '2159'),
('2160', '20', '3', '', '', '', '', '1', '', '', '', '2024-06-09', '06:11:26', '2024-06-09', NULL, '', '3', '', '', '', '', '', '', '', '', '', '35130', '', '', '26', '', NULL, '', '', '', '', '', '', '', '', '', '', '', '', '', '', '', '', '', '', '', '', '', '', '', '', '', '', '', '', '', '', '', '', '', '', '', '', '', '', '', '', '', '', '', '', '', '', '', '', '', '', '', '35130', '3', '3', '7', '19', '', '', '', '1', '', '', '0', '2160'),
('2161', '21', '3', '', '', '', '', '1', '', '', '', '2024-06-09', '06:11:34', '2024-06-09', NULL, '', '3', '', '', '', '', '', '', '', '', '', '3290', '', '', '26', '', NULL, '', '', '', '', '', '', '', '', '', '', '', '', '', '', '', '', '', '', '', '', '', '', '', '', '', '', '', '', '', '', '', '', '', '', '', '', '', '', '', '', '', '', '', '', '', '', '', '', '', '', '', '3290', '3', '3', '7', '19', '', '', '', '1', '', '', '0', '2161'),
('2162', '22', '3', '', '', '', '', '1', '', '', '', '2024-06-09', '06:11:26', '2024-06-09', NULL, '', '3', '', '', '', '', '', '', '', '', '', '35130', '', '', '26', '', NULL, '', '', '', '', '', '', '', '', '', '', '', '', '', '', '', '', '', '', '', '', '', '', '', '', '', '', '', '', '', '', '', '', '', '', '', '', '', '', '', '', '', '', '', '', '', '', '', '', '', '', '', '35130', '3', '3', '7', '19', '', '', '', '1', '', '', '0', '2162'),
('2163', '23', '3', '', '', '', '', '1', '', '', '', '2024-06-09', '06:11:34', '2024-06-09', NULL, '', '3', '', '', '', '', '', '', '', '', '', '3290', '', '', '26', '', NULL, '', '', '', '', '', '', '', '', '', '', '', '', '', '', '', '', '', '', '', '', '', '', '', '', '', '', '', '', '', '', '', '', '', '', '', '', '', '', '', '', '', '', '', '', '', '', '', '', '', '', '', '3290', '3', '3', '7', '19', '', '', '', '1', '', '', '0', '2163'),
('2164', '24', '3', '', '', '', '', '1', '', '', '', '2024-06-09', '06:16:05', '2024-06-09', NULL, '', '3', '', '', '', '', '', '', '', '', '', '6280', '', '', '26', '', NULL, '', '', '', '', '', '', '', '', '', '', '', '', '', '', '', '', '', '', '', '', '', '', '', '', '', '', '', '', '', '', '', '', '', '', '', '', '', '', '', '', '', '', '', '', '', '', '', '', '', '', '', '6280', '3', '3', '7', '19', '', '', '', '1', '', '', '0', '2164'),
('2165', '25', '3', '', '', '', '', '1', '', '', '', '2024-06-09', '06:16:13', '2024-06-09', NULL, '', '3', '', '', '', '', '', '', '', '', '', '6580', '', '', '26', '', NULL, '', '', '', '', '', '', '', '', '', '', '', '', '', '', '', '', '', '', '', '', '', '', '', '', '', '', '', '', '', '', '', '', '', '', '', '', '', '', '', '', '', '', '', '', '', '', '', '', '', '', '', '6580', '3', '3', '7', '19', '', '', '', '1', '', '', '0', '2165'),
('2166', '26', '3', '', '', '', '', '1', '', '', '', '2024-06-09', '06:16:05', '2024-06-09', NULL, '', '3', '', '', '', '', '', '', '', '', '', '6280', '', '', '26', '', NULL, '', '', '', '', '', '', '', '', '', '', '', '', '', '', '', '', '', '', '', '', '', '', '', '', '', '', '', '', '', '', '', '', '', '', '', '', '', '', '', '', '', '', '', '', '', '', '', '', '', '', '', '6280', '3', '3', '7', '19', '', '', '', '1', '', '', '0', '2166'),
('2167', '27', '3', '', '', '', '', '1', '', '', '', '2024-06-09', '06:16:13', '2024-06-09', NULL, '', '3', '', '', '', '', '', '', '', '', '', '6580', '', '', '26', '', NULL, '', '', '', '', '', '', '', '', '', '', '', '', '', '', '', '', '', '', '', '', '', '', '', '', '', '', '', '', '', '', '', '', '', '', '', '', '', '', '', '', '', '', '', '', '', '', '', '', '', '', '', '6580', '3', '3', '7', '19', '', '', '', '1', '', '', '0', '2167'),
('2168', '28', '3', '', '', '', '', '1', '', '', '', '2024-06-09', '06:18:26', '2024-06-09', NULL, '', '3', '', '', '', '', '', '', '', '', '', '6990', '', '', '26', '', NULL, '', '', '', '', '', '', '', '', '', '', '', '', '', '', '', '', '', '', '', '', '', '', '', '', '', '', '', '', '', '', '', '', '', '', '', '', '', '', '', '', '', '', '', '', '', '', '', '', '', '', '', '6990', '3', '3', '7', '19', '', '', '', '1', '', '', '0', '2168'),
('2169', '29', '3', '', '', '', '', '1', '', '', '', '2024-06-09', '06:18:26', '2024-06-09', NULL, '', '3', '', '', '', '', '', '', '', '', '', '6990', '', '', '26', '', NULL, '', '', '', '', '', '', '', '', '', '', '', '', '', '', '', '', '', '', '', '', '', '', '', '', '', '', '', '', '', '', '', '', '', '', '', '', '', '', '', '', '', '', '', '', '', '', '', '', '', '', '', '6990', '3', '3', '7', '19', '', '', '', '1', '', '', '0', '2169'),
('2170', '30', '3', '', '', '', '', '1', '', '', '', '2024-06-09', '06:19:55', '2024-06-09', NULL, '', '3', '', '', '', '', '', '', '', '', '', '2990', '', '', '26', '', NULL, '', '', '', '', '', '', '', '', '', '', '', '', '', '', '', '', '', '', '', '', '', '', '', '', '', '', '', '', '', '', '', '', '', '', '', '', '', '', '', '', '', '', '', '', '', '', '', '', '', '', '', '2990', '3', '3', '7', '19', '', '', '', '1', '', '', '0', '2170'),
('2171', '31', '3', '', '', '', '', '1', '', '', '', '2024-06-09', '06:20:21', '2024-06-09', NULL, '', '3', '', '', '', '', '', '', '', '', '', '5990', '', '', '26', '', NULL, '', '', '', '', '', '', '', '', '', '', '', '', '', '', '', '', '', '', '', '', '', '', '', '', '', '', '', '', '', '', '', '', '', '', '', '', '', '', '', '', '', '', '', '', '', '', '', '', '', '', '', '5990', '3', '3', '7', '19', '', '', '', '1', '', '', '0', '2171'),
('2172', '32', '3', '', '', '', '', '1', '', '', '', '2024-06-09', '06:20:21', '2024-06-09', NULL, '', '3', '', '', '', '', '', '', '', '', '', '5990', '', '', '26', '', NULL, '', '', '', '', '', '', '', '', '', '', '', '', '', '', '', '', '', '', '', '', '', '', '', '', '', '', '', '', '', '', '', '', '', '', '', '', '', '', '', '', '', '', '', '', '', '', '', '', '', '', '', '5990', '3', '3', '7', '19', '', '', '', '1', '', '', '0', '2172'),
('2173', '33', '3', '', '', '', '', '1', '', '', '', '2024-06-09', '06:21:18', '2024-06-09', NULL, '', '3', '', '', '', '', '', '', '', '', '', '5990', '', '', '26', '', NULL, '', '', '', '', '', '', '', '', '', '', '', '', '', '', '', '', '', '', '', '', '', '', '', '', '', '', '', '', '', '', '', '', '', '', '', '', '', '', '', '', '', '', '', '', '', '', '', '', '', '', '', '5990', '3', '3', '7', '19', '', '', '', '1', '', '', '0', '2173'),
('2174', '34', '3', '', '', '', '', '1', '', '', '', '2024-06-09', '06:21:18', '2024-06-09', NULL, '', '3', '', '', '', '', '', '', '', '', '', '5990', '', '', '26', '', NULL, '', '', '', '', '', '', '', '', '', '', '', '', '', '', '', '', '', '', '', '', '', '', '', '', '', '', '', '', '', '', '', '', '', '', '', '', '', '', '', '', '', '', '', '', '', '', '', '', '', '', '', '5990', '3', '3', '7', '19', '', '', '', '1', '', '', '0', '2174'),
('2175', '35', '3', '', '', '', '', '1', '', '', '', '2024-06-09', '06:22:08', '2024-06-09', NULL, '', '3', '', '', '', '', '', '', '', '', '', '6990', '', '', '26', '', NULL, '', '', '', '', '', '', '', '', '', '', '', '', '', '', '', '', '', '', '', '', '', '', '', '', '', '', '', '', '', '', '', '', '', '', '', '', '', '', '', '', '', '', '', '', '', '', '', '', '', '', '', '6990', '3', '3', '7', '19', '', '', '', '1', '', '', '0', '2175'),
('2176', '36', '3', '', '', '', '', '1', '', '', '', '2024-06-09', '06:22:08', '2024-06-09', NULL, '', '3', '', '', '', '', '', '', '', '', '', '6990', '', '', '26', '', NULL, '', '', '', '', '', '', '', '', '', '', '', '', '', '', '', '', '', '', '', '', '', '', '', '', '', '', '', '', '', '', '', '', '', '', '', '', '', '', '', '', '', '', '', '', '', '', '', '', '', '', '', '6990', '3', '3', '7', '19', '', '', '', '1', '', '', '0', '2176'),
('2177', '37', '3', '', '', '', '', '1', '', '', '', '2024-06-09', '06:24:21', '2024-06-09', NULL, '', '3', '', '', '', '', '', '', '', '', '', '6280', '', '', '26', '', NULL, '', '', '', '', '', '', '', '', '', '', '', '', '', '', '', '', '', '', '', '', '', '', '', '', '', '', '', '', '', '', '', '', '', '', '', '', '', '', '', '', '', '', '', '', '', '', '', '', '', '', '', '6280', '3', '3', '7', '19', '', '', '', '1', '', '', '0', '2177'),
('2178', '38', '3', '', '', '', '', '1', '', '', '', '2024-06-09', '06:24:21', '2024-06-09', NULL, '', '3', '', '', '', '', '', '', '', '', '', '6280', '', '', '26', '', NULL, '', '', '', '', '', '', '', '', '', '', '', '', '', '', '', '', '', '', '', '', '', '', '', '', '', '', '', '', '', '', '', '', '', '', '', '', '', '', '', '', '', '', '', '', '', '', '', '', '', '', '', '6280', '3', '3', '7', '19', '', '', '', '1', '', '', '0', '2178'),
('2179', '39', '3', '', '', '', '', '1', '', '', '', '2024-06-09', '06:29:31', '2024-06-09', NULL, '', '3', '', '', '', '', '', '', '', '', '', '6280', '', '', '26', '', NULL, '', '', '', '', '', '', '', '', '', '', '', '', '', '', '', '', '', '', '', '', '', '', '', '', '', '', '', '', '', '', '', '', '', '', '', '', '', '', '', '', '', '', '', '', '', '', '', '', '', '', '', '6280', '3', '3', '7', '19', '', '', '', '1', '', '', '0', '2179'),
('2180', '40', '3', '', '', '', '', '1', '', '', '', '2024-06-09', '06:29:55', '2024-06-09', NULL, '', '3', '', '', '', '', '', '', '', '', '', '3290', '', '', '26', '', NULL, '', '', '', '', '', '', '', '', '', '', '', '', '', '', '', '', '', '', '', '', '', '', '', '', '', '', '', '', '', '', '', '', '', '', '', '', '', '', '', '', '', '', '', '', '', '', '', '', '', '', '', '3290', '3', '3', '7', '19', '', '', '', '1', '', '', '0', '2180'),
('2181', '41', '3', '', '', '', '', '1', '', '', '', '2024-06-09', '06:29:31', '2024-06-09', NULL, '', '3', '', '', '', '', '', '', '', '', '', '6280', '', '', '26', '', NULL, '', '', '', '', '', '', '', '', '', '', '', '', '', '', '', '', '', '', '', '', '', '', '', '', '', '', '', '', '', '', '', '', '', '', '', '', '', '', '', '', '', '', '', '', '', '', '', '', '', '', '', '6280', '3', '3', '7', '19', '', '', '', '1', '', '', '0', '2181'),
('2182', '42', '3', '', '', '', '', '1', '', '', '', '2024-06-09', '06:29:55', '2024-06-09', NULL, '', '3', '', '', '', '', '', '', '', '', '', '3290', '', '', '26', '', NULL, '', '', '', '', '', '', '', '', '', '', '', '', '', '', '', '', '', '', '', '', '', '', '', '', '', '', '', '', '', '', '', '', '', '', '', '', '', '', '', '', '', '', '', '', '', '', '', '', '', '', '', '3290', '3', '3', '7', '19', '', '', '', '1', '', '', '0', '2182'),
('2183', '43', '3', '', '', '', '', '1', '', '', '', '2024-06-09', '06:31:28', '2024-06-09', NULL, '', '3', '', '', '', '', '', '', '', '', '', '2990', '', '', '26', '', NULL, '', '', '', '', '', '', '', '', '', '', '', '', '', '', '', '', '', '', '', '', '', '', '', '', '', '', '', '', '', '', '', '', '', '', '', '', '', '', '', '', '', '', '', '', '', '', '', '', '', '', '', '2990', '3', '3', '7', '19', '', '', '', '1', '', '', '0', '2183'),
('2184', '44', '3', '', '', '', '', '1', '', '', '', '2024-06-09', '06:31:28', '2024-06-09', NULL, '', '3', '', '', '', '', '', '', '', '', '', '2990', '', '', '26', '', NULL, '', '', '', '', '', '', '', '', '', '', '', '', '', '', '', '', '', '', '', '', '', '', '', '', '', '', '', '', '', '', '', '', '', '', '', '', '', '', '', '', '', '', '', '', '', '', '', '', '', '', '', '2990', '3', '3', '7', '19', '', '', '', '1', '', '', '0', '2184'),
('2185', '45', '3', '', '', '', '', '1', '', '', '', '2024-06-09', '06:35:09', '2024-06-09', NULL, '', '3', '', '', '', '', '', '', '', '', '', '2990', '', '', '26', '', NULL, '', '', '', '', '', '', '', '', '', '', '', '', '', '', '', '', '', '', '', '', '', '', '', '', '', '', '', '', '', '', '', '', '', '', '', '', '', '', '', '', '', '', '', '', '', '', '', '', '', '', '', '2990', '3', '3', '7', '19', '', '', '', '1', '', '', '0', '2185'),
('2186', '46', '3', '', '', '', '', '1', '', '', '', '2024-06-09', '06:35:09', '2024-06-09', NULL, '', '3', '', '', '', '', '', '', '', '', '', '2990', '', '', '26', '', NULL, '', '', '', '', '', '', '', '', '', '', '', '', '', '', '', '', '', '', '', '', '', '', '', '', '', '', '', '', '', '', '', '', '', '', '', '', '', '', '', '', '', '', '', '', '', '', '', '', '', '', '', '2990', '3', '3', '7', '19', '', '', '', '1', '', '', '0', '2186'),
('2187', '47', '3', '', '', '', '', '1', '', '', '', '2024-06-09', '06:36:26', '2024-06-09', NULL, '', '3', '', '', '', '', '', '', '', '', '', '6280', '', '', '26', '', NULL, '', '', '', '', '', '', '', '', '', '', '', '', '', '', '', '', '', '', '', '', '', '', '', '', '', '', '', '', '', '', '', '', '', '', '', '', '', '', '', '', '', '', '', '', '', '', '', '', '', '', '', '6280', '3', '3', '7', '19', '', '', '', '1', '', '', '0', '2187'),
('2188', '48', '3', '', '', '', '', '1', '', '', '', '2024-06-09', '06:36:26', '2024-06-09', NULL, '', '3', '', '', '', '', '', '', '', '', '', '6280', '', '', '26', '', NULL, '', '', '', '', '', '', '', '', '', '', '', '', '', '', '', '', '', '', '', '', '', '', '', '', '', '', '', '', '', '', '', '', '', '', '', '', '', '', '', '', '', '', '', '', '', '', '', '', '', '', '', '6280', '3', '3', '7', '19', '', '', '', '1', '', '', '0', '2188'),
('2189', '49', '3', '', '', '', '', '1', '', '', '', '2024-06-09', '06:37:06', '2024-06-09', NULL, '', '3', '', '', '', '', '', '', '', '', '', '13570', '', '', '26', '', NULL, '', '', '', '', '', '', '', '', '', '', '', '', '', '', '', '', '', '', '', '', '', '', '', '', '', '', '', '', '', '', '', '', '', '', '', '', '', '', '', '', '', '', '', '', '', '', '', '', '', '', '', '13570', '3', '3', '7', '19', '', '', '', '1', '', '', '0', '2189'),
('2190', '50', '3', '', '', '', '', '1', '', '', '', '2024-06-09', '06:37:06', '2024-06-09', NULL, '', '3', '', '', '', '', '', '', '', '', '', '13570', '', '', '26', '', NULL, '', '', '', '', '', '', '', '', '', '', '', '', '', '', '', '', '', '', '', '', '', '', '', '', '', '', '', '', '', '', '', '', '', '', '', '', '', '', '', '', '', '', '', '', '', '', '', '', '', '', '', '13570', '3', '3', '7', '19', '', '', '', '1', '', '', '0', '2190'),
('2191', '51', '3', '', '', '', '', '1', '', '', '', '2024-06-09', '06:39:30', '2024-06-09', NULL, '', '3', '', '', '', '', '', '', '', '', '', '3290', '', '', '26', '', NULL, '', '', '', '', '', '', '', '', '', '', '', '', '', '', '', '', '', '', '', '', '', '', '', '', '', '', '', '', '', '', '', '', '', '', '', '', '', '', '', '', '', '', '', '', '', '', '', '', '', '', '', '3290', '3', '3', '7', '19', '', '', '', '1', '', '', '0', '2191'),
('2192', '52', '3', '', '', '', '', '1', '', '', '', '2024-06-09', '06:39:30', '2024-06-09', NULL, '', '3', '', '', '', '', '', '', '', '', '', '3290', '', '', '26', '', NULL, '', '', '', '', '', '', '', '', '', '', '', '', '', '', '', '', '', '', '', '', '', '', '', '', '', '', '', '', '', '', '', '', '', '', '', '', '', '', '', '', '', '', '', '', '', '', '', '', '', '', '', '3290', '3', '3', '7', '19', '', '', '', '1', '', '', '0', '2192'),
('2193', '53', '3', '', '', '', '', '1', '', '', '', '2024-06-09', '06:40:00', '2024-06-09', NULL, '', '3', '', '', '', '', '', '', '', '', '', '2990', '', '', '26', '', NULL, '', '', '', '', '', '', '', '', '', '', '', '', '', '', '', '', '', '', '', '', '', '', '', '', '', '', '', '', '', '', '', '', '', '', '', '', '', '', '', '', '', '', '', '', '', '', '', '', '', '', '', '2990', '3', '3', '7', '19', '', '', '', '1', '', '', '0', '2193'),
('2194', '54', '3', '', '', '', '', '1', '', '', '', '2024-06-09', '06:40:00', '2024-06-09', NULL, '', '3', '', '', '', '', '', '', '', '', '', '2990', '', '', '26', '', NULL, '', '', '', '', '', '', '', '', '', '', '', '', '', '', '', '', '', '', '', '', '', '', '', '', '', '', '', '', '', '', '', '', '', '', '', '', '', '', '', '', '', '', '', '', '', '', '', '', '', '', '', '2990', '3', '3', '7', '19', '', '', '', '1', '', '', '0', '2194'),
('2195', '55', '3', '', '', '', '', '1', '', '', '', '2024-06-09', '06:42:43', '2024-06-09', NULL, '', '3', '', '', '', '', '', '', '', '', '', '12980', '', '', '26', '', NULL, '', '', '', '', '', '', '', '', '', '', '', '', '', '', '', '', '', '', '', '', '', '', '', '', '', '', '', '', '', '', '', '', '', '', '', '', '', '', '', '', '', '', '', '', '', '', '', '', '', '', '', '12980', '3', '3', '7', '19', '', '', '', '1', '', '', '0', '2195'),
('2196', '56', '3', '', '', '', '', '1', '', '', '', '2024-06-09', '06:42:43', '2024-06-09', NULL, '', '3', '', '', '', '', '', '', '', '', '', '12980', '', '', '26', '', NULL, '', '', '', '', '', '', '', '', '', '', '', '', '', '', '', '', '', '', '', '', '', '', '', '', '', '', '', '', '', '', '', '', '', '', '', '', '', '', '', '', '', '', '', '', '', '', '', '', '', '', '', '12980', '3', '3', '7', '19', '', '', '', '1', '', '', '0', '2196'),
('2197', '57', '3', '', '', '', '', '1', '', '', '', '2024-06-09', '06:44:29', '2024-06-09', NULL, '', '3', '', '', '', '', '', '', '', '', '', '18860', '', '', '26', '', NULL, '', '', '', '', '', '', '', '', '', '', '', '', '', '', '', '', '', '', '', '', '', '', '', '', '', '', '', '', '', '', '', '', '', '', '', '', '', '', '', '', '', '', '', '', '', '', '', '', '', '', '', '18860', '3', '3', '7', '19', '', '', '', '1', '', '', '0', '2197'),
('2198', '58', '3', '', '', '', '', '1', '', '', '', '2024-06-09', '06:44:29', '2024-06-09', NULL, '', '3', '', '', '', '', '', '', '', '', '', '18860', '', '', '26', '', NULL, '', '', '', '', '', '', '', '', '', '', '', '', '', '', '', '', '', '', '', '', '', '', '', '', '', '', '', '', '', '', '', '', '', '', '', '', '', '', '', '', '', '', '', '', '', '', '', '', '', '', '', '18860', '3', '3', '7', '19', '', '', '', '1', '', '', '0', '2198'),
('2199', '59', '3', '', '', '', '', '1', '', '', '', '2024-06-09', '06:46:58', '2024-06-09', NULL, '', '3', '', '', '', '', '', '', '', '', '', '9570', '', '', '26', '', NULL, '', '', '', '', '', '', '', '', '', '', '', '', '', '', '', '', '', '', '', '', '', '', '', '', '', '', '', '', '', '', '', '', '', '', '', '', '', '', '', '', '', '', '', '', '', '', '', '', '', '', '', '9570', '3', '3', '7', '19', '', '', '', '1', '', '', '0', '2199'),
('2200', '60', '3', '', '', '', '', '1', '', '', '', '2024-06-09', '06:46:58', '2024-06-09', NULL, '', '3', '', '', '', '', '', '', '', '', '', '9570', '', '', '26', '', NULL, '', '', '', '', '', '', '', '', '', '', '', '', '', '', '', '', '', '', '', '', '', '', '', '', '', '', '', '', '', '', '', '', '', '', '', '', '', '', '', '', '', '', '', '', '', '', '', '', '', '', '', '9570', '3', '3', '7', '19', '', '', '', '1', '', '', '0', '2200'),
('2201', '61', '3', '', '', '', '', '1', '', '', '', '2024-06-09', '06:50:26', '2024-06-09', NULL, '', '3', '', '', '', '', '', '', '', '', '', '12580', '', '', '26', '', NULL, '', '', '', '', '', '', '', '', '', '', '', '', '', '', '', '', '', '', '', '', '', '', '', '', '', '', '', '', '', '', '', '', '', '', '', '', '', '', '', '', '', '', '', '', '', '', '', '', '', '', '', '12580', '3', '3', '7', '19', '', '', '', '1', '', '', '0', '2201'),
('2202', '62', '3', '', '', '', '', '1', '', '', '', '2024-06-09', '06:50:26', '2024-06-09', NULL, '', '3', '', '', '', '', '', '', '', '', '', '12580', '', '', '26', '', NULL, '', '', '', '', '', '', '', '', '', '', '', '', '', '', '', '', '', '', '', '', '', '', '', '', '', '', '', '', '', '', '', '', '', '', '', '', '', '', '', '', '', '', '', '', '', '', '', '', '', '', '', '12580', '3', '3', '7', '19', '', '', '', '1', '', '', '0', '2202'),
('2203', '', '3', '6', '99', '0', '', '1', '', '', '', '2024-06-09', '07:02:08', '2024-06-09', 'C', '22', '3', '', '', '', '', '', '', '', '', '1695.75', '9570', '', '', '26', '', NULL, '', '', '', '', '', '', '', '', '', '', '', '', '', '', '', '1', '', '', '', '', '', '', '', '', '', '', '', '', '', '74239176962879', '2024-06-19', '', '', '', '', '', '', '', '', '', '', '1381.8', '313.95', '0', '5198', '2676', '0', '0', '', '', '', '9800', '1', '3', '7', '19', '', '', 'https://storage.googleapis.com/a2p-v2-storage/09d77b3d-33c1-4011-b050-2b01e6666c83', '1', 'https://www.afip.gob.ar/fe/qr/?p=eyJ2ZXIiOjEsImZlY2hhIjoiMjAyNC0wNi0wOSIsImN1aXQiOiIyMzM1NjExMTY5OSIsInB0b1Z0YSI6IjMiLCJ0aXBvQ21wIjoiNiIsIm5yb0NtcCI6MjIsImltcG9ydGUiOjExMjY1Ljc1LCJtb25lZGEiOiJQRVMiLCJjdHoiOjEsInRpcG9Eb2NSZWMiOiI5OSIsIm5yb0RvY1JlYyI6IjAiLCJ0aXBvQ29kQXV0IjoiRSIsImNvZEF1dCI6Ijc0MjM5MTc2OTYyODc5In0=', '', '0', '2203'),
('2204', '', '3', '6', '99', '0', '', '1', '', '', '', '2024-06-09', '07:04:57', '2024-06-09', 'C', '23', '3', '', '', '', '', '', '', '', '', '1004.85', '6280', '', '', '26', '', NULL, '', '', '', '', '', '', '', '', '', '', '', '', '', '', '', '1', '', '', '', '', '', '', '', '', '', '', '', '', '', '74239176962900', '2024-06-19', '', '', '', '', '', '', '', '', '', '', '690.9', '313.95', '0', '2599', '2676', '0', '0', '', '', '', '6300', '1', '3', '7', '19', '', '', 'https://storage.googleapis.com/a2p-v2-storage/d94833b9-d77b-4009-87c2-cbde644c6439', '1', 'https://www.afip.gob.ar/fe/qr/?p=eyJ2ZXIiOjEsImZlY2hhIjoiMjAyNC0wNi0wOSIsImN1aXQiOiIyMzM1NjExMTY5OSIsInB0b1Z0YSI6IjMiLCJ0aXBvQ21wIjoiNiIsIm5yb0NtcCI6MjMsImltcG9ydGUiOjcyODQuODUsIm1vbmVkYSI6IlBFUyIsImN0eiI6MSwidGlwb0RvY1JlYyI6Ijk5IiwibnJvRG9jUmVjIjoiMCIsInRpcG9Db2RBdXQiOiJFIiwiY29kQXV0IjoiNzQyMzkxNzY5NjI5MDAifQ==', '', '0', '2204'),
('2307', '165', '3', '', '', '', '', '1', '', '', '', '2024-06-09', '07:11:42', '2024-06-09', NULL, '', '3', '', '', '', '', '', '', '', '', '', '2990', '', '', '26', '', NULL, '', '', '', '', '', '', '', '', '', '', '', '', '', '', '', '', '', '', '', '', '', '', '', '', '', '', '', '', '', '', '', '', '', '', '', '', '', '', '', '', '', '', '', '', '', '', '', '', '', '', '', '2990', '3', '3', '7', '19', '', '', '', '1', '', '', '0', '2307'),
('2308', '', '3', '6', '99', '0', '', '1', '', '', '', '2024-06-09', '07:12:02', '2024-06-09', 'C', '24', '3', '', '', '', '', '', '', '', '', '313.95', '2990', '', '', '26', '', NULL, '', '', '', '', '', '', '', '', '', '', '', '', '', '', '', '1', '', '', '', '', '', '', '', '', '', '', '', '', '', '74239176962968', '2024-06-19', '', '', '', '', '', '', '', '', '', '', '0', '313.95', '0', '0', '2676', '0', '0', '', '', '', '3000', '1', '3', '7', '19', '', '', 'https://storage.googleapis.com/a2p-v2-storage/2c993ef6-b66b-4f44-9876-26e22bb32e88', '1', 'https://www.afip.gob.ar/fe/qr/?p=eyJ2ZXIiOjEsImZlY2hhIjoiMjAyNC0wNi0wOSIsImN1aXQiOiIyMzM1NjExMTY5OSIsInB0b1Z0YSI6IjMiLCJ0aXBvQ21wIjoiNiIsIm5yb0NtcCI6MjQsImltcG9ydGUiOjMzMDMuOTUsIm1vbmVkYSI6IlBFUyIsImN0eiI6MSwidGlwb0RvY1JlYyI6Ijk5IiwibnJvRG9jUmVjIjoiMCIsInRpcG9Db2RBdXQiOiJFIiwiY29kQXV0IjoiNzQyMzkxNzY5NjI5NjgifQ==', '', '0', '2308'),
('2309', '', '3', '6', '99', '0', '', '1', '', '', '', '2024-06-09', '07:13:08', '2024-06-09', 'C', '25', '3', '', '', '', '', '', '', '', '', '313.95', '2990', '', '', '26', '', NULL, '', '', '', '', '', '', '', '', '', '', '', '', '', '', '', '1', '', '', '', '', '', '', '', '', '', '', '', '', '', '74239176962984', '2024-06-19', '', '', '', '', '', '', '', '', '', '', '0', '313.95', '0', '0', '2676', '0', '0', '', '', '', '3000', '1', '3', '7', '19', '', '', 'https://storage.googleapis.com/a2p-v2-storage/a87edcb9-2af1-4933-910c-f520ddc43e6b', '1', 'https://www.afip.gob.ar/fe/qr/?p=eyJ2ZXIiOjEsImZlY2hhIjoiMjAyNC0wNi0wOSIsImN1aXQiOiIyMzM1NjExMTY5OSIsInB0b1Z0YSI6IjMiLCJ0aXBvQ21wIjoiNiIsIm5yb0NtcCI6MjUsImltcG9ydGUiOjMzMDMuOTUsIm1vbmVkYSI6IlBFUyIsImN0eiI6MSwidGlwb0RvY1JlYyI6Ijk5IiwibnJvRG9jUmVjIjoiMCIsInRpcG9Db2RBdXQiOiJFIiwiY29kQXV0IjoiNzQyMzkxNzY5NjI5ODQifQ==', '', '0', '2309'),
('2310', '', '3', '6', '99', '0', '', '1', '', '', '', '2024-06-09', '07:15:26', '2024-06-09', 'C', '26', '3', '', '', '', '', '', '', '', '', '1004.85', '6280', '', '', '26', '', NULL, '', '', '', '', '', '', '', '', '', '', '', '', '', '', '', '1', '', '', '', '', '', '', '', '', '', '', '', '', '', '74239176963016', '2024-06-19', '', '', '', '', '', '', '', '', '', '', '690.9', '313.95', '0', '2599', '2676', '0', '0', '', '', '', '6300', '1', '3', '7', '19', '', '', 'https://storage.googleapis.com/a2p-v2-storage/c65e6be0-684b-4ebe-b3be-786a3122b021', '1', 'https://www.afip.gob.ar/fe/qr/?p=eyJ2ZXIiOjEsImZlY2hhIjoiMjAyNC0wNi0wOSIsImN1aXQiOiIyMzM1NjExMTY5OSIsInB0b1Z0YSI6IjMiLCJ0aXBvQ21wIjoiNiIsIm5yb0NtcCI6MjYsImltcG9ydGUiOjcyODQuODUsIm1vbmVkYSI6IlBFUyIsImN0eiI6MSwidGlwb0RvY1JlYyI6Ijk5IiwibnJvRG9jUmVjIjoiMCIsInRpcG9Db2RBdXQiOiJFIiwiY29kQXV0IjoiNzQyMzkxNzY5NjMwMTYifQ==', '', '0', '2310'),
('2311', '', '3', '6', '99', '0', '', '1', '', '', '', '2024-06-09', '07:16:24', '2024-06-09', 'C', '27', '3', '', '', '', '', '', '', '', '', '941.85', '5980', '', '', '26', '', NULL, '', '', '', '', '', '', '', '', '', '', '', '', '', '', '', '1', '', '', '', '', '', '', '', '', '', '', '', '', '', '74239176963045', '2024-06-19', '', '', '', '', '', '', '', '', '', '', '627.9', '313.95', '0', '2362', '2676', '0', '0', '', '', '', '6000', '1', '3', '7', '19', '', '', 'https://storage.googleapis.com/a2p-v2-storage/058d6840-94ef-4049-b8b7-d03735eef820', '1', 'https://www.afip.gob.ar/fe/qr/?p=eyJ2ZXIiOjEsImZlY2hhIjoiMjAyNC0wNi0wOSIsImN1aXQiOiIyMzM1NjExMTY5OSIsInB0b1Z0YSI6IjMiLCJ0aXBvQ21wIjoiNiIsIm5yb0NtcCI6MjcsImltcG9ydGUiOjY5MjEuODUsIm1vbmVkYSI6IlBFUyIsImN0eiI6MSwidGlwb0RvY1JlYyI6Ijk5IiwibnJvRG9jUmVjIjoiMCIsInRpcG9Db2RBdXQiOiJFIiwiY29kQXV0IjoiNzQyMzkxNzY5NjMwNDUifQ==', '', '0', '2311'),
('2312', '', '3', '6', '99', '0', '', '1', '', '', '', '2024-06-09', '07:16:24', '2024-06-09', 'C', '27', '3', '', '', '', '', '', '', '', '', '941.85', '5980', '', '', '26', '', NULL, '', '', '', '', '', '', '', '', '', '', '', '', '', '', '', '1', '', '', '', '', '', '', '', '', '', '', '', '', '', '74239176963045', '2024-06-19', '', '', '', '', '', '', '', '', '', '', '627.9', '313.95', '0', '2362', '2676', '0', '0', '', '', '', '6000', '1', '3', '7', '19', '', '', 'https://storage.googleapis.com/a2p-v2-storage/058d6840-94ef-4049-b8b7-d03735eef820', '1', 'https://www.afip.gob.ar/fe/qr/?p=eyJ2ZXIiOjEsImZlY2hhIjoiMjAyNC0wNi0wOSIsImN1aXQiOiIyMzM1NjExMTY5OSIsInB0b1Z0YSI6IjMiLCJ0aXBvQ21wIjoiNiIsIm5yb0NtcCI6MjcsImltcG9ydGUiOjY5MjEuODUsIm1vbmVkYSI6IlBFUyIsImN0eiI6MSwidGlwb0RvY1JlYyI6Ijk5IiwibnJvRG9jUmVjIjoiMCIsInRpcG9Db2RBdXQiOiJFIiwiY29kQXV0IjoiNzQyMzkxNzY5NjMwNDUifQ==', '', '0', '2312'),
('2565', '417', '3', '', '', '', '', '1', '', '', '', '2024-06-10', '01:25:37', '2024-06-10', NULL, '', '3', '', '', '', '', '', '', '', '', '', '9270', '', '', '26', '', NULL, '', '', '', '', '', '', '', '', '', '', '', '', '', '', '', '', '', '', '', '', '', '', '', '', '', '', '', '', '', '', '', '', '', '', '', '', '', '', '', '', '', '', '', '', '', '', '', '', '', '', '', '9270', '3', '3', '7', '125', '', '', '', '1', '', '', '0', '2565'),
('2587', '439', '3', '', '', '', '', '1', '', '', '', '2024-06-10', '03:08:52', '2024-06-10', NULL, '', '3', '', '', '', '', '', '', '', '', '', '2990', '', '', '26', '', NULL, '', '', '', '', '', '', '', '', '', '', '', '', '', '', '', '', '', '', '', '', '', '', '', '', '', '', '', '', '', '', '', '', '', '', '', '', '', '', '', '', '', '', '', '', '', '', '', '', '', '', '', '2990', '3', '3', '7', '125', '', '', '', '1', '', '', '0', '2587'),
('2824', '676', '3', '', '', '', '', '1', '', '', '', '2024-06-11', '18:10:41', '2024-06-11', NULL, '', '3', '', '', '', '', '', '', '', '', '', '2990', '', '', '26', '', NULL, '', '', '', '', '', '', '', '', '', '', '', '', '', '', '', '', '', '', '', '', '', '', '', '', '', '', '', '', '', '', '', '', '', '', '', '', '', '', '', '', '', '', '', '', '', '', '', '', '', '', '', '2990', '3', '3', '7', '125', '', '', '', '1', '', '', '0', '2824'),
('2826', '677', '3', '', '', '', '', '1', '', '', '', '2024-06-11', '13:34:49', '2024-06-11', NULL, '', '3', '', '', '', '', '', '', '', '', '', '2990', '', '', '26', '', NULL, '', '', '', '', '', '', '', '', '', '', '', '', '', '', '', '', '', '', '', '', '', '', '', '', '', '', '', '', '', '', '', '', '', '', '', '', '', '', '', '', '', '', '', '', '', '', '', '', '', '', '', '2990', '3', '3', '7', '125', '', '', '', '1', '', '', '0', '2826'),
('2827', '678', '3', '', '', '', '', '1', '', '', '', '2024-06-11', '13:38:33', '2024-06-11', NULL, '', '3', '', '', '', '', '', '', '', '', '', '2990', '', '', '26', '', NULL, '', '', '', '', '', '', '', '', '', '', '', '', '', '', '', '', '', '', '', '', '', '', '', '', '', '', '', '', '', '', '', '', '', '', '', '', '', '', '', '', '', '', '', '', '', '', '', '', '', '', '', '2990', '3', '3', '7', '125', '', '', '', '1', '', '', '0', '2827'),
('3146', '679', '3', '', '', '', '', '1', '', '', '', '2024-06-12', '17:06:28', '2024-06-12', NULL, '', '3', '', '', '', '', '', '', '', '', '', '17950', '', '', '26', '', NULL, '', '', '', '', '', '', '', '', '', '', '', '', '', '', '', '', '', '', '', '', '', '', '', '', '', '', '', '', '', '', '', '', '', '', '', '', '', '', '', '', '', '', '', '', '', '', '', '', '', '', '', '17950', '3', '3', '7', '125', '', '', '', '1', '', '', '0', '3146'),
('3147', '680', '3', '', '', '', '', '1', '', '', '', '2024-06-12', '17:07:29', '2024-06-12', NULL, '', '3', '', '', '', '', '', '', '', '', '', '28850', '', '', '26', '', NULL, '', '', '', '', '', '', '', '', '', '', '', '', '', '', '', '', '', '', '', '', '', '', '', '', '', '', '', '', '', '', '', '', '', '', '', '', '', '', '', '', '', '', '', '', '', '', '', '', '', '', '', '28850', '3', '3', '7', '125', '', '', '', '1', '', '', '0', '3147'),
('3148', '681', '3', '', '', '', '', '1', '', '', '', '2024-06-12', '17:09:18', '2024-06-12', NULL, '', '3', '', '', '', '', '', '', '', '', '', '2400', '', '', '26', '', NULL, '', '', '', '', '', '', '', '', '', '', '', '', '', '', '', '', '', '', '', '', '', '', '', '', '', '', '', '', '', '', '', '', '', '', '', '', '', '', '', '', '', '', '', '', '', '', '', '', '', '', '', '2400', '3', '3', '7', '125', '', '', '', '1', '', '', '0', '3148'),
('3149', '682', '3', '', '', '', '', '1', '', '', '', '2024-06-12', '17:10:06', '2024-06-12', NULL, '', '3', '', '', '', '', '', '', '', '', '', '3990', '', '', '26', '', NULL, '', '', '', '', '', '', '', '', '', '', '', '', '', '', '', '', '', '', '', '', '', '', '', '', '', '', '', '', '', '', '', '', '', '', '', '', '', '', '', '', '', '', '', '', '', '', '', '', '', '', '', '3990', '3', '3', '7', '125', '', '', '', '1', '', '', '0', '3149'),
('3677', '', '3', '6', '80', '20308762050', '', '36', '', '', '', '2024-06-14', '15:43:32', '2024-06-14', 'B', '28', '3', '', '', '', '', '', '', '', '', '284.12', '2990', '', '', '26', '', NULL, '', '', '', '', '', '', '', '', '', '', '', '', '', '', '', '1', '', '', '', '', '', '', '', '', '', '', '', '', '', '74249177953287', '2024-06-24', '', '', '', '', '', '', '', '', '', '', '0', '284.12', '0', '0', '2706', '0', '0', '', '', '', '3000', '1', '3', '7', '125', '', '', 'https://storage.googleapis.com/a2p-v2-storage/1517602e-d382-4879-85d3-d05f97aa00b6', '1', 'https://www.afip.gob.ar/fe/qr/?p=eyJ2ZXIiOjEsImZlY2hhIjoiMjAyNC0wNi0xNCIsImN1aXQiOiIyMzM1NjExMTY5OSIsInB0b1Z0YSI6IjMiLCJ0aXBvQ21wIjoiNiIsIm5yb0NtcCI6MjgsImltcG9ydGUiOjI4NC4xMiwibW9uZWRhIjoiUEVTIiwiY3R6IjoxLCJ0aXBvRG9jUmVjIjoiODAiLCJucm9Eb2NSZWMiOiIyMDMwODc2MjA1MCIsInRpcG9Db2RBdXQiOiJFIiwiY29kQXV0IjoiNzQyNDkxNzc5NTMyODcifQ==', '', '0', '3677'),
('3679', '', '3', '6', '96', '30876205', '', '49', '', '', '', '2024-06-14', '15:51:41', '2024-06-14', 'B', '29', '3', '', '', '', '', '', '', '', '', '3222.89', '18570', '', '', '26', '', NULL, '', '', '', '', '', '', '', '', '', '', '', '', '', '', '', '1', '', '', '', '', '', '', '', '', '', '', '', '', '', '74249177953774', '2024-06-24', '', '', '', '', '', '', '', '', '', '', '3222.89', '0', '0', '15347', '0', '0', '0', '', '', '', '20000', '1', '3', '7', '125', '', '', 'https://storage.googleapis.com/a2p-v2-storage/2cea5b81-baae-4e53-8e15-59d98a43ca73', '1', 'https://www.afip.gob.ar/fe/qr/?p=eyJ2ZXIiOjEsImZlY2hhIjoiMjAyNC0wNi0xNCIsImN1aXQiOiIyMzM1NjExMTY5OSIsInB0b1Z0YSI6IjMiLCJ0aXBvQ21wIjoiNiIsIm5yb0NtcCI6MjksImltcG9ydGUiOjMyMjIuODksIm1vbmVkYSI6IlBFUyIsImN0eiI6MSwidGlwb0RvY1JlYyI6Ijk2IiwibnJvRG9jUmVjIjoiMzA4NzYyMDUiLCJ0aXBvQ29kQXV0IjoiRSIsImNvZEF1dCI6Ijc0MjQ5MTc3OTUzNzc0In0=', '', '0', '3679'),
('3680', '', '3', '6', '96', '30876205', '', '49', '', '', '', '2024-06-14', '15:52:17', '2024-06-14', 'B', '30', '3', '', '', '', '', '', '', '', '', '41583.5', '239600', '', '', '26', '', NULL, '', '', '', '', '', '', '', '', '', '', '', '', '', '', '', '1', '', '', '', '', '', '', '', '', '', '', '', '', '', '74249177953805', '2024-06-24', '', '', '', '', '', '', '', '', '', '', '41583.5', '0', '0', '198017', '0', '0', '0', '', '', '', '240000', '1', '3', '7', '125', '', '', 'https://storage.googleapis.com/a2p-v2-storage/3564044d-517b-4d62-89f8-980b7b673269', '1', 'https://www.afip.gob.ar/fe/qr/?p=eyJ2ZXIiOjEsImZlY2hhIjoiMjAyNC0wNi0xNCIsImN1aXQiOiIyMzM1NjExMTY5OSIsInB0b1Z0YSI6IjMiLCJ0aXBvQ21wIjoiNiIsIm5yb0NtcCI6MzAsImltcG9ydGUiOjQxNTgzLjQ3LCJtb25lZGEiOiJQRVMiLCJjdHoiOjEsInRpcG9Eb2NSZWMiOiI5NiIsIm5yb0RvY1JlYyI6IjMwODc2MjA1IiwidGlwb0NvZEF1dCI6IkUiLCJjb2RBdXQiOiI3NDI0OTE3Nzk1MzgwNSJ9', '', '0', '3680'),
('3682', '', '3', '6', '96', '30876205', '', '49', '', '', '', '2024-06-14', '15:54:04', '2024-06-14', 'B', '31', '3', '', '', '', '', '', '', '', '', '380090', '4000000', '', '', '26', '', NULL, '', '', '', '', '', '', '', '', '', '', '', '', '', '', '', '1', '', '', '', '', '', '', '', '', '', '', '', '', '', '74249177953910', '2024-06-24', '', '', '', '', '', '', '', '', '', '', '0', '380090', '0', '0', '3619909', '0', '0', '', '', '', '4000000', '1', '3', '7', '125', '', '', 'https://storage.googleapis.com/a2p-v2-storage/8637d31c-df24-4216-aecc-28d3507f5685', '1', 'https://www.afip.gob.ar/fe/qr/?p=eyJ2ZXIiOjEsImZlY2hhIjoiMjAyNC0wNi0xNCIsImN1aXQiOiIyMzM1NjExMTY5OSIsInB0b1Z0YSI6IjMiLCJ0aXBvQ21wIjoiNiIsIm5yb0NtcCI6MzEsImltcG9ydGUiOjM4MDA5MC41LCJtb25lZGEiOiJQRVMiLCJjdHoiOjEsInRpcG9Eb2NSZWMiOiI5NiIsIm5yb0RvY1JlYyI6IjMwODc2MjA1IiwidGlwb0NvZEF1dCI6IkUiLCJjb2RBdXQiOiI3NDI0OTE3Nzk1MzkxMCJ9', '', '0', '3682'),
('3683', '', '3', '6', '96', '30876205', '', '49', '', '', '', '2024-06-14', '15:55:25', '2024-06-14', 'B', '32', '3', '', '', '', '', '', '', '', '', '3800900', '40000000', '', '', '26', '', NULL, '', '', '', '', '', '', '', '', '', '', '', '', '', '', '', '1', '', '', '', '', '', '', '', '', '', '', '', '', '', '74249177954055', '2024-06-24', '', '', '', '', '', '', '', '', '', '', '0', '3800900', '0', '0', '36199096', '0', '0', '', '', '', '40000000', '1', '3', '7', '125', '', '', 'https://storage.googleapis.com/a2p-v2-storage/0c8edf7a-6515-490b-8658-ad7c881ad0c0', '1', 'https://www.afip.gob.ar/fe/qr/?p=eyJ2ZXIiOjEsImZlY2hhIjoiMjAyNC0wNi0xNCIsImN1aXQiOiIyMzM1NjExMTY5OSIsInB0b1Z0YSI6IjMiLCJ0aXBvQ21wIjoiNiIsIm5yb0NtcCI6MzIsImltcG9ydGUiOjM4MDA5MDQuOTgsIm1vbmVkYSI6IlBFUyIsImN0eiI6MSwidGlwb0RvY1JlYyI6Ijk2IiwibnJvRG9jUmVjIjoiMzA4NzYyMDUiLCJ0aXBvQ29kQXV0IjoiRSIsImNvZEF1dCI6Ijc0MjQ5MTc3OTU0MDU1In0=', '', '0', '3683'),
('3684', '', '3', '6', '96', '30876205', '', '49', '', '', '', '2024-06-14', '16:09:37', '2024-06-14', 'B', '33', '3', '', '', '', '', '', '', '', '', '347107', '2000000', '', '', '26', '', NULL, '', '', '', '', '', '', '', '', '', '', '', '', '', '', '', '1', '', '', '', '', '', '', '', '', '', '', '', '', '', '74249177954995', '2024-06-24', '', '', '', '', '', '', '', '', '', '', '347107', '0', '0', '1652893', '0', '0', '0', '', '', '', '2000000', '1', '3', '7', '125', '', '', 'https://storage.googleapis.com/a2p-v2-storage/5269fbbc-129e-41bd-963a-79ebab265b87', '1', 'https://www.afip.gob.ar/fe/qr/?p=eyJ2ZXIiOjEsImZlY2hhIjoiMjAyNC0wNi0xNCIsImN1aXQiOiIyMzM1NjExMTY5OSIsInB0b1Z0YSI6IjMiLCJ0aXBvQ21wIjoiNiIsIm5yb0NtcCI6MzMsImltcG9ydGUiOjM0NzEwNy40NCwibW9uZWRhIjoiUEVTIiwiY3R6IjoxLCJ0aXBvRG9jUmVjIjoiOTYiLCJucm9Eb2NSZWMiOiIzMDg3NjIwNSIsInRpcG9Db2RBdXQiOiJFIiwiY29kQXV0IjoiNzQyNDkxNzc5NTQ5OTUifQ==', '', '0', '3684'),
('3703', '', '3', '6', '96', '111111', '', '1', '', '', '', '2024-06-14', '17:59:19', '2024-06-14', 'C', '34', '3', '', '', '', '', '', '', '', '', '19004500000', '200000000000', '', '', '26', '', NULL, '', '', '', '', '', '', '', '', '', '', '', '', '', '', '', '1', '', '', '', '', '', '', '', '', '', '', '', '', '', '74249178017559', '2024-06-24', '', '', '', '', '', '', '', '', '', '', '0', '19004500000', '0', '0', '180995473408', '0', '0', '', '', '', '200000000000', '1', '3', '7', '125', '', '', 'https://storage.googleapis.com/a2p-v2-storage/aefedf9f-aae3-464b-b2f2-36255c91c5ed', '1', 'https://www.afip.gob.ar/fe/qr/?p=eyJ2ZXIiOjEsImZlY2hhIjoiMjAyNC0wNi0xNCIsImN1aXQiOiIyMzM1NjExMTY5OSIsInB0b1Z0YSI6IjMiLCJ0aXBvQ21wIjoiNiIsIm5yb0NtcCI6MzQsImltcG9ydGUiOjE5MDA0NTI0ODg2Ljg4LCJtb25lZGEiOiJQRVMiLCJjdHoiOjEsInRpcG9Eb2NSZWMiOiI5NiIsIm5yb0RvY1JlYyI6IjExMTExMSIsInRpcG9Db2RBdXQiOiJFIiwiY29kQXV0IjoiNzQyNDkxNzgwMTc1NTkifQ==', '', '0', '3703'),
('4318', '', '3', '1', '80', '20321089675', '', '35', '', '', '', '2024-06-17', '13:16:38', '2024-06-17', 'A', '4', '3', '', '', '', '', '', '', '', '', '5746.06', '38520', '', '', '26', '', NULL, '', '', '', '', '', '', '', '', '', '', '', '', '', '', '', '1', '', '', '', '', '', '', '', '', '', '', '', '', '', '74259178450550', '2024-06-27', '', '', '', '', '', '', '', '', '', '', '4609.59', '1136.47', '0', '21950', '10824', '0', '0', '', '', '', '39000', '1', '3', '7', '125', '', '', 'https://storage.googleapis.com/a2p-v2-storage/b8ecc616-1e2d-4b8b-95a3-65d313ecd217', '1', 'https://www.afip.gob.ar/fe/qr/?p=eyJ2ZXIiOjEsImZlY2hhIjoiMjAyNC0wNi0xNyIsImN1aXQiOiIyMzM1NjExMTY5OSIsInB0b1Z0YSI6IjMiLCJ0aXBvQ21wIjoiMSIsIm5yb0NtcCI6NCwiaW1wb3J0ZSI6NTc0Ni4wNiwibW9uZWRhIjoiUEVTIiwiY3R6IjoxLCJ0aXBvRG9jUmVjIjoiODAiLCJucm9Eb2NSZWMiOiIyMDMyMTA4OTY3NSIsInRpcG9Db2RBdXQiOiJFIiwiY29kQXV0IjoiNzQyNTkxNzg0NTA1NTAifQ==', '', '0', '4318'),
('4319', '683', '3', '', '', '', '', '1', '', '', '', '2024-06-17', '17:17:59', '2024-06-17', NULL, '', '3', '', '', '', '', '', '', '', '', '', '4690', '', '', '26', '', NULL, '', '', '', '', '', '', '', '', '', '', '', '', '', '', '', '', '', '', '', '', '', '', '', '', '', '', '', '', '', '', '', '', '', '', '', '', '', '', '', '', '', '', '', '', '', '', '', '', '', '', '', '4690', '3', '3', '7', '125', '', '', '', '1', '', '', '0', '4319'),
('4320', '', '3', '6', '96', '111111', '', '1', '', '', '', '2024-06-17', '17:18:41', '2024-06-17', 'C', '35', '3', '', '', '', '', '', '', '', '', '813.97', '4690', '', '', '26', '', NULL, '', '', '', '', '', '', '', '', '', '', '', '', '', '', '', '1', '', '', '', '', '', '', '', '', '', '', '', '', '', '74259178453951', '2024-06-27', '', '', '', '', '', '', '', '', '', '', '813.97', '0', '0', '3876', '0', '0', '0', '', '', '', '5000', '1', '3', '7', '125', '', '', 'https://storage.googleapis.com/a2p-v2-storage/7f92dd4e-c204-40af-9915-0bc0a34af38c', '1', 'https://www.afip.gob.ar/fe/qr/?p=eyJ2ZXIiOjEsImZlY2hhIjoiMjAyNC0wNi0xNyIsImN1aXQiOiIyMzM1NjExMTY5OSIsInB0b1Z0YSI6IjMiLCJ0aXBvQ21wIjoiNiIsIm5yb0NtcCI6MzUsImltcG9ydGUiOjgxMy45NywibW9uZWRhIjoiUEVTIiwiY3R6IjoxLCJ0aXBvRG9jUmVjIjoiOTYiLCJucm9Eb2NSZWMiOiIxMTExMTEiLCJ0aXBvQ29kQXV0IjoiRSIsImNvZEF1dCI6Ijc0MjU5MTc4NDUzOTUxIn0=', '', '0', '4320'),
('4321', '684', '3', '', '', '', '', '1', '', '', '', '2024-06-17', '17:21:35', '2024-06-17', NULL, '', '3', '', '', '', '', '', '', '', '', '', '4690', '', '', '26', '', NULL, '', '', '', '', '', '', '', '', '', '', '', '', '', '', '', '', '', '', '', '', '', '', '', '', '', '', '', '', '', '', '', '', '', '', '', '', '', '', '', '', '', '', '', '', '', '', '', '', '', '', '', '4690', '3', '3', '7', '125', '', '', '', '1', '', '', '0', '4321'),
('4322', '685', '3', '', '', '', '', '1', '', '', '', '2024-06-17', '17:29:05', '2024-06-17', NULL, '', '3', '', '', '', '', '', '', '', '', '', '4690', '', '', '26', '', NULL, '', '', '', '', '', '', '', '', '', '', '', '', '', '', '', '', '', '', '', '', '', '', '', '', '', '', '', '', '', '', '', '', '', '', '', '', '', '', '', '', '', '', '', '', '', '', '', '', '', '', '', '4690', '3', '3', '7', '125', '', '', '', '1', '', '', '0', '4322'),
('4340', '', '3', '6', '96', '111111', '', '1', '', '', '', '2024-06-19', '10:59:29', '2024-06-19', 'C', '36', '3', '', '', '', '', '', '', '', '', '284.12', '2990', '', '', '26', '', NULL, '', '', '', '', '', '', '', '', '', '', '', '', '', '', '', '1', '', '', '', '', '', '', '', '', '', '', '', '', '', '74259178760944', '2024-06-29', '', '', '', '', '', '', '', '', '', '', '0', '284.12', '0', '0', '2706', '0', '0', '', '', '', '3000', '1', '3', '7', '125', '', '', 'https://storage.googleapis.com/a2p-v2-storage/29b68d93-b770-413e-8b59-5f8ac1edf793', '1', 'https://www.afip.gob.ar/fe/qr/?p=eyJ2ZXIiOjEsImZlY2hhIjoiMjAyNC0wNi0xOSIsImN1aXQiOiIyMzM1NjExMTY5OSIsInB0b1Z0YSI6IjMiLCJ0aXBvQ21wIjoiNiIsIm5yb0NtcCI6MzYsImltcG9ydGUiOjI4NC4xMiwibW9uZWRhIjoiUEVTIiwiY3R6IjoxLCJ0aXBvRG9jUmVjIjoiOTYiLCJucm9Eb2NSZWMiOiIxMTExMTEiLCJ0aXBvQ29kQXV0IjoiRSIsImNvZEF1dCI6Ijc0MjU5MTc4NzYwOTQ0In0=', '', '0', '4340'),
('4343', '686', '3', '', '', '', '', '1', '', '', '', '2024-06-19', '11:17:04', '2024-06-19', NULL, '', '3', '', '', '', '', '', '', '', '', '', '6280', '', '', '26', '', NULL, '', '', '', '', '', '', '', '', '', '', '', '', '', '', '', '', '', '', '', '', '', '', '', '', '', '', '', '', '', '', '', '', '', '', '', '', '', '', '', '', '', '', '', '', '', '', '', '', '', '', '', '6280', '3', '3', '7', '125', '', '', '', '1', '', '', '0', '4343'),
('4347', '', '3', '6', '96', '111111', '', '1', '', '', '', '2024-06-19', '12:10:41', '2024-06-19', 'C', '37', '3', '', '', '', '', '', '', '', '', '855.11', '6280', '', '', '26', '', NULL, '', '', '', '', '', '', '', '', '', '', '', '', '', '', '', '1', '', '', '', '', '', '', '', '', '', '', '', '', '', '74259178775345', '2024-06-29', '', '', '', '', '', '', '', '', '', '', '570.99', '284.12', '0', '2719', '2706', '0', '0', '', '', '', '6300', '1', '3', '7', '125', '', '', 'https://storage.googleapis.com/a2p-v2-storage/1db404c6-2713-497a-a37b-48f0674d8a39', '1', 'https://www.afip.gob.ar/fe/qr/?p=eyJ2ZXIiOjEsImZlY2hhIjoiMjAyNC0wNi0xOSIsImN1aXQiOiIyMzM1NjExMTY5OSIsInB0b1Z0YSI6IjMiLCJ0aXBvQ21wIjoiNiIsIm5yb0NtcCI6MzcsImltcG9ydGUiOjg1NS4xMSwibW9uZWRhIjoiUEVTIiwiY3R6IjoxLCJ0aXBvRG9jUmVjIjoiOTYiLCJucm9Eb2NSZWMiOiIxMTExMTEiLCJ0aXBvQ29kQXV0IjoiRSIsImNvZEF1dCI6Ijc0MjU5MTc4Nzc1MzQ1In0=', '', '0', '4347'),
('4348', '', '3', '6', '96', '111111', '', '1', '', '', '', '2024-06-19', '12:12:14', '2024-06-19', 'C', '38', '3', '', '', '', '', '', '', '', '', '2252.73', '12980', '', '', '26', '', NULL, '', '', '', '', '', '', '', '', '', '', '', '', '', '', '', '1', '', '', '', '', '', '', '', '', '', '', '', '', '', '74259178775829', '2024-06-29', '', '', '', '', '', '', '', '', '', '', '2252.73', '0', '0', '10727', '0', '0', '0', '', '', '', '13000', '1', '3', '7', '125', '', '', 'https://storage.googleapis.com/a2p-v2-storage/0208875f-ff90-4b43-be8a-57af60a042a2', '1', 'https://www.afip.gob.ar/fe/qr/?p=eyJ2ZXIiOjEsImZlY2hhIjoiMjAyNC0wNi0xOSIsImN1aXQiOiIyMzM1NjExMTY5OSIsInB0b1Z0YSI6IjMiLCJ0aXBvQ21wIjoiNiIsIm5yb0NtcCI6MzgsImltcG9ydGUiOjIyNTIuNzMsIm1vbmVkYSI6IlBFUyIsImN0eiI6MSwidGlwb0RvY1JlYyI6Ijk2IiwibnJvRG9jUmVjIjoiMTExMTExIiwidGlwb0NvZEF1dCI6IkUiLCJjb2RBdXQiOiI3NDI1OTE3ODc3NTgyOSJ9', '', '0', '4348'),
('4349', '', '3', '1', '80', '20321089675', '', '35', '', '', '', '2024-06-19', '12:14:15', '2024-06-19', 'A', '5', '3', '', '', '', '', '', '', '', '', '1039.59', '5990', '', '', '26', '', NULL, '', '', '', '', '', '', '', '', '', '', '', '', '', '', '', '1', '', '', '', '', '', '', '', '', '', '', '', '', '', '74259178775890', '2024-06-29', '', '', '', '', '', '', '', '', '', '', '1039.59', '0', '0', '4950', '0', '0', '0', '', '', '', '6000', '1', '3', '7', '125', '', '', 'https://storage.googleapis.com/a2p-v2-storage/ca01892a-ca43-4b39-83e6-db6fca61ef05', '1', 'https://www.afip.gob.ar/fe/qr/?p=eyJ2ZXIiOjEsImZlY2hhIjoiMjAyNC0wNi0xOSIsImN1aXQiOiIyMzM1NjExMTY5OSIsInB0b1Z0YSI6IjMiLCJ0aXBvQ21wIjoiMSIsIm5yb0NtcCI6NSwiaW1wb3J0ZSI6MTAzOS41OSwibW9uZWRhIjoiUEVTIiwiY3R6IjoxLCJ0aXBvRG9jUmVjIjoiODAiLCJucm9Eb2NSZWMiOiIyMDMyMTA4OTY3NSIsInRpcG9Db2RBdXQiOiJFIiwiY29kQXV0IjoiNzQyNTkxNzg3NzU4OTAifQ==', '', '0', '4349'),
('4350', '', '3', '1', '80', '20321089675', '', '35', '', '', '', '2024-06-19', '12:17:44', '2024-06-19', 'A', '6', '3', '', '', '', '', '', '', '', '', '1825.28', '11870', '', '', '26', '', NULL, '', '', '', '', '', '', '', '', '', '', '', '', '', '', '', '1', '', '', '', '', '', '', '', '', '', '', '', '', '', '74259178776980', '2024-06-29', '', '', '', '', '', '', '', '', '', '', '1541.16', '284.12', '0', '7339', '2706', '0', '0', '', '', '', '12000', '1', '3', '7', '125', '', '', 'https://storage.googleapis.com/a2p-v2-storage/78b3cf13-3d9e-43eb-950f-4a6a7eb22e4a', '1', 'https://www.afip.gob.ar/fe/qr/?p=eyJ2ZXIiOjEsImZlY2hhIjoiMjAyNC0wNi0xOSIsImN1aXQiOiIyMzM1NjExMTY5OSIsInB0b1Z0YSI6IjMiLCJ0aXBvQ21wIjoiMSIsIm5yb0NtcCI6NiwiaW1wb3J0ZSI6MTgyNS4yOCwibW9uZWRhIjoiUEVTIiwiY3R6IjoxLCJ0aXBvRG9jUmVjIjoiODAiLCJucm9Eb2NSZWMiOiIyMDMyMTA4OTY3NSIsInRpcG9Db2RBdXQiOiJFIiwiY29kQXV0IjoiNzQyNTkxNzg3NzY5ODAifQ==', '', '0', '4350'),
('4351', '', '3', '1', '80', '20321089675', '', '35', '', '', '', '2024-06-19', '12:38:23', '2024-06-19', 'A', '7', '3', '', '', '', '', '', '', '', '', '2252.73', '12980', '', '', '26', '', NULL, '', '', '', '', '', '', '', '', '', '', '', '', '', '', '', '1', '', '', '', '', '', '', '', '', '', '', '', '', '', '74259178780673', '2024-06-29', '', '', '', '', '', '', '', '', '', '', '2252.73', '0', '0', '10727', '0', '0', '0', '', '', '', '13000', '1', '3', '7', '125', '', '', 'https://storage.googleapis.com/a2p-v2-storage/9f314a4d-ccde-45a3-8a52-662f7c093bc1', '1', 'https://www.afip.gob.ar/fe/qr/?p=eyJ2ZXIiOjEsImZlY2hhIjoiMjAyNC0wNi0xOSIsImN1aXQiOiIyMzM1NjExMTY5OSIsInB0b1Z0YSI6IjMiLCJ0aXBvQ21wIjoiMSIsIm5yb0NtcCI6NywiaW1wb3J0ZSI6MjI1Mi43MywibW9uZWRhIjoiUEVTIiwiY3R6IjoxLCJ0aXBvRG9jUmVjIjoiODAiLCJucm9Eb2NSZWMiOiIyMDMyMTA4OTY3NSIsInRpcG9Db2RBdXQiOiJFIiwiY29kQXV0IjoiNzQyNTkxNzg3ODA2NzMifQ==', '', '0', '4351'),
('4357', '', '3', '1', '80', '20321089675', '', '35', '', '', '', '2024-06-19', '14:02:55', '2024-06-19', 'A', '8', '3', '', '', '', '', '', '', '', '', '855.11', '6280', '', '', '26', '', NULL, '', '', '', '', '', '', '', '', '', '', '', '', '', '', '', '1', '', '', '', '', '', '', '', '', '', '', '', '', '', '74259178785369', '2024-06-29', '', '', '', '', '', '', '', '', '', '', '570.99', '284.12', '0', '2719', '2706', '0', '0', '', '', '', '6290', '1', '3', '7', '125', '', '', 'https://storage.googleapis.com/a2p-v2-storage/eca263cc-4ddb-4e34-9013-50af36843bc9', '1', 'https://www.afip.gob.ar/fe/qr/?p=eyJ2ZXIiOjEsImZlY2hhIjoiMjAyNC0wNi0xOSIsImN1aXQiOiIyMzM1NjExMTY5OSIsInB0b1Z0YSI6IjMiLCJ0aXBvQ21wIjoiMSIsIm5yb0NtcCI6OCwiaW1wb3J0ZSI6ODU1LjExLCJtb25lZGEiOiJQRVMiLCJjdHoiOjEsInRpcG9Eb2NSZWMiOiI4MCIsIm5yb0RvY1JlYyI6IjIwMzIxMDg5Njc1IiwidGlwb0NvZEF1dCI6IkUiLCJjb2RBdXQiOiI3NDI1OTE3ODc4NTM2OSJ9', '', '0', '4357'),
('4358', '', '3', '6', '96', '111111', '', '1', '', '', '', '2024-06-19', '14:13:18', '2024-06-19', 'C', '39', '3', '', '', '', '', '', '', '', '', '855.11', '6280', '', '', '26', '', NULL, '', '', '', '', '', '', '', '', '', '', '', '', '', '', '', '1', '', '', '', '', '', '', '', '', '', '', '', '', '', '74259178786080', '2024-06-29', '', '', '', '', '', '', '', '', '', '', '570.99', '284.12', '0', '2719', '2706', '0', '0', '', '', '', '6300', '1', '3', '7', '125', '', '', 'https://storage.googleapis.com/a2p-v2-storage/e40cf46d-42db-4043-af89-8ff22172b39b', '1', 'https://www.afip.gob.ar/fe/qr/?p=eyJ2ZXIiOjEsImZlY2hhIjoiMjAyNC0wNi0xOSIsImN1aXQiOiIyMzM1NjExMTY5OSIsInB0b1Z0YSI6IjMiLCJ0aXBvQ21wIjoiNiIsIm5yb0NtcCI6MzksImltcG9ydGUiOjg1NS4xMSwibW9uZWRhIjoiUEVTIiwiY3R6IjoxLCJ0aXBvRG9jUmVjIjoiOTYiLCJucm9Eb2NSZWMiOiIxMTExMTEiLCJ0aXBvQ29kQXV0IjoiRSIsImNvZEF1dCI6Ijc0MjU5MTc4Nzg2MDgwIn0=', '', '0', '4358'),
('4359', '', '3', '6', '96', '111111', '', '1', '', '', '', '2024-06-19', '14:59:52', '2024-06-19', 'C', '40', '3', '', '', '', '', '', '', '', '', '855.11', '6280', '', '', '26', '', NULL, '', '', '', '', '', '', '', '', '', '', '', '', '', '', '', '1', '', '', '', '', '', '', '', '', '', '', '', '', '', '74259178788537', '2024-06-29', '', '', '', '', '', '', '', '', '', '', '570.99', '284.12', '0', '2719', '2706', '0', '0', '', '', '', '6300', '1', '3', '8', '', '', '', 'https://storage.googleapis.com/a2p-v2-storage/c9bfc75a-cc33-4d85-a5ee-6b76cce0a142', '1', 'https://www.afip.gob.ar/fe/qr/?p=eyJ2ZXIiOjEsImZlY2hhIjoiMjAyNC0wNi0xOSIsImN1aXQiOiIyMzM1NjExMTY5OSIsInB0b1Z0YSI6IjMiLCJ0aXBvQ21wIjoiNiIsIm5yb0NtcCI6NDAsImltcG9ydGUiOjg1NS4xMSwibW9uZWRhIjoiUEVTIiwiY3R6IjoxLCJ0aXBvRG9jUmVjIjoiOTYiLCJucm9Eb2NSZWMiOiIxMTExMTEiLCJ0aXBvQ29kQXV0IjoiRSIsImNvZEF1dCI6Ijc0MjU5MTc4Nzg4NTM3In0=', '', '0', '4359'),
('4360', '', '3', '1', '80', '20321089675', '', '35', '', '', '', '2024-06-19', '15:05:34', '2024-06-19', 'A', '9', '3', '', '', '', '', '', '', '', '', '284.12', '2990', '', '', '26', '', NULL, '', '', '', '', '', '', '', '', '', '', '', '', '', '', '', '1', '', '', '', '', '', '', '', '', '', '', '', '', '', '74259178788786', '2024-06-29', '', '', '', '', '', '', '', '', '', '', '0', '284.12', '0', '0', '2706', '0', '0', '', '', '', '3000', '1', '3', '8', '', '', '', 'https://storage.googleapis.com/a2p-v2-storage/4ce2d445-11bb-4542-ae9e-138b72edc774', '1', 'https://www.afip.gob.ar/fe/qr/?p=eyJ2ZXIiOjEsImZlY2hhIjoiMjAyNC0wNi0xOSIsImN1aXQiOiIyMzM1NjExMTY5OSIsInB0b1Z0YSI6IjMiLCJ0aXBvQ21wIjoiMSIsIm5yb0NtcCI6OSwiaW1wb3J0ZSI6Mjg0LjEyLCJtb25lZGEiOiJQRVMiLCJjdHoiOjEsInRpcG9Eb2NSZWMiOiI4MCIsIm5yb0RvY1JlYyI6IjIwMzIxMDg5Njc1IiwidGlwb0NvZEF1dCI6IkUiLCJjb2RBdXQiOiI3NDI1OTE3ODc4ODc4NiJ9', '', '0', '4360'),
('4361', '687', '3', '', '', '', '', '1', '', '', '', '2024-06-19', '16:20:03', '2024-06-19', NULL, '', '3', '', '', '', '', '', '', '', '', '', '6280', '', '', '26', '', NULL, '', '', '', '', '', '', '', '', '', '', '', '', '', '', '', '', '', '', '', '', '', '', '', '', '', '', '', '', '', '', '', '', '', '', '', '', '', '', '', '', '', '', '', '', '', '', '', '', '', '', '', '6280', '3', '3', '7', '125', '', '', '', '1', '', '', '0', '4361'),
('4362', '688', '3', '', '', '', '', '1', '', '', '', '2024-06-19', '16:21:10', '2024-06-19', NULL, '', '3', '', '', '', '', '', '', '', '', '', '6280', '', '', '26', '', NULL, '', '', '', '', '', '', '', '', '', '', '', '', '', '', '', '', '', '', '', '', '', '', '', '', '', '', '', '', '', '', '', '', '', '', '', '', '', '', '', '', '', '', '', '', '', '', '', '', '', '', '', '6280', '3', '3', '7', '125', '', '', '', '1', '', '', '0', '4362'),
('4363', '689', '3', '', '', '', '', '1', '', '', '', '2024-06-19', '16:24:04', '2024-06-19', NULL, '', '3', '', '', '', '', '', '', '', '', '', '2990', '', '', '26', '', NULL, '', '', '', '', '', '', '', '', '', '', '', '', '', '', '', '', '', '', '', '', '', '', '', '', '', '', '', '', '', '', '', '', '', '', '', '', '', '', '', '', '', '', '', '', '', '', '', '', '', '', '', '2990', '3', '3', '7', '125', '', '', '', '1', '', '', '0', '4363'),
('4364', '690', '3', '', '', '', '', '1', '', '', '', '2024-06-19', '16:24:24', '2024-06-19', NULL, '', '3', '', '', '', '', '', '', '', '', '', '2990', '', '', '26', '', NULL, '', '', '', '', '', '', '', '', '', '', '', '', '', '', '', '', '', '', '', '', '', '', '', '', '', '', '', '', '', '', '', '', '', '', '', '', '', '', '', '', '', '', '', '', '', '', '', '', '', '', '', '2990', '3', '3', '7', '125', '', '', '', '1', '', '', '0', '4364'),
('4365', '691', '3', '', '', '', '', '1', '', '', '', '2024-06-19', '16:26:06', '2024-06-19', NULL, '', '3', '', '', '', '', '', '', '', '', '', '6280', '', '', '26', '', NULL, '', '', '', '', '', '', '', '', '', '', '', '', '', '', '', '', '', '', '', '', '', '', '', '', '', '', '', '', '', '', '', '', '', '', '', '', '', '', '', '', '', '', '', '', '', '', '', '', '', '', '', '6280', '3', '3', '7', '125', '', '', '', '1', '', '', '0', '4365'),
('4366', '692', '3', '', '', '', '', '1', '', '', '', '2024-06-19', '16:26:36', '2024-06-19', NULL, '', '3', '', '', '', '', '', '', '', '', '', '5980', '', '', '26', '', NULL, '', '', '', '', '', '', '', '', '', '', '', '', '', '', '', '', '', '', '', '', '', '', '', '', '', '', '', '', '', '', '', '', '', '', '', '', '', '', '', '', '', '', '', '', '', '', '', '', '', '', '', '5980', '3', '3', '7', '125', '', '', '', '1', '', '', '0', '4366'),
('4367', '693', '3', '', '', '', '', '1', '', '', '', '2024-06-19', '16:35:18', '2024-06-19', NULL, '', '3', '', '', '', '', '', '', '', '', '', '12980', '', '', '26', '', NULL, '', '', '', '', '', '', '', '', '', '', '', '', '', '', '', '', '', '', '', '', '', '', '', '', '', '', '', '', '', '', '', '', '', '', '', '', '', '', '', '', '', '', '', '', '', '', '', '', '', '', '', '12980', '3', '3', '7', '125', '', '', '', '1', '', '', '0', '4367'),
('4368', '694', '3', '', '', '', '', '1', '', '', '', '2024-06-19', '16:43:27', '2024-06-19', NULL, '', '3', '', '', '', '', '', '', '', '', '', '6280', '', '', '26', '', NULL, '', '', '', '', '', '', '', '', '', '', '', '', '', '', '', '', '', '', '', '', '', '', '', '', '', '', '', '', '', '', '', '', '', '', '', '', '', '', '', '', '', '', '', '', '', '', '', '', '', '', '', '6280', '3', '3', '7', '125', '', '', '', '1', '', '', '0', '4368'),
('4369', '695', '3', '', '', '', '', '1', '', '', '', '2024-06-19', '16:44:20', '2024-06-19', NULL, '', '3', '', '', '', '', '', '', '', '', '', '12580', '', '', '26', '', NULL, '', '', '', '', '', '', '', '', '', '', '', '', '', '', '', '', '', '', '', '', '', '', '', '', '', '', '', '', '', '', '', '', '', '', '', '', '', '', '', '', '', '', '', '', '', '', '', '', '', '', '', '12580', '3', '3', '7', '125', '', '', '', '1', '', '', '0', '4369'),
('4370', '696', '3', '', '', '', '', '1', '', '', '', '2024-06-19', '16:45:25', '2024-06-19', NULL, '', '3', '', '', '', '', '', '', '', '', '', '6280', '', '', '26', '', NULL, '', '', '', '', '', '', '', '', '', '', '', '', '', '', '', '', '', '', '', '', '', '', '', '', '', '', '', '', '', '', '', '', '', '', '', '', '', '', '', '', '', '', '', '', '', '', '', '', '', '', '', '6280', '3', '3', '7', '125', '', '', '', '1', '', '', '0', '4370'),
('4371', '697', '3', '', '', '', '', '1', '', '', '', '2024-06-19', '16:46:59', '2024-06-19', NULL, '', '3', '', '', '', '', '', '', '', '', '', '2990', '', '', '26', '', NULL, '', '', '', '', '', '', '', '', '', '', '', '', '', '', '', '', '', '', '', '', '', '', '', '', '', '', '', '', '', '', '', '', '', '', '', '', '', '', '', '', '', '', '', '', '', '', '', '', '', '', '', '2990', '3', '3', '7', '125', '', '', '', '1', '', '', '0', '4371'),
('4372', '698', '3', '', '', '', '', '1', '', '', '', '2024-06-19', '16:48:16', '2024-06-19', NULL, '', '3', '', '', '', '', '', '', '', '', '', '18570', '', '', '26', '', NULL, '', '', '', '', '', '', '', '', '', '', '', '', '', '', '', '', '', '', '', '', '', '', '', '', '', '', '', '', '', '', '', '', '', '', '', '', '', '', '', '', '', '', '', '', '', '', '', '', '', '', '', '18570', '3', '3', '7', '125', '', '', '', '1', '', '', '0', '4372'),
('4373', '699', '3', '', '', '', '', '1', '', '', '', '2024-06-19', '16:52:18', '2024-06-19', NULL, '', '3', '', '', '', '', '', '', '', '', '', '9570', '', '', '26', '', NULL, '', '', '', '', '', '', '', '', '', '', '', '', '', '', '', '', '', '', '', '', '', '', '', '', '', '', '', '', '', '', '', '', '', '', '', '', '', '', '', '', '', '', '', '', '', '', '', '', '', '', '', '9570', '3', '3', '7', '125', '', '', '', '1', '', '', '0', '4373'),
('4374', '700', '3', '', '', '', '', '1', '', '', '', '2024-06-19', '16:53:24', '2024-06-19', NULL, '', '3', '', '', '', '', '', '', '', '', '', '9570', '', '', '26', '', NULL, '', '', '', '', '', '', '', '', '', '', '', '', '', '', '', '', '', '', '', '', '', '', '', '', '', '', '', '', '', '', '', '', '', '', '', '', '', '', '', '', '', '', '', '', '', '', '', '', '', '', '', '9570', '3', '3', '7', '125', '', '', '', '1', '', '', '0', '4374'),
('7397', '701', '3', '', '', '', '', '1', '', '', '', '2024-07-08', '19:56:33', '2024-07-08', NULL, '', '3', '', '', '', '', '', '', '', '', '', '2990', '', '', '26', '', NULL, '', '', '', '', '', '', '', '', '', '', '', '', '', '', '', '', '', '', '', '', '', '', '', '', '', '', '', '', '', '', '', '', '', '', '', '', '', '', '', '', '', '', '', '', '', '', '', '', '', '', '', '2990', '3', '3', '7', '125', '', '', '', '1', '', '', '0', '7397'),
('7398', '702', '3', '', '', '', '', '1', '', '', '', '2024-07-08', '20:21:25', '2024-07-08', NULL, '', '3', '', '', '', '', '', '', '', '', '', '5980', '', '', '26', '', NULL, '', '', '', '', '', '', '', '', '', '', '', '', '', '', '', '', '', '', '', '', '', '', '', '', '', '', '', '', '', '', '', '', '', '', '', '', '', '', '', '', '', '', '', '', '', '', '', '', '', '', '', '5980', '3', '3', '7', '125', '', '', '', '1', '', '', '0', '7398'),
('7399', '703', '3', '', '', '', '', '1', '', '', '', '2024-07-08', '20:23:11', '2024-07-08', NULL, '', '3', '', '', '', '', '', '', '', '', '', '5980', '', '', '26', '', NULL, '', '', '', '', '', '', '', '', '', '', '', '', '', '', '', '', '', '', '', '', '', '', '', '', '', '', '', '', '', '', '', '', '', '', '', '', '', '', '', '', '', '', '', '', '', '', '', '', '', '', '', '5980', '3', '3', '7', '125', '', '', '', '1', '', '', '0', '7399'),
('7400', '704', '3', '', '', '', '', '1', '', '', '', '2024-07-08', '20:25:55', '2024-07-08', NULL, '', '3', '', '', '', '', '', '', '', '', '', '2990', '', '', '26', '', NULL, '', '', '', '', '', '', '', '', '', '', '', '', '', '', '', '', '', '', '', '', '', '', '', '', '', '', '', '', '', '', '', '', '', '', '', '', '', '', '', '', '', '', '', '', '', '', '', '', '', '', '', '2990', '3', '3', '7', '125', '', '', '', '1', '', '', '0', '7400'),
('7401', '705', '3', '', '', '', '', '1', '', '', '', '2024-07-08', '20:27:32', '2024-07-08', NULL, '', '3', '', '', '', '', '', '', '', '', '', '9970', '', '', '26', '', NULL, '', '', '', '', '', '', '', '', '', '', '', '', '', '', '', '', '', '', '', '', '', '', '', '', '', '', '', '', '', '', '', '', '', '', '', '', '', '', '', '', '', '', '', '', '', '', '', '', '', '', '', '9970', '3', '3', '7', '125', '', '', '', '1', '', '', '0', '7401'),
('7402', '706', '3', '', '', '', '', '1', '', '', '', '2024-07-08', '20:28:16', '2024-07-08', NULL, '', '3', '', '', '', '', '', '', '', '', '', '6980', '', '', '26', '', NULL, '', '', '', '', '', '', '', '', '', '', '', '', '', '', '', '', '', '', '', '', '', '', '', '', '', '', '', '', '', '', '', '', '', '', '', '', '', '', '', '', '', '', '', '', '', '', '', '', '', '', '', '6980', '3', '3', '7', '125', '', '', '', '1', '', '', '0', '7402'),
('7403', '707', '3', '', '', '', '', '1', '', '', '', '2024-07-08', '20:29:37', '2024-07-08', NULL, '', '3', '', '', '', '', '', '', '', '', '', '6980', '', '', '26', '', NULL, '', '', '', '', '', '', '', '', '', '', '', '', '', '', '', '', '', '', '', '', '', '', '', '', '', '', '', '', '', '', '', '', '', '', '', '', '', '', '', '', '', '', '', '', '', '', '', '', '', '', '', '6980', '3', '3', '7', '125', '', '', '', '1', '', '', '0', '7403'),
('7404', '708', '3', '', '', '', '', '1', '', '', '', '2024-07-08', '20:38:25', '2024-07-08', NULL, '', '3', '', '', '', '', '', '', '', '', '', '13260', '', '', '26', '', NULL, '', '', '', '', '', '', '', '', '', '', '', '', '', '', '', '', '', '', '', '', '', '', '', '', '', '', '', '', '', '', '', '', '', '', '', '', '', '', '', '', '', '', '', '', '', '', '', '', '', '', '', '13260', '3', '3', '7', '125', '', '', '', '1', '', '', '0', '7404'),
('7405', '709', '3', '', '', '', '', '1', '', '', '', '2024-07-08', '20:39:23', '2024-07-08', NULL, '', '3', '', '', '', '', '', '', '', '', '', '13260', '', '', '26', '', NULL, '', '', '', '', '', '', '', '', '', '', '', '', '', '', '', '', '', '', '', '', '', '', '', '', '', '', '', '', '', '', '', '', '', '', '', '', '', '', '', '', '', '', '', '', '', '', '', '', '', '', '', '13260', '3', '3', '7', '125', '', '', '', '1', '', '', '0', '7405'),
('7406', '710', '3', '', '', '', '', '1', '', '', '', '2024-07-08', '20:39:48', '2024-07-08', NULL, '', '3', '', '', '', '', '', '', '', '', '', '13260', '', '', '26', '', NULL, '', '', '', '', '', '', '', '', '', '', '', '', '', '', '', '', '', '', '', '', '', '', '', '', '', '', '', '', '', '', '', '', '', '', '', '', '', '', '', '', '', '', '', '', '', '', '', '', '', '', '', '13260', '3', '3', '7', '125', '', '', '', '1', '', '', '0', '7406'),
('7407', '711', '3', '', '', '', '', '1', '', '', '', '2024-07-08', '20:41:12', '2024-07-08', NULL, '', '3', '', '', '', '', '', '', '', '', '', '9970', '', '', '26', '', NULL, '', '', '', '', '', '', '', '', '', '', '', '', '', '', '', '', '', '', '', '', '', '', '', '', '', '', '', '', '', '', '', '', '', '', '', '', '', '', '', '', '', '', '', '', '', '', '', '', '', '', '', '9970', '3', '3', '7', '125', '', '', '', '1', '', '', '0', '7407'),
('7408', '712', '3', '', '', '', '', '1', '', '', '', '2024-07-08', '20:43:35', '2024-07-08', NULL, '', '3', '', '', '', '', '', '', '', '', '', '5980', '', '', '26', '', NULL, '', '', '', '', '', '', '', '', '', '', '', '', '', '', '', '', '', '', '', '', '', '', '', '', '', '', '', '', '', '', '', '', '', '', '', '', '', '', '', '', '', '', '', '', '', '', '', '', '', '', '', '5980', '3', '3', '7', '125', '', '', '', '1', '', '', '0', '7408'),
('7409', '713', '3', '', '', '', '', '1', '', '', '', '2024-07-08', '20:47:47', '2024-07-08', NULL, '', '3', '', '', '', '', '', '', '', '', '', '5980', '', '', '26', '', NULL, '', '', '', '', '', '', '', '', '', '', '', '', '', '', '', '', '', '', '', '', '', '', '', '', '', '', '', '', '', '', '', '', '', '', '', '', '', '', '', '', '', '', '', '', '', '', '', '', '', '', '', '5980', '3', '3', '7', '125', '', '', '', '1', '', '', '0', '7409'),
('7410', '714', '3', '', '', '', '', '1', '', '', '', '2024-07-08', '20:48:35', '2024-07-08', NULL, '', '3', '', '', '', '', '', '', '', '', '', '9970', '', '', '26', '', NULL, '', '', '', '', '', '', '', '', '', '', '', '', '', '', '', '', '', '', '', '', '', '', '', '', '', '', '', '', '', '', '', '', '', '', '', '', '', '', '', '', '', '', '', '', '', '', '', '', '', '', '', '9970', '3', '3', '7', '125', '', '', '', '1', '', '', '0', '7410'),
('7411', '715', '3', '', '', '', '', '1', '', '', '', '2024-07-08', '20:49:27', '2024-07-08', NULL, '', '3', '', '', '', '', '', '', '', '', '', '9270', '', '', '26', '', NULL, '', '', '', '', '', '', '', '', '', '', '', '', '', '', '', '', '', '', '', '', '', '', '', '', '', '', '', '', '', '', '', '', '', '', '', '', '', '', '', '', '', '', '', '', '', '', '', '', '', '', '', '9270', '3', '3', '7', '125', '', '', '', '1', '', '', '0', '7411'),
('7412', '716', '3', '', '', '', '', '1', '', '', '', '2024-07-08', '20:50:24', '2024-07-08', NULL, '', '3', '', '', '', '', '', '', '', '', '', '9970', '', '', '26', '', NULL, '', '', '', '', '', '', '', '', '', '', '', '', '', '', '', '', '', '', '', '', '', '', '', '', '', '', '', '', '', '', '', '', '', '', '', '', '', '', '', '', '', '', '', '', '', '', '', '', '', '', '', '9970', '3', '3', '7', '125', '', '', '', '1', '', '', '0', '7412'),
('7413', '717', '3', '', '', '', '', '1', '', '', '', '2024-07-08', '20:51:28', '2024-07-08', NULL, '', '3', '', '', '', '', '', '', '', '', '', '5980', '', '', '26', '', NULL, '', '', '', '', '', '', '', '', '', '', '', '', '', '', '', '', '', '', '', '', '', '', '', '', '', '', '', '', '', '', '', '', '', '', '', '', '', '', '', '', '', '', '', '', '', '', '', '', '', '', '', '5980', '3', '3', '7', '125', '', '', '', '1', '', '', '0', '7413'),
('7414', '718', '3', '', '', '', '', '1', '', '', '', '2024-07-08', '20:54:40', '2024-07-08', NULL, '', '3', '', '', '', '', '', '', '', '', '', '13260', '', '', '26', '', NULL, '', '', '', '', '', '', '', '', '', '', '', '', '', '', '', '', '', '', '', '', '', '', '', '', '', '', '', '', '', '', '', '', '', '', '', '', '', '', '', '', '', '', '', '', '', '', '', '', '', '', '', '13260', '3', '3', '7', '125', '', '', '', '1', '', '', '0', '7414'),
('7415', '719', '3', '', '', '', '', '1', '', '', '', '2024-07-08', '20:58:14', '2024-07-08', NULL, '', '3', '', '', '', '', '', '', '', '', '', '13260', '', '', '26', '', NULL, '', '', '', '', '', '', '', '', '', '', '', '', '', '', '', '', '', '', '', '', '', '', '', '', '', '', '', '', '', '', '', '', '', '', '', '', '', '', '', '', '', '', '', '', '', '', '', '', '', '', '', '13260', '3', '3', '7', '125', '', '', '', '1', '', '', '0', '7415'),
('7416', '720', '3', '', '', '', '', '1', '', '', '', '2024-07-08', '21:01:49', '2024-07-08', NULL, '', '3', '', '', '', '', '', '', '', '', '', '13260', '', '', '26', '', NULL, '', '', '', '', '', '', '', '', '', '', '', '', '', '', '', '', '', '', '', '', '', '', '', '', '', '', '', '', '', '', '', '', '', '', '', '', '', '', '', '', '', '', '', '', '', '', '', '', '', '', '', '13260', '3', '3', '7', '125', '', '', '', '1', '', '', '0', '7416'),
('7417', '721', '3', '', '', '', '', '1', '', '', '', '2024-07-08', '21:02:50', '2024-07-08', NULL, '', '3', '', '', '', '', '', '', '', '', '', '13960', '', '', '26', '', NULL, '', '', '', '', '', '', '', '', '', '', '', '', '', '', '', '', '', '', '', '', '', '', '', '', '', '', '', '', '', '', '', '', '', '', '', '', '', '', '', '', '', '', '', '', '', '', '', '', '', '', '', '13960', '3', '3', '7', '125', '', '', '', '1', '', '', '0', '7417'),
('7418', '722', '3', '', '', '', '', '1', '', '', '', '2024-07-08', '21:05:04', '2024-07-08', NULL, '', '3', '', '', '', '', '', '', '', '', '', '13260', '', '', '26', '', NULL, '', '', '', '', '', '', '', '', '', '', '', '', '', '', '', '', '', '', '', '', '', '', '', '', '', '', '', '', '', '', '', '', '', '', '', '', '', '', '', '', '', '', '', '', '', '', '', '', '', '', '', '13260', '3', '3', '7', '125', '', '', '', '1', '', '', '0', '7418'),
('7419', '723', '3', '', '', '', '', '1', '', '', '', '2024-07-08', '21:07:17', '2024-07-08', NULL, '', '3', '', '', '', '', '', '', '', '', '', '9970', '', '', '26', '', NULL, '', '', '', '', '', '', '', '', '', '', '', '', '', '', '', '', '', '', '', '', '', '', '', '', '', '', '', '', '', '', '', '', '', '', '', '', '', '', '', '', '', '', '', '', '', '', '', '', '', '', '', '9970', '3', '3', '7', '125', '', '', '', '1', '', '', '0', '7419'),
('7420', '724', '3', '', '', '', '', '1', '', '', '', '2024-07-08', '21:08:08', '2024-07-08', NULL, '', '3', '', '', '', '', '', '', '', '', '', '5980', '', '', '26', '', NULL, '', '', '', '', '', '', '', '', '', '', '', '', '', '', '', '', '', '', '', '', '', '', '', '', '', '', '', '', '', '', '', '', '', '', '', '', '', '', '', '', '', '', '', '', '', '', '', '', '', '', '', '5980', '3', '3', '7', '125', '', '', '', '1', '', '', '0', '7420'),
('7421', '725', '3', '', '', '', '', '1', '', '', '', '2024-07-08', '21:12:08', '2024-07-08', NULL, '', '3', '', '', '', '', '', '', '', '', '', '9970', '', '', '26', '', NULL, '', '', '', '', '', '', '', '', '', '', '', '', '', '', '', '', '', '', '', '', '', '', '', '', '', '', '', '', '', '', '', '', '', '', '', '', '', '', '', '', '', '', '', '', '', '', '', '', '', '', '', '9970', '3', '3', '7', '125', '', '', '', '1', '', '', '0', '7421'),
('7422', '726', '3', '', '', '', '', '1', '', '', '', '2024-07-08', '21:17:38', '2024-07-08', NULL, '', '3', '', '', '', '', '', '', '', '', '', '37520', '', '', '26', '', NULL, '', '', '', '', '', '', '', '', '', '', '', '', '', '', '', '', '', '', '', '', '', '', '', '', '', '', '', '', '', '', '', '', '', '', '', '', '', '', '', '', '', '', '', '', '', '', '', '', '', '', '', '37520', '3', '3', '7', '125', '', '', '', '1', '', '', '0', '7422'),
('7423', '', '3', '6', '96', '111111', '', '1', '', '', '', '2024-07-08', '21:19:40', '2024-07-08', 'C', '41', '3', '', '', '', '', '', '', '', '', '2066.52', '13260', '', '', '26', '', NULL, '', '', '', '', '', '', '', '', '', '', '', '', '', '', '', '1', '', '', '', '', '', '', '', '', '', '', '', '', '', '74289181057425', '2024-07-18', '', '', '', '', '', '', '', '', '', '', '1782.4', '284.12', '0', '8488', '2706', '0', '0', '', '', '', '14000', '1', '3', '7', '125', '', '', 'https://storage.googleapis.com/a2p-v2-storage/e0c8ccfe-7c31-4d6b-b5a0-5da86ca8732d', '1', 'https://www.afip.gob.ar/fe/qr/?p=eyJ2ZXIiOjEsImZlY2hhIjoiMjAyNC0wNy0wOCIsImN1aXQiOiIyMzM1NjExMTY5OSIsInB0b1Z0YSI6IjMiLCJ0aXBvQ21wIjoiNiIsIm5yb0NtcCI6NDEsImltcG9ydGUiOjIwNjYuNTIsIm1vbmVkYSI6IlBFUyIsImN0eiI6MSwidGlwb0RvY1JlYyI6Ijk2IiwibnJvRG9jUmVjIjoiMTExMTExIiwidGlwb0NvZEF1dCI6IkUiLCJjb2RBdXQiOiI3NDI4OTE4MTA1NzQyNSJ9', '', '0', '7423'),
('7813', '727', '3', '', '', '', '', '1', '', '', '', '2024-07-10', '16:22:00', '2024-07-10', NULL, '', '3', '', '', '', '', '', '', '', '', '', '2990', '', '', '26', '', NULL, '', '', '', '', '', '', '', '', '', '', '', '', '', '', '', '', '', '', '', '', '', '', '', '', '', '', '', '', '', '', '', '', '', '', '', '', '', '', '', '', '', '', '', '', '', '', '', '', '', '', '', '2990', '3', '3', '7', '125', '', '', '', '1', '', '', '0', '7813'),
('7814', '728', '3', '', '', '', '', '1', '', '', '', '2024-07-10', '16:23:00', '2024-07-10', NULL, '', '3', '', '', '', '', '', '', '', '', '', '2990', '', '', '26', '', NULL, '', '', '', '', '', '', '', '', '', '', '', '', '', '', '', '', '', '', '', '', '', '', '', '', '', '', '', '', '', '', '', '', '', '', '', '', '', '', '', '', '', '', '', '', '', '', '', '', '', '', '', '2990', '3', '3', '7', '125', '', '', '', '1', '', '', '0', '7814'),
('7877', '729', '3', '', '', '', '', '1', '', '', '', '2024-07-10', '19:00:15', '2024-07-10', NULL, '', '3', '', '', '', '', '', '', '', '', '', '2990', '', '', '26', '', NULL, '', '', '', '', '', '', '', '', '', '', '', '', '', '', '', '', '', '', '', '', '', '', '', '', '', '', '', '', '', '', '', '', '', '', '', '', '', '', '', '', '', '', '', '', '', '', '', '', '', '', '', '2990', '3', '3', '7', '125', '', '', '', '1', '', '', '0', '7877'),
('9244', '730', '3', '', '', '', '', '1', '', '', '', '2024-07-16', '12:13:00', '2024-07-16', NULL, '', '3', '', '', '', '', '', '', '', '', '', '12270', '', '', '26', '', NULL, '', '', '', '', '', '', '', '', '', '', '', '', '', '', '', '', '', '', '', '', '', '', '', '', '', '', '', '', '', '', '', '', '', '', '', '', '', '', '', '', '', '', '', '', '', '', '', '', '', '', '', '12270', '3', '3', '7', '125', '', '', '', '1', '', '', '0', '9244'),
('9245', '731', '3', '', '', '', '', '1', '', '', '', '2024-07-16', '12:13:19', '2024-07-16', NULL, '', '3', '', '', '', '', '', '', '', '', '', '8970', '', '', '26', '', NULL, '', '', '', '', '', '', '', '', '', '', '', '', '', '', '', '', '', '', '', '', '', '', '', '', '', '', '', '', '', '', '', '', '', '', '', '', '', '', '', '', '', '', '', '', '', '', '', '', '', '', '', '8970', '3', '3', '7', '125', '', '', '', '1', '', '', '0', '9245'),
('9248', '732', '3', '', '', '', '', '1', '', '', '', '2024-07-16', '12:16:17', '2024-07-16', NULL, '', '3', '', '', '', '', '', '', '', '', '', '2990', '', '', '26', '', NULL, '', '', '', '', '', '', '', '', '', '', '', '', '', '', '', '', '', '', '', '', '', '', '', '', '', '', '', '', '', '', '', '', '', '', '', '', '', '', '', '', '', '', '', '', '', '', '', '', '', '', '', '2990', '3', '3', '7', '125', '', '', '', '1', '', '', '0', '9248'),
('9255', '733', '3', '', '', '', '', '1', '', '', '', '2024-07-16', '12:31:21', '2024-07-16', NULL, '', '3', '', '', '', '', '', '', '', '', '', '5980', '', '', '26', '', NULL, '', '', '', '', '', '', '', '', '', '', '', '', '', '', '', '', '', '', '', '', '', '', '', '', '', '', '', '', '', '', '', '', '', '', '', '', '', '', '', '', '', '', '', '', '', '', '', '', '', '', '', '5980', '3', '3', '7', '125', '', '', '', '1', '', '', '0', '9255'),
('9256', '734', '3', '', '', '', '', '1', '', '', '', '2024-07-16', '12:32:28', '2024-07-16', NULL, '', '3', '', '', '', '', '', '', '', '', '', '9270', '', '', '26', '', NULL, '', '', '', '', '', '', '', '', '', '', '', '', '', '', '', '', '', '', '', '', '', '', '', '', '', '', '', '', '', '', '', '', '', '', '', '', '', '', '', '', '', '', '', '', '', '', '', '', '', '', '', '9270', '3', '3', '7', '125', '', '', '', '1', '', '', '0', '9256'),
('10515', '735', '3', '', '', '', '', '1', '', '', '', '2024-07-22', '16:46:19', '2024-07-22', NULL, '', '3', '', '', '', '', '', '', '', '', '', '8970', '', '', '26', '', NULL, '', '', '', '', '', '', '', '', '', '', '', '', '', '', '', '', '', '', '', '', '', '', '', '', '', '', '', '', '', '', '', '', '', '', '', '', '', '', '', '', '', '', '', '', '', '', '', '', '', '', '', '8970', '3', '3', '7', '125', '', '', '', '1', '', '', '0', '10515'),
('10516', '736', '3', '', '', '', '', '59', '', '', '', '2024-07-22', '16:48:19', '2024-07-22', NULL, '', '3', '', '', '', '', '', '', '', '', '', '15960', '', '', '26', '', NULL, '', '', '', '', '', '', '', '', '', '', '', '', '', '', '', '', '', '', '', '', '', '', '', '', '', '', '', '', '', '', '', '', '', '', '', '', '', '', '', '', '', '', '', '', '', '', '', '', '', '', '', '15960', '3', '3', '7', '125', '', '', '', '1', '', '', '0', '10516'),
('10517', '737', '3', '', '', '', '', '59', '', '', '', '2024-07-22', '16:49:28', '2024-07-22', NULL, '', '3', '', '', '', '', '', '', '', '', '', '3990', '', '', '26', '', NULL, '', '', '', '', '', '', '', '', '', '', '', '', '', '', '', '', '', '', '', '', '', '', '', '', '', '', '', '', '', '', '', '', '', '', '', '', '', '', '', '', '', '', '', '', '', '', '', '', '', '', '', '3990', '3', '3', '7', '125', '', '', '', '1', '', '', '0', '10517'),
('10518', '738', '3', '', '', '', '', '59', '', '', '', '2024-07-22', '16:50:09', '2024-07-22', NULL, '', '3', '', '', '', '', '', '', '', '', '', '182910', '', '', '26', '', NULL, '', '', '', '', '', '', '', '', '', '', '', '', '', '', '', '', '', '', '', '', '', '', '', '', '', '', '', '', '', '', '', '', '', '', '', '', '', '', '', '', '', '', '', '', '', '', '', '', '', '', '', '182910', '3', '3', '7', '125', '', '', '', '1', '', '', '0', '10518'),
('10687', '739', '3', '', '', '', '', '1', '', '', '', '2024-07-23', '09:19:01', '2024-07-23', NULL, '', '3', '', '', '', '', '', '', '', '', '', '9390', '', '', '26', '', NULL, '', '', '', '', '', '', '', '', '', '', '', '', '', '', '', '', '', '', '', '', '', '', '', '', '', '', '', '', '', '', '', '', '', '', '', '', '', '', '', '', '', '', '', '', '', '', '', '', '', '', '', '9390', '3', '3', '7', '125', '', '', '', '1', '', '', '0', '10687'),
('10688', '740', '3', '', '', '', '', '1', '', '', '', '2024-07-23', '09:19:39', '2024-07-23', NULL, '', '3', '', '', '', '', '', '', '', '', '', '2990', '', '', '26', '', NULL, '', '', '', '', '', '', '', '', '', '', '', '', '', '', '', '', '', '', '', '', '', '', '', '', '', '', '', '', '', '', '', '', '', '', '', '', '', '', '', '', '', '', '', '', '', '', '', '', '', '', '', '2990', '3', '3', '7', '125', '', '', '', '1', '', '', '0', '10688'),
('10689', '741', '3', '', '', '', '', '1', '', '', '', '2024-07-23', '09:33:28', '2024-07-23', NULL, '', '3', '', '', '', '', '', '', '', '', '', '10504.6', '', '', '26', '', NULL, '', '', '', '', '', '', '', '', '', '', '', '', '', '', '', '', '', '', '', '', '', '', '', '', '', '', '', '', '', '', '', '', '', '', '', '', '', '', '', '', '', '', '', '', '', '', '', '', '', '', '', '10504.6', '3', '3', '7', '125', '', '', '', '1', '', '', '0', '10689'),
('10690', '742', '3', '', '', '', '', '1', '', '', '', '2024-07-23', '09:34:31', '2024-07-23', NULL, '', '3', '', '', '', '', '', '', '', '', '', '5980', '', '', '26', '', NULL, '', '', '', '', '', '', '', '', '', '', '', '', '', '', '', '', '', '', '', '', '', '', '', '', '', '', '', '', '', '', '', '', '', '', '', '', '', '', '', '', '', '', '', '', '', '', '', '', '', '', '', '5980', '3', '3', '7', '125', '', '', '', '1', '', '', '0', '10690'),
('10692', '743', '3', '', '', '', '', '1', '', '', '', '2024-07-23', '09:52:49', '2024-07-23', NULL, '', '3', '', '', '', '', '', '', '', '', '', '121466', '', '', '26', '', NULL, '', '', '', '', '', '', '', '', '', '', '', '', '', '', '', '', '', '', '', '', '', '', '', '', '', '', '', '', '', '', '', '', '', '', '', '', '', '', '', '', '', '', '', '', '', '', '', '', '', '', '', '121466', '3', '3', '7', '125', '', '', '', '1', '', '', '0', '10692'),
('10694', '744', '3', '', '', '', '', '35', '', '', '', '2024-07-23', '09:56:54', '2024-07-23', NULL, '', '3', '', '', '', '', '', '', '', '', '', '14490', '', '', '26', '', NULL, '', '', '', '', '', '', '', '', '', '', '', '', '', '', '', '', '', '', '', '', '', '', '', '', '', '', '', '', '', '', '', '', '', '', '', '', '', '', '', '', '', '', '', '', '', '', '', '', '', '', '', '14490', '3', '3', '7', '125', '', '', '', '1', '', '', '0', '10694'),
('10696', '745', '3', '', '', '', '', '1', '', '', '', '2024-07-23', '10:16:44', '2024-07-23', NULL, '', '3', '', '', '', '', '', '', '', '', '', '12680', '', '', '26', '', NULL, '', '', '', '', '', '', '', '', '', '', '', '', '', '', '', '', '', '', '', '', '', '', '', '', '', '', '', '', '', '', '', '', '', '', '', '', '', '', '', '', '', '', '', '', '', '', '', '', '', '', '', '12680', '3', '3', '7', '125', '', '', '', '1', '', '', '0', '10696'),
('10698', '746', '3', '', '', '', '', '1', '', '', '', '2024-07-23', '10:35:06', '2024-07-23', NULL, '', '3', '', '', '', '', '', '', '', '', '', '5980', '', '', '26', '', NULL, '', '', '', '', '', '', '', '', '', '', '', '', '', '', '', '', '', '', '', '', '', '', '', '', '', '', '', '', '', '', '', '', '', '', '', '', '', '', '', '', '', '', '', '', '', '', '', '', '', '', '', '5980', '3', '3', '7', '125', '', '', '', '1', '', '', '0', '10698'),
('10700', '747', '3', '', '', '', '', '1', '', '', '', '2024-07-23', '10:55:04', '2024-07-23', NULL, '', '3', '', '', '', '', '', '', '', '', '', '9568', '', '', '26', '', NULL, '', '', '', '', '', '', '', '', '', '', '', '', '', '', '', '', '', '', '', '', '', '', '', '', '', '', '', '', '', '', '', '', '', '', '', '', '', '', '', '', '', '', '', '', '', '', '', '', '', '', '', '9568', '3', '3', '7', '125', '', '', '', '1', '', '', '0', '10700'),
('10701', '748', '3', '', '', '', '', '1', '', '', '', '2024-07-23', '10:56:12', '2024-07-23', NULL, '', '3', '', '', '', '', '', '', '', '', '', '12980', '', '', '26', '', NULL, '', '', '', '', '', '', '', '', '', '', '', '', '', '', '', '', '', '', '', '', '', '', '', '', '', '', '', '', '', '', '', '', '', '', '', '', '', '', '', '', '', '', '', '', '', '', '', '', '', '', '', '12980', '3', '3', '7', '125', '', '', '', '1', '', '', '0', '10701'),
('10711', '749', '3', '', '', '', '', '1', '', '', '', '2024-07-23', '13:14:19', '2024-07-23', NULL, '', '3', '', '', '', '', '', '', '', '', '', '2400', '', '', '27', '', NULL, '', '', '', '', '', '', '', '', '', '', '', '', '', '', '', '', '', '', '', '', '', '', '', '', '', '', '', '', '', '', '', '', '', '', '', '', '', '', '', '', '', '', '', '', '', '', '', '', '', '', '', '2400', '3', '3', '7', '125', '', '', '', '1', '', '', '0', '10711'),
('10712', '750', '3', '', '', '', '', '1', '', '', '', '2024-07-23', '13:14:32', '2024-07-23', NULL, '', '3', '', '', '', '', '', '', '', '', '', '27840', '', '', '26', '', NULL, '', '', '', '', '', '', '', '', '', '', '', '', '', '', '', '', '', '', '', '', '', '', '', '', '', '', '', '', '', '', '', '', '', '', '', '', '', '', '', '', '', '', '', '', '', '', '', '', '', '', '', '27840', '3', '3', '7', '125', '', '', '', '1', '', '', '0', '10712'),
('10930', '751', '3', '', '', '', '', '1', '', '', '', '2024-07-24', '12:25:53', '2024-07-24', NULL, '', '3', '', '', '', '', '', '', '', '', '', '12260', '', '', '26', '', NULL, '', '', '', '', '', '', '', '', '', '', '', '', '', '', '', '', '', '', '', '', '', '', '', '', '', '', '', '', '', '', '', '', '', '', '', '', '', '', '', '', '', '', '', '', '', '', '', '', '', '', '', '12260', '3', '3', '7', '125', '', '', '', '1', '', '', '0', '10930'),
('11298', '', '3', '6', '96', '111111', '', '1', '', '', '', '2024-07-26', '09:57:12', '2024-07-26', 'C', '42', '3', '', '', '', '', '', '', '', '', '803.05', '5980', '', '', '26', '', NULL, '', '', '', '', '', '', '', '', '', '', '', '', '', '', '', '1', '', '', '', '', '', '', '', '', '', '', '', '', '', '74309183605988', '2024-08-05', '', '', '', '', '', '', '', '', '', '', '518.93', '284.12', '0', '2471', '2706', '0', '0', '', '', '', '6000', '1', '3', '7', '125', '', '', 'https://storage.googleapis.com/a2p-v2-storage/55bb0b73-aa03-4357-9038-e58a16c4067c', '1', 'https://www.afip.gob.ar/fe/qr/?p=eyJ2ZXIiOjEsImZlY2hhIjoiMjAyNC0wNy0yNiIsImN1aXQiOiIyMzM1NjExMTY5OSIsInB0b1Z0YSI6IjMiLCJ0aXBvQ21wIjoiNiIsIm5yb0NtcCI6NDIsImltcG9ydGUiOjgwMy4wNSwibW9uZWRhIjoiUEVTIiwiY3R6IjoxLCJ0aXBvRG9jUmVjIjoiOTYiLCJucm9Eb2NSZWMiOiIxMTExMTEiLCJ0aXBvQ29kQXV0IjoiRSIsImNvZEF1dCI6Ijc0MzA5MTgzNjA1OTg4In0=', '', '0', '11298'),
('11299', '752', '3', '', '', '', '', '1', '', '', '', '2024-07-26', '09:58:00', '2024-07-26', NULL, '', '3', '', '', '', '', '', '', '', '', '', '5980', '', '', '26', '', NULL, '', '', '', '', '', '', '', '', '', '', '', '', '', '', '', '', '', '', '', '', '', '', '', '', '', '', '', '', '', '', '', '', '', '', '', '', '', '', '', '', '', '', '', '', '', '', '', '', '', '', '', '5980', '3', '3', '7', '125', '', '', '', '1', '', '', '0', '11299'),
('11301', '753', '3', '', '', '', '', '1', '', '', '', '2024-07-26', '09:58:28', '2024-07-26', NULL, '', '3', '', '', '', '', '', '', '', '', '', '5980', '', '', '26', '', NULL, '', '', '', '', '', '', '', '', '', '', '', '', '', '', '', '', '', '', '', '', '', '', '', '', '', '', '', '', '', '', '', '', '', '', '', '', '', '', '', '', '', '', '', '', '', '', '', '', '', '', '', '5980', '3', '3', '7', '125', '', '', '', '1', '', '', '0', '11301'),
('11302', '', '3', '6', '96', '111111', '', '1', '', '', '', '2024-07-26', '10:04:17', '2024-07-26', 'C', '43', '3', '', '', '', '', '', '', '', '', '803.05', '5980', '', '', '26', '', NULL, '', '', '', '', '', '', '', '', '', '', '', '', '', '', '', '1', '', '', '', '', '', '', '', '', '', '', '', '', '', '74309183606285', '2024-08-05', '', '', '', '', '', '', '', '', '', '', '518.93', '284.12', '0', '2471', '2706', '0', '0', '', '', '', '6000', '1', '3', '7', '125', '', '', 'https://storage.googleapis.com/a2p-v2-storage/cc80ff4a-b7ab-49c7-a0b9-f073d1684979', '1', 'https://www.afip.gob.ar/fe/qr/?p=eyJ2ZXIiOjEsImZlY2hhIjoiMjAyNC0wNy0yNiIsImN1aXQiOiIyMzM1NjExMTY5OSIsInB0b1Z0YSI6IjMiLCJ0aXBvQ21wIjoiNiIsIm5yb0NtcCI6NDMsImltcG9ydGUiOjgwMy4wNSwibW9uZWRhIjoiUEVTIiwiY3R6IjoxLCJ0aXBvRG9jUmVjIjoiOTYiLCJucm9Eb2NSZWMiOiIxMTExMTEiLCJ0aXBvQ29kQXV0IjoiRSIsImNvZEF1dCI6Ijc0MzA5MTgzNjA2Mjg1In0=', '', '0', '11302'),
('11303', '', '3', '6', '96', '111111', '', '1', '', '', '', '2024-07-26', '10:10:54', '2024-07-26', 'C', '44', '3', '', '', '', '', '', '', '', '', '2823.72', '16270', '', '', '26', '', NULL, '', '', '', '', '', '', '', '', '', '', '', '', '', '', '', '1', '', '', '', '', '', '', '', '', '', '', '', '', '', '74309183607359', '2024-08-05', '', '', '', '', '', '', '', '', '', '', '2823.72', '0', '0', '13446', '0', '0', '0', '', '', '', '17000', '1', '3', '7', '125', '', '', 'https://storage.googleapis.com/a2p-v2-storage/26e291ac-5618-48c6-86ac-65d7f7d18943', '1', 'https://www.afip.gob.ar/fe/qr/?p=eyJ2ZXIiOjEsImZlY2hhIjoiMjAyNC0wNy0yNiIsImN1aXQiOiIyMzM1NjExMTY5OSIsInB0b1Z0YSI6IjMiLCJ0aXBvQ21wIjoiNiIsIm5yb0NtcCI6NDQsImltcG9ydGUiOjI4MjMuNzIsIm1vbmVkYSI6IlBFUyIsImN0eiI6MSwidGlwb0RvY1JlYyI6Ijk2IiwibnJvRG9jUmVjIjoiMTExMTExIiwidGlwb0NvZEF1dCI6IkUiLCJjb2RBdXQiOiI3NDMwOTE4MzYwNzM1OSJ9', '', '0', '11303'),
('11309', '', '3', '6', '96', '111111', '', '1', '', '', '', '2024-07-26', '10:25:25', '2024-07-26', 'C', '45', '3', '', '', '', '', '', '', '', '', '1374.04', '9270', '', '', '26', '', NULL, '', '', '', '', '', '', '', '', '', '', '', '', '', '', '', '1', '', '', '', '', '', '', '', '', '', '', '', '', '', '74309183608567', '2024-08-05', '', '', '', '', '', '', '', '', '', '', '1089.92', '284.12', '0', '5190', '2706', '0', '0', '', '', '', '10000', '1', '3', '7', '125', '', '', 'https://storage.googleapis.com/a2p-v2-storage/0708d8fa-839a-42bc-9752-d6bf81086dd0', '1', 'https://www.afip.gob.ar/fe/qr/?p=eyJ2ZXIiOjEsImZlY2hhIjoiMjAyNC0wNy0yNiIsImN1aXQiOiIyMzM1NjExMTY5OSIsInB0b1Z0YSI6IjMiLCJ0aXBvQ21wIjoiNiIsIm5yb0NtcCI6NDUsImltcG9ydGUiOjEzNzQuMDQsIm1vbmVkYSI6IlBFUyIsImN0eiI6MSwidGlwb0RvY1JlYyI6Ijk2IiwibnJvRG9jUmVjIjoiMTExMTExIiwidGlwb0NvZEF1dCI6IkUiLCJjb2RBdXQiOiI3NDMwOTE4MzYwODU2NyJ9', '', '0', '11309'),
('11310', '754', '3', '', '', '', '', '1', '', '', '', '2024-07-26', '10:33:47', '2024-07-26', NULL, '', '3', '', '', '', '', '', '', '', '', '', '9270', '', '', '26', '', NULL, '', '', '', '', '', '', '', '', '', '', '', '', '', '', '', '', '', '', '', '', '', '', '', '', '', '', '', '', '', '', '', '', '', '', '', '', '', '', '', '', '', '', '', '', '', '', '', '', '', '', '', '9270', '3', '3', '7', '125', '', '', '', '1', '', '', '0', '11310'),
('11311', '755', '3', '', '', '', '', '1', '', '', '', '2024-07-26', '10:35:27', '2024-07-26', NULL, '', '3', '', '', '', '', '', '', '', '', '', '8970', '', '', '26', '', NULL, '', '', '', '', '', '', '', '', '', '', '', '', '', '', '', '', '', '', '', '', '', '', '', '', '', '', '', '', '', '', '', '', '', '', '', '', '', '', '', '', '', '', '', '', '', '', '', '', '', '', '', '8970', '3', '3', '7', '125', '', '', '', '1', '', '', '0', '11311'),
('11312', '756', '3', '', '', '', '', '1', '', '', '', '2024-07-26', '10:37:20', '2024-07-26', NULL, '', '3', '', '', '', '', '', '', '', '', '', '5980', '', '', '26', '', NULL, '', '', '', '', '', '', '', '', '', '', '', '', '', '', '', '', '', '', '', '', '', '', '', '', '', '', '', '', '', '', '', '', '', '', '', '', '', '', '', '', '', '', '', '', '', '', '', '', '', '', '', '5980', '3', '3', '7', '125', '', '', '', '1', '', '', '0', '11312'),
('11313', '757', '3', '', '', '', '', '1', '', '', '', '2024-07-26', '10:37:59', '2024-07-26', NULL, '', '3', '', '', '', '', '', '', '', '', '', '5980', '', '', '26', '', NULL, '', '', '', '', '', '', '', '', '', '', '', '', '', '', '', '', '', '', '', '', '', '', '', '', '', '', '', '', '', '', '', '', '', '', '', '', '', '', '', '', '', '', '', '', '', '', '', '', '', '', '', '5980', '3', '3', '7', '125', '', '', '', '1', '', '', '0', '11313'),
('11314', '', '3', '6', '96', '111111', '', '1', '', '', '', '2024-07-26', '10:38:23', '2024-07-26', 'C', '46', '3', '', '', '', '', '', '', '', '', '1321.97', '8970', '', '', '26', '', NULL, '', '', '', '', '', '', '', '', '', '', '', '', '', '', '', '1', '', '', '', '', '', '', '', '', '', '', '', '', '', '74309183610478', '2024-08-05', '', '', '', '', '', '', '', '', '', '', '1037.85', '284.12', '0', '4942', '2706', '0', '0', '', '', '', '9000', '1', '3', '7', '125', '', '', 'https://storage.googleapis.com/a2p-v2-storage/42a83120-f61c-46b0-b771-847259bc0ec4', '1', 'https://www.afip.gob.ar/fe/qr/?p=eyJ2ZXIiOjEsImZlY2hhIjoiMjAyNC0wNy0yNiIsImN1aXQiOiIyMzM1NjExMTY5OSIsInB0b1Z0YSI6IjMiLCJ0aXBvQ21wIjoiNiIsIm5yb0NtcCI6NDYsImltcG9ydGUiOjEzMjEuOTcsIm1vbmVkYSI6IlBFUyIsImN0eiI6MSwidGlwb0RvY1JlYyI6Ijk2IiwibnJvRG9jUmVjIjoiMTExMTExIiwidGlwb0NvZEF1dCI6IkUiLCJjb2RBdXQiOiI3NDMwOTE4MzYxMDQ3OCJ9', '', '0', '11314'),
('11332', '758', '3', '', '', '', '', '42', '', '', '', '2024-07-26', '11:27:29', '2024-07-26', NULL, '', '3', '', '', '', '', '', '', '', '', '', '19940', '', '', '26', '', NULL, '', '', '', '', '', '', '', '', '', '', '', '', '', '', '', '', '', '', '', '', '', '', '', '', '', '', '', '', '', '', '', '', '', '', '', '', '', '', '', '', '', '', '', '', '', '', '', '', '', '', '', '19940', '3', '3', '7', '125', '', '', '', '1', '', '', '0', '11332'),
('12622', '759', '3', '', '', '', '', '1', '', '', '', '2024-07-30', '16:57:37', '2024-07-30', NULL, '', '3', '', '', '', '', '', '', '', '', '', '5980', '', '', '26', '', NULL, '', '', '', '', '', '', '', '', '', '', '', '', '', '', '', '', '', '', '', '', '', '', '', '', '', '', '', '', '', '', '', '', '', '', '', '', '', '', '', '', '', '', '', '', '', '', '', '', '', '', '', '5980', '3', '3', '7', '125', '', '', '', '1', '', '', '0', '12622'),
('12623', '760', '3', '', '', '', '', '1', '', '', '', '2024-07-30', '17:03:48', '2024-07-30', NULL, '', '3', '', '', '', '', '', '', '', '', '', '16650', '', '', '26', '', NULL, '', '', '', '', '', '', '', '', '', '', '', '', '', '', '', '', '', '', '', '', '', '', '', '', '', '', '', '', '', '', '', '', '', '', '', '', '', '', '', '', '', '', '', '', '', '', '', '', '', '', '', '16650', '3', '3', '7', '125', '', '', '', '1', '', '', '0', '12623'),
('12624', '761', '3', '', '', '', '', '1', '', '', '', '2024-07-30', '17:10:21', '2024-07-30', NULL, '', '3', '', '', '', '', '', '', '', '', '', '24950', '', '', '26', '', NULL, '', '', '', '', '', '', '', '', '', '', '', '', '', '', '', '', '', '', '', '', '', '', '', '', '', '', '', '', '', '', '', '', '', '', '', '', '', '', '', '', '', '', '', '', '', '', '', '', '', '', '', '24950', '3', '3', '7', '125', '', '', '', '1', '', '', '0', '12624'),
('14391', '762', '3', '', '', '', '', '1', '', '', '', '2024-08-05', '16:10:49', '2024-08-05', NULL, '', '3', '', '', '', '', '', '', '', '', '', '2840.5', '', '', '28', '', 'PROMO EFECTIVO (5%)
', '', '', '', '', '', '', '', '', '', '', '', '', '', '', '', '', '', '', '', '', '', '', '', '', '', '', '', '', '', '', '', '', '', '', '', '', '', '', '', '', '', '', '', '', '', '', '', '', '', '', '', '2840.5', '3', '3', '7', '125', '', '', '', '1', '', '', '0', '14391'),
('14392', '763', '3', '', '', '', '', '1', '', '', '', '2024-08-05', '16:10:58', '2024-08-05', NULL, '', '3', '', '', '', '', '', '', '', '', '', '2990', '', '', '28', '', NULL, '', '', '', '', '', '', '', '', '', '', '', '', '', '', '', '', '', '', '', '', '', '', '', '', '', '', '', '', '', '', '', '', '', '', '', '', '', '', '', '', '', '', '', '', '', '', '', '', '', '', '', '2990', '3', '3', '7', '125', '', '', '', '1', '', '', '0', '14392'),
('14393', '764', '3', '', '', '', '', '1', '', '', '', '2024-08-05', '16:11:16', '2024-08-05', NULL, '', '3', '', '', '', '', '', '', '', '', '', '20260', '', '', '26', '', NULL, '', '', '', '', '', '', '', '', '', '', '', '', '', '', '', '', '', '', '', '', '', '', '', '', '', '', '', '', '', '', '', '', '', '', '', '', '', '', '', '', '', '', '', '', '', '', '', '', '', '', '', '20260', '3', '3', '7', '125', '', '', '', '1', '', '', '0', '14393'),
('14556', '765', '3', '', '', '', '', '63', '', '', '', '2024-08-06', '09:46:26', '2024-08-06', NULL, '', '3', '', '', '', '', '', '', '', '', '', '16950', '', '', '26', '', NULL, '', '', '', '', '', '', '', '', '', '', '', '', '', '', '', '', '', '', '', '', '', '', '', '', '', '', '', '', '', '', '', '', '', '', '', '', '', '', '', '', '', '', '', '', '', '', '', '', '', '', '', '16950', '3', '3', '7', '125', '', '', '', '1', '', '', '0', '14556'),
('14562', '766', '3', '', '', '', '', '1', '', '', '', '2024-08-06', '10:16:59', '2024-08-06', NULL, '', '3', '', '', '', '', '', '', '', '', '', '28950', '', '', '26', '', NULL, '', '', '', '', '', '', '', '', '', '', '', '', '', '', '', '', '', '', '', '', '', '', '', '', '', '', '', '', '', '', '', '', '', '', '', '', '', '', '', '', '', '', '', '', '', '', '', '', '', '', '', '28950', '3', '3', '7', '125', '', '', '', '1', '', '', '0', '14562'),
('14567', '767', '3', '', '', '', '', '1', '', '', '', '2024-08-06', '10:58:27', '2024-08-06', NULL, '', '3', '', '', '', '', '', '', '', '', '', '14400000', '', '', '26', '', NULL, '', '', '', '', '', '', '', '', '', '', '', '', '', '', '', '', '', '', '', '', '', '', '', '', '', '', '', '', '', '', '', '', '', '', '', '', '', '', '', '', '', '', '', '', '', '', '', '', '', '', '', '14400000', '3', '3', '7', '125', '', '', '', '1', '', '', '0', '14567'),
('14569', '768', '3', '', '', '', '', '1', '', '', '', '2024-08-06', '11:10:13', '2024-08-06', NULL, '', '3', '', '', '', '', '', '', '', '', '', '14400000', '', '', '27', '', NULL, '', '', '', '', '', '', '', '', '', '', '', '', '', '', '', '', '', '', '', '', '', '', '', '', '', '', '', '', '', '', '', '', '', '', '', '', '', '', '', '', '', '', '', '', '', '', '', '', '', '', '', '14400000', '3', '3', '7', '125', '2024-08-06 12:17:49.000000', '', '', '1', '', '', '0', '14569'),
('14572', '769', '3', '', '', '', '', '1', '', '', '', '2024-08-06', '11:25:21', '2024-08-06', NULL, '', '3', '', '', '', '', '', '', '', '', '', '4341.48', '', '', '26', '', NULL, '', '', '', '', '', '', '', '', '', '', '', '', '', '', '', '', '', '', '', '', '', '', '', '', '', '', '', '', '', '', '', '', '', '', '', '', '', '', '', '', '', '', '', '', '', '', '', '', '', '', '', '4341.48', '3', '3', '7', '125', '', '', '', '1', '', '', '0', '14572'),
('14573', '770', '3', '', '', '', '', '1', '', '', '', '2024-08-06', '11:35:20', '2024-08-06', NULL, '', '3', '', '', '', '', '', '', '', '', '', '8980', '', '', '26', '', NULL, '', '', '', '', '', '', '', '', '', '', '', '', '', '', '', '', '', '', '', '', '', '', '', '', '', '', '', '', '', '', '', '', '', '', '', '', '', '', '', '', '', '', '', '', '', '', '', '', '', '', '', '8980', '3', '3', '7', '125', '', '', '', '1', '', '', '0', '14573'),
('14586', '771', '3', '', '', '', '', '63', '', '', '', '2024-08-06', '13:12:33', '2024-08-06', NULL, '', '3', '', '', '', '', '', '', '', '', '', '2840.5', '', '', '26', '', 'PROMO EFECTIVO (5%)
', '', '', '', '', '', '', '', '', '', '', '', '', '', '', '', '', '', '', '', '', '', '', '', '', '', '', '', '', '', '', '', '', '', '', '', '', '', '', '', '', '', '', '', '', '', '', '', '', '', '', '', '2840.5', '3', '3', '7', '125', '2024-08-06 16:01:28.000000', '', '', '1', '', '', '0', '14586'),
('14773', '772', '3', '', '', '', '', '1', '', '', '', '2024-08-07', '10:30:13', '2024-08-07', NULL, '', '3', '', '', '', '', '', '', '', '', '', '14950', '', '', '26', '', NULL, '', '', '', '', '', '', '', '', '', '', '', '', '', '', '', '', '', '', '', '', '', '', '', '', '', '', '', '', '', '', '', '', '', '', '', '', '', '', '', '', '', '', '', '', '', '', '', '', '', '', '', '14950', '3', '3', '7', '125', '', '', '', '1', '', '', '0', '14773'),
('14774', '773', '3', '', '', '', '', '1', '', '', '', '2024-08-07', '10:30:31', '2024-08-07', NULL, '', '3', '', '', '', '', '', '', '', '', '', '11960', '', '', '26', '', NULL, '', '', '', '', '', '', '', '', '', '', '', '', '', '', '', '', '', '', '', '', '', '', '', '', '', '', '', '', '', '', '', '', '', '', '', '', '', '', '', '', '', '', '', '', '', '', '', '', '', '', '', '11960', '3', '3', '7', '125', '', '', '', '1', '', '', '0', '14774'),
('14781', '774', '3', '', '', '', '', '1', '', '', '', '2024-08-07', '11:08:20', '2024-08-07', NULL, '', '3', '', '', '', '', '', '', '', '', '', '9990', '', '', '26', '', NULL, '', '', '', '', '', '', '', '', '', '', '', '', '', '', '', '', '', '', '', '', '', '', '', '', '', '', '', '', '', '', '', '', '', '', '', '', '', '', '', '', '', '', '', '', '', '', '', '', '', '', '', '9990', '3', '3', '7', '180', '', '', '', '1', '', '', '0', '14781'),
('14782', '775', '3', '', '', '', '', '1', '', '', '', '2024-08-07', '11:09:17', '2024-08-07', NULL, '', '3', '', '', '', '', '', '', '', '', '', '3290', '', '', '26', '', NULL, '', '', '', '', '', '', '', '', '', '', '', '', '', '', '', '', '', '', '', '', '', '', '', '', '', '', '', '', '', '', '', '', '', '', '', '', '', '', '', '', '', '', '', '', '', '', '', '', '', '', '', '3290', '3', '3', '7', '180', '', '', '', '1', '', '', '0', '14782'),
('14783', '776', '3', '', '', '', '', '1', '', '', '', '2024-08-07', '11:26:31', '2024-08-07', NULL, '', '3', '', '', '', '', '', '', '', '', '', '6640.5', '', '', '26', '', 'PROMO EFECTIVO (5%)
', '', '', '', '', '', '', '', '', '', '', '', '', '', '', '', '', '', '', '', '', '', '', '', '', '', '', '', '', '', '', '', '', '', '', '', '', '', '', '', '', '', '', '', '', '', '', '', '', '', '', '', '6640.5', '3', '3', '7', '180', '', '', '', '1', '', '', '0', '14783'),
('14785', '777', '3', '', '', '', '', '1', '', '', '', '2024-08-07', '11:45:14', '2024-08-07', NULL, '', '3', '', '', '', '', '', '', '', '', '', '2990', '', '', '26', '', NULL, '', '', '', '', '', '', '', '', '', '', '', '', '', '', '', '', '', '', '', '', '', '', '', '', '', '', '', '', '', '', '', '', '', '', '', '', '', '', '', '', '', '', '', '', '', '', '', '', '', '', '', '2990', '3', '3', '7', '180', '', '', '', '1', '', '', '0', '14785'),
('16473', '778', '3', '', '', '', '', '1', '', '', '', '2024-08-13', '12:25:00', '2024-08-13', NULL, '', '3', '', '', '', '', '', '', '', '', '', '5980', '', '', '26', '', NULL, '', '', '', '', '', '', '', '', '', '', '', '', '', '', '', '', '', '', '', '', '', '', '', '', '', '', '', '', '', '', '', '', '', '', '', '', '', '', '', '', '', '', '', '', '', '', '', '', '', '', '', '5980', '3', '3', '7', '180', '', '', '', '1', '', '', '0', '16473'),
('16474', '779', '3', '', '', '', '', '1', '', '', '', '2024-08-13', '12:25:11', '2024-08-13', NULL, '', '3', '', '', '', '', '', '', '', '', '', '5980', '', '', '26', '', NULL, '', '', '', '', '', '', '', '', '', '', '', '', '', '', '', '', '', '', '', '', '', '', '', '', '', '', '', '', '', '', '', '', '', '', '', '', '', '', '', '', '', '', '', '', '', '', '', '', '', '', '', '5980', '3', '3', '7', '180', '', '', '', '1', '', '', '0', '16474'),
('16475', '780', '3', '', '', '', '', '1', '', '', '', '2024-08-13', '12:26:54', '2024-08-13', NULL, '', '3', '', '', '', '', '', '', '', '', '', '9280', '', '', '26', '', NULL, '', '', '', '', '', '', '', '', '', '', '', '', '', '', '', '', '', '', '', '', '', '', '', '', '', '', '', '', '', '', '', '', '', '', '', '', '', '', '', '', '', '', '', '', '', '', '', '', '', '', '', '9280', '3', '3', '7', '180', '', '', '', '1', '', '', '0', '16475'),
('16476', '781', '3', '', '', '', '', '1', '', '', '', '2024-08-13', '12:30:56', '2024-08-13', NULL, '', '3', '', '', '', '', '', '', '', '', '', '5980', '', '', '26', '', NULL, '', '', '', '', '', '', '', '', '', '', '', '', '', '', '', '', '', '', '', '', '', '', '', '', '', '', '', '', '', '', '', '', '', '', '', '', '', '', '', '', '', '', '', '', '', '', '', '', '', '', '', '5980', '3', '3', '7', '180', '', '', '', '1', '', '', '0', '16476'),
('16478', '782', '3', '', '', '', '', '1', '', '', '', '2024-08-13', '12:38:46', '2024-08-13', NULL, '', '3', '', '', '', '', '', '', '', '', '', '16270', '', '', '26', '', NULL, '', '', '', '', '', '', '', '', '', '', '', '', '', '', '', '', '', '', '', '', '', '', '', '', '', '', '', '', '', '', '', '', '', '', '', '', '', '', '', '', '', '', '', '', '', '', '', '', '', '', '', '16270', '3', '3', '7', '180', '', '', '', '1', '', '', '0', '16478'),
('16479', '783', '3', '', '', '', '', '1', '', '', '', '2024-08-13', '12:39:03', '2024-08-13', NULL, '', '3', '', '', '', '', '', '', '', '', '', '16270', '', '', '26', '', NULL, '', '', '', '', '', '', '', '', '', '', '', '', '', '', '', '', '', '', '', '', '', '', '', '', '', '', '', '', '', '', '', '', '', '', '', '', '', '', '', '', '', '', '', '', '', '', '', '', '', '', '', '16270', '3', '3', '7', '180', '', '', '', '1', '', '', '0', '16479'),
('16480', '784', '3', '', '', '', '', '1', '', '', '', '2024-08-13', '12:39:12', '2024-08-13', NULL, '', '3', '', '', '', '', '', '', '', '', '', '12260', '', '', '26', '', NULL, '', '', '', '', '', '', '', '', '', '', '', '', '', '', '', '', '', '', '', '', '', '', '', '', '', '', '', '', '', '', '', '', '', '', '', '', '', '', '', '', '', '', '', '', '', '', '', '', '', '', '', '12260', '3', '3', '7', '180', '', '', '', '1', '', '', '0', '16480'),
('16497', '785', '3', '', '', '', '', '1', '', '', '', '2024-08-13', '14:16:37', '2024-08-13', NULL, '', '3', '', '', '', '', '', '', '', '', '', '9270', '', '', '26', '', NULL, '', '', '', '', '', '', '', '', '', '', '', '', '', '', '', '', '', '', '', '', '', '', '', '', '', '', '', '', '', '', '', '', '', '', '', '', '', '', '', '', '', '', '', '', '', '', '', '', '', '', '', '9270', '3', '3', '7', '180', '', '', '', '1', '', '', '0', '16497'),
('16514', '', '3', '6', '96', '111111', '', '1', '', '', '', '2024-08-13', '15:27:51', '2024-08-13', 'C', '49', '3', '', '', '', '', '', '', '', '', '1374.04', '9270', '', '', '26', '', NULL, '', '', '', '', '', '', '', '', '', '', '', '', '', '', '', '1', '', '', '', '', '', '', '', '', '', '', '', '', '', '74339188616169', '2024-08-23', '', '', '', '', '', '', '', '', '', '', '1089.92', '284.12', '0', '5190', '2706', '0', '0', '', '', '', '9300', '1', '3', '7', '180', '', '', 'https://storage.googleapis.com/a2p-v2-storage/2854d46d-1810-441d-a47d-885cc40ef0d6', '1', 'https://www.afip.gob.ar/fe/qr/?p=eyJ2ZXIiOjEsImZlY2hhIjoiMjAyNC0wOC0xMyIsImN1aXQiOiIyMzM1NjExMTY5OSIsInB0b1Z0YSI6IjMiLCJ0aXBvQ21wIjoiNiIsIm5yb0NtcCI6NDksImltcG9ydGUiOjEzNzQuMDQsIm1vbmVkYSI6IlBFUyIsImN0eiI6MSwidGlwb0RvY1JlYyI6Ijk2IiwibnJvRG9jUmVjIjoiMTExMTExIiwidGlwb0NvZEF1dCI6IkUiLCJjb2RBdXQiOiI3NDMzOTE4ODYxNjE2OSJ9', '', '0', '16514'),
('16544', '786', '3', '', '', '', '', '1', '', '', '', '2024-08-13', '17:09:20', '2024-08-13', NULL, '', '3', '', '', '', '', '', '', '', '', '', '11932', '', '', '26', '', 'PROMO EFECTIVO (5%)
', '', '', '', '', '', '', '', '', '', '', '', '', '', '', '', '', '', '', '', '', '', '', '', '', '', '', '', '', '', '', '', '', '', '', '', '', '', '', '', '', '', '', '', '', '', '', '', '', '', '', '', '11932', '3', '3', '7', '180', '', '', '', '1', '', '', '0', '16544'),
('18456', '787', '3', '', '', '', '', '1', '', '', '', '2024-08-20', '11:16:22', '2024-08-20', NULL, '', '3', '', '', '', '', '', '', '', '', '', '2840.5', '', '', '26', '', 'PROMO EFECTIVO (5%)
', '', '', '', '', '', '', '', '', '', '', '', '', '', '', '', '', '', '', '', '', '', '', '', '', '', '', '', '', '', '', '', '', '', '', '', '', '', '', '', '', '', '', '', '', '', '', '', '', '', '', '', '2840.5', '3', '3', '7', '180', '', '', '', '1', '', '', '0', '18456'),
('18477', '788', '3', '', '', '', '', '36', '', '', '', '2024-08-20', '13:15:22', '2024-08-20', NULL, '', '3', '', '', '', '', '', '', '', '', '', '2840.5', '', '', '26', '', 'PROMO EFECTIVO (5%)
', '', '', '', '', '', '', '', '', '', '', '', '', '', '', '', '', '', '', '', '', '', '', '', '', '', '', '', '', '', '', '', '', '', '', '', '', '', '', '', '', '', '', '', '', '', '', '', '', '', '', '', '2840.5', '3', '3', '7', '180', '', '', '', '1', '', '', '0', '18477'),
('18716', '789', '3', '', '', '', '', '1', '', '', '', '2024-08-21', '11:18:40', '2024-08-21', NULL, '', '3', '', '', '', '', '', '', '', '', '', '9270', '', '', '26', '', NULL, '', '', '', '', '', '', '', '', '', '', '', '', '', '', '', '', '', '', '', '', '', '', '', '', '', '', '', '', '', '', '', '', '', '', '', '', '', '', '', '', '', '', '', '', '', '', '', '', '', '', '', '9270', '3', '3', '7', '180', '', '', '', '1', '', '', '0', '18716'),
('18717', '790', '3', '', '', '', '', '1', '', '', '', '2024-08-21', '11:19:36', '2024-08-21', NULL, '', '3', '', '', '', '', '', '', '', '', '', '9270', '', '', '26', '', NULL, '', '', '', '', '', '', '', '', '', '', '', '', '', '', '', '', '', '', '', '', '', '', '', '', '', '', '', '', '', '', '', '', '', '', '', '', '', '', '', '', '', '', '', '', '', '', '', '', '', '', '', '9270', '3', '3', '7', '180', '', '', '', '1', '', '', '0', '18717'),
('18720', '791', '3', '', '', '', '', '1', '', '', '', '2024-08-21', '11:44:28', '2024-08-21', NULL, '', '3', '', '', '', '', '', '', '', '', '', '9270', '', '', '26', '', NULL, '', '', '', '', '', '', '', '', '', '', '', '', '', '', '', '', '', '', '', '', '', '', '', '', '', '', '', '', '', '', '', '', '', '', '', '', '', '', '', '', '', '', '', '', '', '', '', '', '', '', '', '9270', '3', '3', '7', '180', '', '', '', '1', '', '', '0', '18720'),
('18955', '792', '3', '', '', '', '', '1', '', '', '', '2024-08-22', '11:46:42', '2024-08-22', NULL, '', '3', '', '', '', '', '', '', '', '', '', '2990', '', '', '26', '', NULL, '', '', '', '', '', '', '', '', '', '', '', '', '', '', '', '', '', '', '', '', '', '', '', '', '', '', '', '', '', '', '', '', '', '', '', '', '', '', '', '', '', '', '', '', '', '', '', '', '', '', '', '2990', '3', '3', '7', '180', '', '', '', '1', '', '', '0', '18955'),
('18958', '793', '3', '', '', '', '', '59', '', '', '', '2024-08-22', '12:11:46', '2024-08-22', NULL, '', '3', '', '', '', '', '', '', '', '', '', '19260', '', '', '26', '', NULL, '', '', '', '', '', '', '', '', '', '', '', '', '', '', '', '', '', '', '', '', '', '', '', '', '', '', '', '', '', '', '', '', '', '', '', '', '', '', '', '', '', '', '', '', '', '', '', '', '', '', '', '19260', '3', '3', '7', '180', '', '', '', '1', '', '', '0', '18958'),
('18959', '794', '3', '', '', '', '', '59', '', '', '', '2024-08-22', '12:11:57', '2024-08-22', NULL, '', '3', '', '', '', '', '', '', '', '', '', '8980', '', '', '26', '', NULL, '', '', '', '', '', '', '', '', '', '', '', '', '', '', '', '', '', '', '', '', '', '', '', '', '', '', '', '', '', '', '', '', '', '', '', '', '', '', '', '', '', '', '', '', '', '', '', '', '', '', '', '8980', '3', '3', '7', '180', '', '', '', '1', '', '', '0', '18959'),
('18960', '795', '3', '', '', '', '', '1', '', '', '', '2024-08-22', '12:12:11', '2024-08-22', NULL, '', '3', '', '', '', '', '', '', '', '', '', '2990', '', '', '26', '', NULL, '', '', '', '', '', '', '', '', '', '', '', '', '', '', '', '', '', '', '', '', '', '', '', '', '', '', '', '', '', '', '', '', '', '', '', '', '', '', '', '', '', '', '', '', '', '', '', '', '', '', '', '2990', '3', '3', '7', '180', '', '', '', '1', '', '', '0', '18960'),
('18961', '796', '3', '', '', '', '', '1', '', '', '', '2024-08-22', '12:12:16', '2024-08-22', NULL, '', '3', '', '', '', '', '', '', '', '', '', '10280', '', '', '26', '', NULL, '', '', '', '', '', '', '', '', '', '', '', '', '', '', '', '', '', '', '', '', '', '', '', '', '', '', '', '', '', '', '', '', '', '', '', '', '', '', '', '', '', '', '', '', '', '', '', '', '', '', '', '10280', '3', '3', '7', '180', '', '', '', '1', '', '', '0', '18961'),
('18962', '797', '3', '', '', '', '', '1', '', '', '', '2024-08-22', '12:13:11', '2024-08-22', NULL, '', '3', '', '', '', '', '', '', '', '', '', '8980', '', '', '26', '', NULL, '', '', '', '', '', '', '', '', '', '', '', '', '', '', '', '', '', '', '', '', '', '', '', '', '', '', '', '', '', '', '', '', '', '', '', '', '', '', '', '', '', '', '', '', '', '', '', '', '', '', '', '8980', '3', '3', '7', '180', '', '', '', '1', '', '', '0', '18962'),
('19340', '', '3', '6', '96', '111111', '', '1', '', '', '', '2024-08-23', '20:28:09', '2024-08-23', 'C', '52', '3', '', '', '', '', '', '', '', '', '284.12', '2990', '', '', '26', '', NULL, '', '', '', '', '', '', '', '', '', '', '', '', '', '', '', '1', '', '', '', '', '', '', '', '', '', '', '', '', '', '74349190273852', '2024-09-02', '', '', '', '', '', '', '', '', '', '', '0', '284.12', '0', '0', '2706', '0', '0', '', '', '', '3000', '1', '3', '7', '180', '', '', 'https://storage.googleapis.com/a2p-v2-storage/ffd51001-f606-4d94-90fa-a8c1ad818e0d', '1', 'https://www.afip.gob.ar/fe/qr/?p=eyJ2ZXIiOjEsImZlY2hhIjoiMjAyNC0wOC0yMyIsImN1aXQiOiIyMzM1NjExMTY5OSIsInB0b1Z0YSI6IjMiLCJ0aXBvQ21wIjoiNiIsIm5yb0NtcCI6NTIsImltcG9ydGUiOjI4NC4xMiwibW9uZWRhIjoiUEVTIiwiY3R6IjoxLCJ0aXBvRG9jUmVjIjoiOTYiLCJucm9Eb2NSZWMiOiIxMTExMTEiLCJ0aXBvQ29kQXV0IjoiRSIsImNvZEF1dCI6Ijc0MzQ5MTkwMjczODUyIn0=', '', '0', '19340'),
('19565', '', '3', '6', '96', '111111', '', '1', '', '', '', '2024-08-24', '15:32:48', '2024-08-24', 'C', '53', '3', '', '', '', '', '', '', '', '', '1374.04', '9270', '', '', '26', '', NULL, '', '', '', '', '', '', '', '', '', '', '', '', '', '', '', '1', '', '', '', '', '', '', '', '', '', '', '', '', '', '74349190292420', '2024-09-03', '', '', '', '', '', '', '', '', '', '', '1089.92', '284.12', '0', '5190', '2706', '0', '0', '', '', '', '10000', '1', '3', '7', '180', '2024-08-27 00:00:00.000000', NULL, 'https://storage.googleapis.com/a2p-v2-storage/8bd4587b-1beb-4b4b-ae64-322605349de3', '1', 'https://www.afip.gob.ar/fe/qr/?p=eyJ2ZXIiOjEsImZlY2hhIjoiMjAyNC0wOC0yNCIsImN1aXQiOiIyMzM1NjExMTY5OSIsInB0b1Z0YSI6IjMiLCJ0aXBvQ21wIjoiNiIsIm5yb0NtcCI6NTMsImltcG9ydGUiOjEzNzQuMDQsIm1vbmVkYSI6IlBFUyIsImN0eiI6MSwidGlwb0RvY1JlYyI6Ijk2IiwibnJvRG9jUmVjIjoiMTExMTExIiwidGlwb0NvZEF1dCI6IkUiLCJjb2RBdXQiOiI3NDM0OTE5MDI5MjQyMCJ9', '', '0', '19565'),
('20274', '', '3', '8', '96', '111111', '', '1', '', '', '', '2024-08-27', '09:58:17', '2024-08-27', 'C', '4', '3', '', '', '', '', '', '', '', '', '', '9270', '', '', '26', '', NULL, '53', '', '', '', '', '', '', '', '', '', '', '', '', '', '', '1', '', '', '', '', '', '', '', '', '', '', '', '', '', '74359191197142', '2024-09-06', '', '', '', '', '', '', '', '', '', '', '1089.92', '284.12', '0', '5190', '2706', '0', '', '', '', '', '10000', '4', '3', '7', '180', '', '', 'https://storage.googleapis.com/a2p-v2-storage/832ac387-9f57-405e-a088-b0cb6524641a', '1', 'https://www.afip.gob.ar/fe/qr/?p=eyJ2ZXIiOjEsImZlY2hhIjoiMjAyNC0wOC0yNyIsImN1aXQiOjIzMzU2MTExNjk5LCJwdG9WdGEiOjMsInRpcG9DbXAiOjgsIm5yb0NtcCI6NCwiaW1wb3J0ZSI6MTA5MDIuNzUsIm1vbmVkYSI6IlBFUyIsImN0eiI6MSwidGlwb0RvY1JlYyI6OTYsIm5yb0RvY1JlYyI6MTExMTExLCJ0aXBvQ29kQXV0IjoiRSIsImNvZEF1dCI6Ijc0MzU5MTkxMTk3MTQyIn0=', '19565', '0', '20274'),
('20277', '798', '3', '', '', '', '', '35', '', '', '', '2024-08-27', '10:04:29', '2024-08-27', NULL, '', '3', '', '', '', '', '', '', '', '', '', '5980', '', '', '26', '', NULL, '', '', '', '', '', '', '', '', '', '', '', '', '', '', '', '', '', '', '', '', '', '', '', '', '', '', '', '', '', '', '', '', '', '', '', '', '', '', '', '', '', '', '', '', '', '', '', '', '', '', '', '5980', '3', '3', '7', '180', '', '', '', '1', '', '', '0', '20277'),
('20278', '799', '3', '', '', '', '', '35', '', '', '', '2024-08-27', '10:05:07', '2024-08-27', NULL, '', '3', '', '', '', '', '', '', '', '', '', '6280', '', '', '26', '', NULL, '', '', '', '', '', '', '', '', '', '', '', '', '', '', '', '', '', '', '', '', '', '', '', '', '', '', '', '', '', '', '', '', '', '', '', '', '', '', '', '', '', '', '', '', '', '', '', '', '', '', '', '6280', '3', '3', '7', '180', '', '', '', '1', '', '', '0', '20278'),
('20279', '800', '3', '', '', '', '', '36', '', '', '', '2024-08-27', '10:38:33', '2024-08-27', NULL, '', '3', '', '', '', '', '', '', '', '', '', '6280', '', '', '26', '', NULL, '', '', '', '', '', '', '', '', '', '', '', '', '', '', '', '', '', '', '', '', '', '', '', '', '', '', '', '', '', '', '', '', '', '', '', '', '', '', '', '', '', '', '', '', '', '', '', '', '', '', '', '6280', '3', '3', '7', '180', '', '', '', '1', '', '', '0', '20279'),
('20280', '801', '3', '', '', '', '', '36', '', '', '', '2024-08-27', '10:38:47', '2024-08-27', NULL, '', '3', '', '', '', '', '', '', '', '', '', '5980', '', '', '26', '', NULL, '', '', '', '', '', '', '', '', '', '', '', '', '', '', '', '', '', '', '', '', '', '', '', '', '', '', '', '', '', '', '', '', '', '', '', '', '', '', '', '', '', '', '', '', '', '', '', '', '', '', '', '5980', '3', '3', '7', '180', '', '', '', '1', '', '', '0', '20280'),
('20281', '802', '3', '', '', '', '', '36', '', '', '', '2024-08-27', '10:40:19', '2024-08-27', NULL, '', '3', '', '', '', '', '', '', '', '', '', '9280', '', '', '26', '', NULL, '', '', '', '', '', '', '', '', '', '', '', '', '', '', '', '', '', '', '', '', '', '', '', '', '', '', '', '', '', '', '', '', '', '', '', '', '', '', '', '', '', '', '', '', '', '', '', '', '', '', '', '9280', '3', '3', '7', '180', '', '', '', '1', '', '', '0', '20281'),
('20282', '803', '3', '', '', '', '', '1', '', '', '', '2024-08-27', '10:40:29', '2024-08-27', NULL, '', '3', '', '', '', '', '', '', '', '', '', '5980', '', '', '26', '', NULL, '', '', '', '', '', '', '', '', '', '', '', '', '', '', '', '', '', '', '', '', '', '', '', '', '', '', '', '', '', '', '', '', '', '', '', '', '', '', '', '', '', '', '', '', '', '', '', '', '', '', '', '5980', '3', '3', '7', '180', '', '', '', '1', '', '', '0', '20282');
INSERT INTO funciones (`id`, `nombre`, `descripcion`, `empresa_id`, `id_remoto`) VALUES
('52', 'productos', 'Productos', '3', '52'),
('53', 'comprobantes', 'Comprobantes', '3', '53'),
('54', 'clientes', 'Clientes', '3', '54'),
('55', 'agrupaciones', 'Agrupaciones', '3', '55'),
('56', 'categorias', 'Categorias', '3', '56'),
('57', 'categoria_iibb', 'Categoria IIBB', '3', '57'),
('58', 'cierre_cajas', 'Cierres Cajas', '3', '58'),
('59', 'condiciones_venta', 'Condiciones Venta', '3', '59'),
('60', 'configuraciones', 'Configuraciones', '3', '60'),
('61', 'familias', 'Familias', '3', '61'),
('62', 'formas_pago', 'Formas de pago', '3', '62'),
('63', 'ganancias_clientes', 'Ganancias de clientes', '3', '63'),
('64', 'ganancias_prooveedor', 'Ganancias prooveedor', '3', '64'),
('65', 'listas_pecios', 'Listas de pecios', '3', '65'),
('66', 'localidades', 'Localidades', '3', '66'),
('67', 'marcas', 'Marcas', '3', '67'),
('68', 'monedas', 'Monedas', '3', '68'),
('69', 'operacion_negocio', 'Operacion Negocio', '3', '69'),
('70', 'pais', 'Pais', '3', '70'),
('71', 'presupuestos', 'presupuestos', '3', '71'),
('72', 'productos_stock', 'Productos Stock', '3', '72'),
('73', 'promociones', 'Promociones', '3', '73'),
('74', 'proveedores', 'proveedores', '3', '74'),
('75', 'proveedores', 'Proveedores', '3', '75'),
('76', 'provincia_categoria_iibb', 'Provincia Categoria IIBB', '3', '76'),
('77', 'provincia_iva_proveedor', 'Provincia IVA proveedor', '3', '77'),
('78', 'provincias', 'provincias', '3', '78'),
('79', 'remitos', 'remitos', '3', '79'),
('80', 'roles', 'Roles', '3', '80'),
('81', 'subcategoria', 'Sub Categoria', '3', '81'),
('82', 'subfamilias', 'Sub Familias', '3', '82'),
('83', 'sucursales', 'Sucursales', '3', '83'),
('84', 'tipo', 'Tipo', '3', '84'),
('85', 'tipo_comprobante', 'Tipo Comprobante', '3', '85'),
('86', 'tipo_documento', 'Tipo Documento', '3', '86'),
('87', 'tipo_iva', 'Tipo de IVA', '3', '87'),
('88', 'tipos_cajas', 'Tipos Cajas', '3', '88'),
('89', 'ubicacion', 'Ubicacion', '3', '89'),
('90', 'unidad', 'Unidad', '3', '90'),
('91', 'usuarios', 'Usuarios', '3', '91'),
('92', 'vendedores', 'Vendedores', '3', '92'),
('93', 'stock', 'Stock', '3', '93'),
('94', 'gastos', 'Gastos', '3', '94'),
('95', 'compras', 'Compras', '3', '95');
INSERT INTO funciones_roles (`rol_id`, `funcion_id`, `permite_crear`, `permite_ver`, `permite_modificar`, `permite_eliminar`, `permite_imprimir`, `permite_listar`, `empresa_id`) VALUES
('5', '52', '1', '1', '1', '1', '1', '1', '3'),
('5', '53', '1', '1', '1', '1', '1', '1', '3'),
('5', '54', '1', '1', '1', '1', '1', '1', '3'),
('5', '55', '1', '1', '1', '1', '1', '1', '3'),
('5', '56', '1', '1', '1', '1', '1', '1', '3'),
('5', '57', '1', '1', '1', '1', '1', '1', '3'),
('5', '58', '1', '1', '1', '1', '1', '1', '3'),
('5', '59', '1', '1', '1', '1', '1', '1', '3'),
('5', '60', '1', '1', '1', '1', '1', '1', '3'),
('5', '61', '1', '1', '1', '1', '1', '1', '3'),
('5', '62', '1', '1', '1', '1', '1', '1', '3'),
('5', '63', '1', '1', '1', '1', '1', '1', '3'),
('5', '64', '1', '1', '1', '1', '1', '1', '3'),
('5', '65', '1', '1', '1', '1', '1', '1', '3'),
('5', '66', '1', '1', '1', '1', '1', '1', '3'),
('5', '67', '1', '1', '1', '1', '1', '1', '3'),
('5', '68', '1', '1', '1', '1', '1', '1', '3'),
('5', '69', '1', '1', '1', '1', '1', '1', '3'),
('5', '70', '1', '1', '1', '1', '1', '1', '3'),
('5', '71', '1', '1', '1', '1', '1', '1', '3'),
('5', '72', '1', '1', '1', '1', '1', '1', '3'),
('5', '73', '1', '1', '1', '1', '1', '1', '3'),
('5', '74', '1', '1', '1', '1', '1', '1', '3'),
('5', '75', '1', '1', '1', '1', '1', '1', '3'),
('5', '76', '1', '1', '1', '1', '1', '1', '3'),
('5', '77', '1', '1', '1', '1', '1', '1', '3'),
('5', '78', '1', '1', '1', '1', '1', '1', '3'),
('5', '79', '1', '1', '1', '1', '1', '1', '3'),
('5', '80', '1', '1', '1', '1', '1', '1', '3'),
('5', '81', '1', '1', '1', '1', '1', '1', '3'),
('5', '82', '1', '1', '1', '1', '1', '1', '3'),
('5', '83', '1', '1', '1', '1', '1', '1', '3'),
('5', '84', '1', '1', '1', '1', '1', '1', '3'),
('5', '85', '1', '1', '1', '1', '1', '1', '3'),
('5', '86', '1', '1', '1', '1', '1', '1', '3'),
('5', '87', '1', '1', '1', '1', '1', '1', '3'),
('5', '88', '1', '1', '1', '1', '1', '1', '3'),
('5', '89', '1', '1', '1', '1', '1', '1', '3'),
('5', '90', '1', '1', '1', '1', '1', '1', '3'),
('5', '91', '1', '1', '1', '1', '1', '1', '3'),
('5', '92', '1', '1', '1', '1', '1', '1', '3'),
('5', '93', '1', '1', '1', '1', '1', '1', '3'),
('5', '94', '1', '1', '1', '1', '1', '1', '3'),
('5', '95', '1', '1', '1', '1', '1', '1', '3'),
('6', '52', '0', '0', '0', '0', '0', '1', '3'),
('6', '53', '1', '1', '0', '0', '0', '1', '3'),
('6', '54', '0', '1', '0', '0', '0', '1', '3'),
('6', '55', '0', '0', '0', '0', '0', '0', '3'),
('6', '56', '0', '0', '0', '0', '0', '0', '3'),
('6', '57', '0', '0', '0', '0', '0', '0', '3'),
('6', '58', '1', '0', '0', '0', '0', '1', '3'),
('6', '59', '0', '0', '0', '0', '0', '0', '3'),
('6', '60', '0', '0', '0', '0', '0', '0', '3'),
('6', '61', '0', '0', '0', '0', '0', '0', '3'),
('6', '62', '0', '0', '0', '0', '0', '0', '3'),
('6', '63', '0', '0', '0', '0', '0', '0', '3'),
('6', '64', '0', '0', '0', '0', '0', '0', '3'),
('6', '65', '0', '1', '0', '0', '0', '0', '3'),
('6', '66', '0', '0', '0', '0', '0', '0', '3'),
('6', '67', '0', '0', '0', '0', '0', '0', '3'),
('6', '68', '0', '0', '0', '0', '0', '0', '3'),
('6', '69', '0', '0', '0', '0', '0', '0', '3'),
('6', '70', '0', '0', '0', '0', '0', '0', '3'),
('6', '71', '0', '0', '0', '0', '0', '0', '3'),
('6', '72', '0', '0', '0', '0', '0', '0', '3'),
('6', '73', '0', '0', '0', '0', '0', '1', '3'),
('6', '74', '0', '0', '0', '0', '0', '0', '3'),
('6', '75', '0', '0', '0', '0', '0', '0', '3'),
('6', '76', '0', '0', '0', '0', '0', '0', '3'),
('6', '77', '0', '0', '0', '0', '0', '0', '3'),
('6', '78', '0', '0', '0', '0', '0', '0', '3'),
('6', '79', '0', '0', '0', '0', '0', '0', '3'),
('6', '80', '0', '0', '0', '0', '0', '0', '3'),
('6', '81', '0', '0', '0', '0', '0', '0', '3'),
('6', '82', '0', '0', '0', '0', '0', '0', '3'),
('6', '83', '0', '0', '0', '0', '0', '0', '3'),
('6', '84', '0', '0', '0', '0', '0', '0', '3'),
('6', '85', '0', '0', '0', '0', '0', '0', '3'),
('6', '86', '0', '0', '0', '0', '0', '0', '3'),
('6', '87', '0', '0', '0', '0', '0', '0', '3'),
('6', '88', '0', '0', '0', '0', '0', '0', '3'),
('6', '89', '0', '0', '0', '0', '0', '0', '3'),
('6', '90', '0', '0', '0', '0', '0', '0', '3'),
('6', '91', '0', '0', '0', '0', '0', '0', '3'),
('6', '92', '0', '0', '0', '0', '0', '1', '3'),
('6', '93', '0', '0', '0', '0', '0', '0', '3'),
('6', '94', '1', '0', '0', '0', '0', '0', '3'),
('6', '95', '0', '0', '0', '0', '0', '0', '3'),
('7', '52', '0', '0', '0', '0', '0', '0', '3'),
('7', '53', '0', '0', '0', '0', '0', '0', '3'),
('7', '54', '0', '0', '0', '0', '0', '0', '3'),
('7', '55', '0', '0', '0', '0', '0', '0', '3'),
('7', '56', '0', '0', '0', '0', '0', '0', '3'),
('7', '57', '0', '0', '0', '0', '0', '0', '3'),
('7', '58', '0', '0', '0', '0', '0', '0', '3'),
('7', '59', '0', '0', '0', '0', '0', '0', '3'),
('7', '60', '0', '0', '0', '0', '0', '0', '3'),
('7', '61', '0', '0', '0', '0', '0', '0', '3'),
('7', '62', '0', '0', '0', '0', '0', '0', '3'),
('7', '63', '0', '0', '0', '0', '0', '0', '3'),
('7', '64', '0', '0', '0', '0', '0', '0', '3'),
('7', '65', '0', '0', '0', '0', '0', '0', '3'),
('7', '66', '0', '0', '0', '0', '0', '0', '3'),
('7', '67', '0', '0', '0', '0', '0', '0', '3'),
('7', '68', '0', '0', '0', '0', '0', '0', '3'),
('7', '69', '0', '0', '0', '0', '0', '0', '3'),
('7', '70', '0', '0', '0', '0', '0', '0', '3'),
('7', '71', '0', '0', '0', '0', '0', '0', '3'),
('7', '72', '0', '0', '0', '0', '0', '0', '3'),
('7', '73', '0', '0', '0', '0', '0', '0', '3'),
('7', '74', '0', '0', '0', '0', '0', '0', '3'),
('7', '75', '0', '0', '0', '0', '0', '0', '3'),
('7', '76', '0', '0', '0', '0', '0', '0', '3'),
('7', '77', '0', '0', '0', '0', '0', '0', '3'),
('7', '78', '0', '0', '0', '0', '0', '0', '3'),
('7', '79', '0', '0', '0', '0', '0', '0', '3'),
('7', '80', '0', '0', '0', '0', '0', '0', '3'),
('7', '81', '0', '0', '0', '0', '0', '0', '3'),
('7', '82', '0', '0', '0', '0', '0', '0', '3'),
('7', '83', '0', '0', '0', '0', '0', '0', '3'),
('7', '84', '0', '0', '0', '0', '0', '0', '3'),
('7', '85', '0', '0', '0', '0', '0', '0', '3'),
('7', '86', '0', '0', '0', '0', '0', '0', '3'),
('7', '87', '0', '0', '0', '0', '0', '0', '3'),
('7', '88', '0', '0', '0', '0', '0', '0', '3'),
('7', '89', '0', '0', '0', '0', '0', '0', '3'),
('7', '90', '0', '0', '0', '0', '0', '0', '3'),
('7', '91', '0', '0', '0', '0', '0', '0', '3'),
('7', '92', '0', '0', '0', '0', '0', '0', '3'),
('7', '93', '0', '0', '0', '0', '0', '0', '3'),
('7', '94', '0', '0', '0', '0', '0', '0', '3'),
('7', '95', '0', '0', '0', '0', '0', '0', '3'),
('8', '52', '0', '0', '0', '0', '0', '0', '3'),
('8', '53', '0', '0', '0', '0', '0', '0', '3'),
('8', '54', '0', '0', '0', '0', '0', '0', '3'),
('8', '55', '0', '0', '0', '0', '0', '0', '3'),
('8', '56', '0', '0', '0', '0', '0', '0', '3'),
('8', '57', '0', '0', '0', '0', '0', '0', '3'),
('8', '58', '0', '0', '0', '0', '0', '0', '3'),
('8', '59', '0', '0', '0', '0', '0', '0', '3'),
('8', '60', '0', '0', '0', '0', '0', '0', '3'),
('8', '61', '0', '0', '0', '0', '0', '0', '3'),
('8', '62', '0', '0', '0', '0', '0', '0', '3'),
('8', '63', '0', '0', '0', '0', '0', '0', '3'),
('8', '64', '0', '0', '0', '0', '0', '0', '3'),
('8', '65', '0', '0', '0', '0', '0', '0', '3'),
('8', '66', '0', '0', '0', '0', '0', '0', '3'),
('8', '67', '0', '0', '0', '0', '0', '0', '3'),
('8', '68', '0', '0', '0', '0', '0', '0', '3'),
('8', '69', '0', '0', '0', '0', '0', '0', '3'),
('8', '70', '0', '0', '0', '0', '0', '0', '3'),
('8', '71', '0', '0', '0', '0', '0', '0', '3'),
('8', '72', '0', '0', '0', '0', '0', '0', '3'),
('8', '73', '0', '0', '0', '0', '0', '0', '3'),
('8', '74', '0', '0', '0', '0', '0', '0', '3'),
('8', '75', '0', '0', '0', '0', '0', '0', '3'),
('8', '76', '0', '0', '0', '0', '0', '0', '3'),
('8', '77', '0', '0', '0', '0', '0', '0', '3'),
('8', '78', '0', '0', '0', '0', '0', '0', '3'),
('8', '79', '0', '0', '0', '0', '0', '0', '3'),
('8', '80', '0', '0', '0', '0', '0', '0', '3'),
('8', '81', '0', '0', '0', '0', '0', '0', '3'),
('8', '82', '0', '0', '0', '0', '0', '0', '3'),
('8', '83', '0', '0', '0', '0', '0', '0', '3'),
('8', '84', '0', '0', '0', '0', '0', '0', '3'),
('8', '85', '0', '0', '0', '0', '0', '0', '3'),
('8', '86', '0', '0', '0', '0', '0', '0', '3'),
('8', '87', '0', '0', '0', '0', '0', '0', '3'),
('8', '88', '0', '0', '0', '0', '0', '0', '3'),
('8', '89', '0', '0', '0', '0', '0', '0', '3'),
('8', '90', '0', '0', '0', '0', '0', '0', '3'),
('8', '91', '0', '0', '0', '0', '0', '0', '3'),
('8', '92', '0', '0', '0', '0', '0', '0', '3'),
('8', '93', '0', '0', '0', '0', '0', '0', '3'),
('8', '94', '0', '0', '0', '0', '0', '0', '3'),
('8', '95', '0', '0', '0', '0', '0', '0', '3');
INSERT INTO gastos (`id`, `descripcion`, `monto`, `fecha`, `usuario_id`, `empresa_id`, `cierre_caja_id`, `id_remoto`) VALUES
('9', 'Prueba', '5000', '2024-06-09 20:02:36.871566', '7', '3', '19', '9');
INSERT INTO movimientos_stock (`id`, `sucursal_id`, `producto_id`, `cantidad`, `empresa_id`, `usuario_id`, `observaciones`, `fecha`, `id_remoto`) VALUES
('1', '1', '646', '-1', '3', '7', '', '2024-04-29 21:00:49.025455', '1'),
('2', '1', '646', '-1', '3', '7', '', '2024-04-29 21:00:49.097644', '2'),
('3', '1', '646', '-1', '3', '7', '', '2024-04-29 21:00:49.152259', '3'),
('4', '1', '646', '1', '3', '7', '', '2024-04-29 21:14:43.413878', '4'),
('5', '1', '646', '1', '3', '7', '', '2024-04-29 21:14:43.428390', '5'),
('6', '1', '646', '1', '3', '7', '', '2024-04-29 21:14:43.442180', '6'),
('7', '1', '646', '-1', '3', '7', 'Venta de productos', '2024-04-29 21:19:52.736429', '7'),
('8', '1', '646', '-1', '3', '7', 'Venta de productos', '2024-04-29 21:19:52.753628', '8'),
('9', '1', '646', '-1', '3', '7', 'Venta de productos', '2024-04-29 21:19:52.778630', '9'),
('10', '1', '646', '-1', '3', '7', 'Venta de productos', '2024-04-29 21:19:52.797451', '10'),
('11', '1', '646', '-1', '3', '7', 'Venta de productos', '2024-04-29 21:19:52.832740', '11'),
('12', '1', '646', '-1', '3', '7', 'Venta de productos', '2024-04-29 21:31:06.639980', '12'),
('13', '1', '646', '-1', '3', '7', 'Venta de productos', '2024-04-29 21:31:06.702095', '13'),
('14', '1', '646', '-1', '3', '7', 'Venta de productos', '2024-04-29 21:31:06.723934', '14'),
('15', '1', '646', '1', '3', '7', 'Anulación de factura 84 motivo: ', '2024-04-29 22:10:25.260003', '15'),
('16', '1', '646', '1', '3', '7', 'Anulación de factura 84 motivo: ', '2024-04-29 22:10:25.290993', '16'),
('17', '1', '646', '1', '3', '7', 'Anulación de factura 84 motivo: ', '2024-04-29 22:10:25.303789', '17'),
('18', '1', '647', '-1', '3', '7', 'Venta de productos', '2024-04-29 22:24:50.080967', '18'),
('19', '1', '647', '-1', '3', '7', 'Venta de productos', '2024-04-29 22:24:50.113888', '19'),
('20', '1', '647', '-1', '3', '7', 'Venta de productos', '2024-04-29 22:24:50.140144', '20'),
('21', '1', '647', '-1', '3', '7', 'Venta de productos', '2024-04-29 22:24:50.167553', '21'),
('22', '1', '647', '-1', '3', '7', 'Venta de productos', '2024-04-29 22:29:34.265840', '22'),
('23', '1', '647', '-1', '3', '7', 'Venta de productos', '2024-04-29 22:29:34.312125', '23'),
('24', '1', '647', '-1', '3', '7', 'Venta de productos', '2024-04-29 22:29:34.382048', '24'),
('25', '1', '647', '-1', '3', '7', 'Venta de productos', '2024-04-29 22:29:34.438959', '25'),
('26', '1', '647', '-1', '3', '7', 'Venta de productos', '2024-04-29 22:29:34.489281', '26'),
('27', '1', '647', '-1', '3', '7', 'Venta de productos', '2024-04-29 22:29:34.523171', '27'),
('28', '1', '647', '1', '3', '7', 'Anulación de factura 88 motivo: Bifes', '2024-04-29 22:31:09.769783', '28'),
('29', '1', '647', '1', '3', '7', 'Anulación de factura 88 motivo: Bifes', '2024-04-29 22:31:09.783723', '29'),
('30', '1', '647', '1', '3', '7', 'Anulación de factura 88 motivo: Bifes', '2024-04-29 22:31:09.793789', '30'),
('31', '1', '647', '1', '3', '7', 'Anulación de factura 88 motivo: Bifes', '2024-04-29 22:31:09.802504', '31'),
('32', '1', '647', '1', '3', '7', 'Anulación de factura 88 motivo: Bifes', '2024-04-29 22:31:09.819775', '32'),
('33', '1', '647', '1', '3', '7', 'Anulación de factura 88 motivo: Bifes', '2024-04-29 22:31:09.829834', '33'),
('34', '1', '646', '-1', '3', '7', 'Venta de productos', '2024-04-30 11:12:48.447813', '34'),
('35', '1', '647', '-1', '3', '7', 'Venta de productos', '2024-04-30 11:12:48.618939', '35'),
('36', '1', '646', '-1', '3', '7', 'Venta de productos', '2024-04-30 11:12:49.051929', '36'),
('37', '1', '645', '-20', '3', '7', 'Venta de productos', '2024-04-30 11:39:43.370711', '37'),
('38', '1', '645', '20', '3', '7', 'Anulación de factura 93 motivo: anulacion', '2024-04-30 11:40:37.827177', '38');
INSERT INTO productos_stock (`id`, `codigo`, `stock_inicial`, `controla_stock`, `punto_pedido`, `largo`, `alto`, `ancho`, `peso`, `unidad_id`, `ubicacion_id`, `proveedores_id`, `producto_id`, `empresa_id`, `stock_actual`, `sucursal_id`, `id_remoto`) VALUES
('37', '', '', '', '', '', '', '', '', '', '', '', '655', '3', '13', '1', '37'),
('41', '', '', '', '', '', '', '', '', '', '', '', '645', '3', '170', '1', '41'),
('45', '', '', '', '', '', '', '', '', '', '', '', '754', '3', '8', '1', '45'),
('49', '', '', '', '', '', '', '', '', '', '', '', '656', '3', '11', '1', '49'),
('52', '', '', '', '', '', '', '', '', '', '', '', '646', '3', '-25', '1', '52'),
('53', '', '', '', '', '', '', '', '', '', '', '', '647', '3', '-69', '1', '53'),
('54', '', '', '', '', '', '', '', '', '', '', '', '648', '3', '50', '1', '54'),
('55', '', '', '', '', '', '', '', '', '', '', '', '649', '3', '19', '1', '55'),
('56', '', '', '', '', '', '', '', '', '', '', '', '650', '3', '10', '1', '56'),
('57', '', '', '', '', '', '', '', '', '', '', '', '651', '3', '54', '1', '57'),
('108', '', '', '', '', '', '', '', '', '', '', '', '657', '3', '-42', '1', '108'),
('109', '', '', '', '', '', '', '', '', '', '', '', '664', '3', '-10', '1', '109'),
('129', '', '', '', '', '', '', '', '', '', '', '', '679', '3', '-57', '1', '129'),
('154', '', '', '', '', '', '', '', '', '', '', '', '669', '3', '10', '1', '154'),
('157', '', '', '', '', '', '', '', '', '', '', '', '674', '3', '10', '1', '157'),
('159', '', '', '', '', '', '', '', '', '', '', '', '675', '3', '10', '1', '159'),
('160', '', '', '', '', '', '', '', '', '', '', '', '676', '3', '10', '1', '160'),
('162', '', '', '', '', '', '', '', '', '', '', '', '677', '3', '10', '1', '162'),
('163', '', '', '', '', '', '', '', '', '', '', '', '678', '3', '10', '1', '163'),
('164', '', '', '', '', '', '', '', '', '', '', '', '680', '3', '10', '1', '164'),
('186', '', '', '', '', '', '', '', '', '', '', '', '741', '3', '-21', '1', '186'),
('203', '', '', '', '', '', '', '', '', '', '', '', '742', '3', '-12', '1', '203'),
('209', '', '', '', '', '', '', '', '', '', '', '', '700', '3', '-1', '1', '209'),
('241', '', '', '', '', '', '', '', '', '', '', '', '744', '3', '-8', '1', '241'),
('248', '', '', '', '', '', '', '', '', '', '', '', '646', '3', '-3', '2', '248'),
('249', '', '', '', '', '', '', '', '', '', '', '', '657', '3', '-4', '2', '249'),
('250', '', '', '', '', '', '', '', '', '', '', '', '742', '3', '-4', '2', '250'),
('251', '', '', '', '', '', '', '', '', '', '', '', '647', '3', '-4', '2', '251'),
('253', '', '', '', '', '', '', '', '', '', '', '', '744', '3', '-1', '2', '253'),
('255', '', '', '', '', '', '', '', '', '', '', '', '741', '3', '-3', '2', '255'),
('256', '', '', '', '', '', '', '', '', '', '', '', '679', '3', '-4', '2', '256'),
('260', '', '', '', '', '', '', '', '', '', '', '', '664', '3', '-3', '2', '260'),
('406', '', '', '', '', '', '', '', '', '', '', '', '695', '3', '-4', '1', '406'),
('1464', '', '', '', '', '', '', '', '', '', '', '', '13248', '3', '-12002', '1', '1464'),
('1496', '', '', '', '', '', '', '', '', '', '', '', '652', '3', '-42', '1', '1496'),
('4659', '', '', '', '', '', '', '', '', '', '', '', '759', '3', '-1', '1', '4659'),
('4696', '', '', '', '', '', '', '', '', '', '', '', '36310', '3', '47', '1', '4696'),
('5322', '', '', '', '', '', '', '', '', '', '', '', '653', '3', '-12', '1', '5322');
INSERT INTO promociones (`id`, `nombre`, `descripcion`, `porcentaje`, `empresa_id`, `id_remoto`) VALUES
('3', 'PROMO EFECTIVO', '', '5', '3', '3');
INSERT INTO renglones_comprobantes (`id`, `comprobante_id`, `producto_id`, `descripcion`, `cantidad`, `tasa_iva`, `precio_unitario`, `descuento`, `total_linea`, `id_remoto`) VALUES
('1188', '520', '646', 'Pecho de cerdo', '1', '0.21', '2990', '0', '2990', '1188'),
('1189', '520', '647', 'Bife', '1', '0.105', '2990', '0', '2990', '1189'),
('1190', '520', '657', 'Cuadrada', '1', '0.21', '3290', '0', '3290', '1190'),
('1191', '520', '664', 'Nalga', '1', '0.21', '3290', '0', '3290', '1191'),
('1192', '521', '647', 'Bife', '2', '0.105', '2990', '0', '5980', '1192'),
('1193', '521', '741', 'Milanesa de cerdo x 2 kg', '1', '0.21', '6990', '0', '6990', '1193'),
('1194', '522', '679', 'Pata y musl x3kg ', '1', '0.21', '5990', '0', '5990', '1194'),
('1195', '522', '741', 'Milanesa de cerdo x 2 kg', '1', '0.21', '6990', '0', '6990', '1195'),
('1196', '522', '742', 'Milanesa de pollo x1 kg', '1', '0.21', '5590', '0', '5590', '1196'),
('1197', '523', '664', 'Nalga', '1', '0.21', '3290', '0', '3290', '1197'),
('1198', '523', '664', 'Nalga', '1', '0.21', '3290', '0', '3290', '1198'),
('1199', '523', '664', 'Nalga', '1', '0.21', '3290', '0', '3290', '1199'),
('1200', '523', '664', 'Nalga', '1', '0.21', '3290', '0', '3290', '1200'),
('1201', '523', '664', 'Nalga', '1', '0.21', '3290', '0', '3290', '1201'),
('1202', '524', '646', 'Pecho de cerdo', '1', NULL, '2990', '0', '2990', '1202'),
('1203', '524', '647', 'Bife', '1', NULL, '2990', '0', '2990', '1203'),
('1204', '526', '647', 'Bife', '1', '0.105', '2990', '0', '2990', '1204'),
('1205', '526', '647', 'Bife', '1', '0.105', '2990', '0', '2990', '1205'),
('1206', '526', '657', 'Cuadrada', '1', '0.21', '3290', '0', '3290', '1206'),
('1207', '526', '664', 'Nalga', '1', '0.21', '3290', '0', '3290', '1207'),
('1208', '527', '647', 'Bife', '1', NULL, '2990', '0', '2990', '1208'),
('1209', '527', '657', 'Cuadrada', '1', NULL, '3290', '0', '3290', '1209'),
('1210', '527', '657', 'Cuadrada', '1', NULL, '3290', '0', '3290', '1210'),
('1211', '528', '647', 'Bife', '1', '0.105', '2990', '0', '2990', '1211'),
('1212', '528', '657', 'Cuadrada', '1', '0.21', '3290', '0', '3290', '1212'),
('1213', '528', '664', 'Nalga', '1', '0.21', '3290', '0', '3290', '1213'),
('1214', '528', '744', 'Milanesas de pollo x 2 kg', '1', '0.21', '6990', '0', '6990', '1214'),
('1215', '528', '742', 'Milanesa de pollo x1 kg', '1', '0.21', '5590', '0', '5590', '1215'),
('1216', '528', '679', 'Pata y musl x3kg ', '1', '0.21', '5990', '0', '5990', '1216'),
('1217', '529', '679', 'Pata y musl x3kg ', '1', '0.21', '5990', '0', '5990', '1217'),
('1218', '529', '741', 'Milanesa de cerdo x 2 kg', '1', '0.21', '6990', '0', '6990', '1218'),
('1219', '529', '742', 'Milanesa de pollo x1 kg', '1', '0.21', '5590', '0', '5590', '1219'),
('1220', '529', '744', 'Milanesas de pollo x 2 kg', '1', '0.21', '6990', '0', '6990', '1220'),
('1221', '530', '647', 'Bife', '1', NULL, '2990', '0', '2990', '1221'),
('1222', '530', '657', 'Cuadrada', '1', NULL, '3290', '0', '3290', '1222'),
('1223', '530', '664', 'Nalga', '1', NULL, '3290', '0', '3290', '1223'),
('1224', '530', '744', 'Milanesas de pollo x 2 kg', '1', NULL, '6990', '0', '6990', '1224'),
('1225', '530', '742', 'Milanesa de pollo x1 kg', '1', NULL, '5590', '0', '5590', '1225'),
('1226', '530', '741', 'Milanesa de cerdo x 2 kg', '1', NULL, '6990', '0', '6990', '1226'),
('1227', '530', '679', 'Pata y musl x3kg ', '1', NULL, '5990', '0', '5990', '1227'),
('1228', '531', '647', 'Bife', '1', NULL, '2990', '0', '2990', '1228'),
('1229', '531', '647', 'Bife', '1', NULL, '2990', '0', '2990', '1229'),
('1230', '531', '657', 'Cuadrada', '1', NULL, '3290', '0', '3290', '1230'),
('1231', '531', '657', 'Cuadrada', '1', NULL, '3290', '0', '3290', '1231'),
('1232', '532', '646', 'Pecho de cerdo', '1', '0.21', '2990', '0', '2990', '1232'),
('1233', '532', '657', 'Cuadrada', '1', '0.21', '3290', '0', '3290', '1233'),
('1234', '532', '742', 'Milanesa de pollo x1 kg', '1', '0.21', '5590', '0', '5590', '1234'),
('1235', '533', '647', 'Bife', '1', '0.105', '2990', '0', '2990', '1235'),
('1236', '533', '657', 'Cuadrada', '1', '0.21', '3290', '0', '3290', '1236'),
('1237', '533', '744', 'Milanesas de pollo x 2 kg', '1', '0.21', '6990', '0', '6990', '1237'),
('1238', '533', '742', 'Milanesa de pollo x1 kg', '1', '0.21', '5590', '0', '5590', '1238'),
('1239', '533', '741', 'Milanesa de cerdo x 2 kg', '1', '0.21', '6990', '0', '6990', '1239'),
('1240', '533', '679', 'Pata y musl x3kg ', '1', '0.21', '5990', '0', '5990', '1240'),
('1241', '534', '679', 'Pata y musl x3kg ', '1', '0.21', '5990', '0', '5990', '1241'),
('1242', '534', '741', 'Milanesa de cerdo x 2 kg', '1', '0.21', '6990', '0', '6990', '1242'),
('1243', '534', '742', 'Milanesa de pollo x1 kg', '1', '0.21', '5590', '0', '5590', '1243'),
('1244', '534', '664', 'Nalga', '1', '0.21', '3290', '0', '3290', '1244'),
('1245', '534', '657', 'Cuadrada', '1', '0.21', '3290', '0', '3290', '1245'),
('1246', '534', '647', 'Bife', '1', '0.105', '2990', '0', '2990', '1246'),
('1247', '534', '646', 'Pecho de cerdo', '1', '0.21', '2990', '0', '2990', '1247'),
('1248', '534', '679', 'Pata y musl x3kg ', '1', '0.21', '5990', '0', '5990', '1248'),
('1249', '534', '647', 'Bife', '1', '0.105', '2990', '0', '2990', '1249'),
('1250', '534', '742', 'Milanesa de pollo x1 kg', '1', '0.21', '5590', '0', '5590', '1250'),
('1251', '534', '664', 'Nalga', '1', '0.21', '3290', '0', '3290', '1251'),
('1252', '535', '646', 'Pecho de cerdo', '1', '0.21', '2990', '0', '2990', '1252'),
('1253', '535', '647', 'Bife', '1', '0.105', '2990', '0', '2990', '1253'),
('1254', '535', '657', 'Cuadrada', '1', '0.21', '3290', '0', '3290', '1254'),
('1255', '535', '664', 'Nalga', '1', '0.21', '3290', '0', '3290', '1255'),
('1256', '535', '679', 'Pata y musl x3kg ', '1', '0.21', '5990', '0', '5990', '1256'),
('1257', '535', '741', 'Milanesa de cerdo x 2 kg', '1', '0.21', '6990', '0', '6990', '1257'),
('1258', '536', '647', 'Bife', '1', '0.105', '2990', '0', '2990', '1258'),
('1259', '536', '657', 'Cuadrada', '1', '0.21', '3290', '0', '3290', '1259'),
('1260', '536', '664', 'Nalga', '1', '0.21', '3290', '0', '3290', '1260'),
('1261', '536', '744', 'Milanesas de pollo x 2 kg', '1', '0.21', '6990', '0', '6990', '1261'),
('1262', '536', '742', 'Milanesa de pollo x1 kg', '1', '0.21', '5590', '0', '5590', '1262'),
('1263', '536', '679', 'Pata y musl x3kg ', '1', '0.21', '5990', '0', '5990', '1263'),
('1264', '536', '679', 'Pata y musl x3kg ', '1', '0.21', '5990', '0', '5990', '1264'),
('1265', '537', '647', 'Bife', '1', '0.105', '2990', '0', '2990', '1265'),
('1266', '537', '647', 'Bife', '1', '0.105', '2990', '0', '2990', '1266'),
('1267', '537', '647', 'Bife', '1', '0.105', '2990', '0', '2990', '1267'),
('1268', '537', '647', 'Bife', '1', '0.105', '2990', '0', '2990', '1268'),
('1269', '537', '647', 'Bife', '1', '0.105', '2990', '0', '2990', '1269'),
('1270', '537', '647', 'Bife', '1', '0.105', '2990', '0', '2990', '1270'),
('1271', '538', '741', 'Milanesa de cerdo x 2 kg', '1', '0.21', '6990', '0', '6990', '1271'),
('1272', '538', '742', 'Milanesa de pollo x1 kg', '1', '0.21', '5590', '0', '5590', '1272'),
('1273', '538', '744', 'Milanesas de pollo x 2 kg', '1', '0.21', '6990', '0', '6990', '1273'),
('1274', '538', '664', 'Nalga', '1', '0.21', '3290', '0', '3290', '1274'),
('1275', '538', '657', 'Cuadrada', '1', '0.21', '3290', '0', '3290', '1275'),
('1276', '539', '657', 'Cuadrada', '1', NULL, '3290', '0', '3290', '1276'),
('1277', '539', '664', 'Nalga', '1', NULL, '3290', '0', '3290', '1277'),
('1278', '539', '744', 'Milanesas de pollo x 2 kg', '1', NULL, '6990', '0', '6990', '1278'),
('1279', '539', '742', 'Milanesa de pollo x1 kg', '1', NULL, '5590', '0', '5590', '1279'),
('1280', '540', '742', 'Milanesa de pollo x1 kg', '1', NULL, '5590', '0', '5590', '1280'),
('1281', '540', '741', 'Milanesa de cerdo x 2 kg', '1', NULL, '6990', '0', '6990', '1281'),
('1282', '540', '647', 'Bife', '1', NULL, '2990', '0', '2990', '1282'),
('1283', '541', '744', 'Milanesas de pollo x 2 kg', '1', '0.21', '6990', '0', '6990', '1283'),
('1284', '541', '742', 'Milanesa de pollo x1 kg', '1', '0.21', '5590', '0', '5590', '1284'),
('1285', '541', '741', 'Milanesa de cerdo x 2 kg', '1', '0.21', '6990', '0', '6990', '1285'),
('1286', '541', '679', 'Pata y musl x3kg ', '1', '0.21', '5990', '0', '5990', '1286'),
('1287', '542', '647', 'Bife', '1', '0.105', '2990', '0', '2990', '1287'),
('1288', '542', '657', 'Cuadrada', '1', '0.21', '3290', '0', '3290', '1288'),
('1289', '542', '664', 'Nalga', '1', '0.21', '3290', '0', '3290', '1289'),
('1290', '543', '679', 'Pata y musl x3kg ', '1', NULL, '5990', '0', '5990', '1290'),
('1291', '543', '741', 'Milanesa de cerdo x 2 kg', '1', NULL, '6990', '0', '6990', '1291'),
('1292', '543', '742', 'Milanesa de pollo x1 kg', '1', NULL, '5590', '0', '5590', '1292'),
('1293', '544', '742', 'Milanesa de pollo x1 kg', '1', NULL, '5590', '0', '5590', '1293'),
('1294', '544', '741', 'Milanesa de cerdo x 2 kg', '1', NULL, '6990', '0', '6990', '1294'),
('1295', '544', '679', 'Pata y musl x3kg ', '1', NULL, '5990', '0', '5990', '1295'),
('1296', '544', '742', 'Milanesa de pollo x1 kg', '1', NULL, '5590', '0', '5590', '1296'),
('1297', '544', '741', 'Milanesa de cerdo x 2 kg', '1', NULL, '6990', '0', '6990', '1297'),
('1314', '553', '647', 'Bife', '1', '0.105', '2990', '0', '2990', '1314'),
('1315', '553', '657', 'Cuadrada', '1', '0.21', '3290', '0', '3290', '1315'),
('1316', '553', '664', 'Nalga', '1', '0.21', '3290', '0', '3290', '1316'),
('1317', '553', '744', 'Milanesas de pollo x 2 kg', '1', '0.21', '6990', '0', '6990', '1317'),
('1318', '554', '647', 'Bife', '1', NULL, '2990', '0', '2990', '1318'),
('1319', '554', '657', 'Cuadrada', '1', NULL, '3290', '0', '3290', '1319'),
('1320', '554', '664', 'Nalga', '1', NULL, '3290', '0', '3290', '1320'),
('1321', '554', '744', 'Milanesas de pollo x 2 kg', '1', NULL, '6990', '0', '6990', '1321'),
('1322', '554', '742', 'Milanesa de pollo x1 kg', '1', NULL, '5590', '0', '5590', '1322'),
('1323', '554', '741', 'Milanesa de cerdo x 2 kg', '1', NULL, '6990', '0', '6990', '1323'),
('1324', '554', '679', 'Pata y musl x3kg ', '1', NULL, '5990', '0', '5990', '1324'),
('1496', '651', '656', 'Churrasquito x 2 kg', '1', NULL, '7990', '0', '7990', '1496'),
('1498', '653', '656', 'Churrasquito x 2 kg', '1', NULL, '7990', '0', '7990', '1498'),
('1499', '653', '665', 'Paleta entera  ', '1', NULL, '2100', '0', '2100', '1499'),
('1500', '653', '677', 'Suprema x 2kg', '1', NULL, '11990', '0', '11990', '1500'),
('1501', '653', '688', 'De 10 a 16 kg', '1', NULL, '4990', '0', '4990', '1501'),
('1502', '653', '689', 'De 16 a 22kg', '1', NULL, '3990', '0', '3990', '1502'),
('1503', '654', '665', 'Paleta entera  ', '1', NULL, '2100', '0', '2100', '1503'),
('1504', '654', '667', 'Peceto', '1', NULL, '3290', '0', '3290', '1504'),
('1505', '654', '666', 'Patitas', '1', NULL, '200', '0', '200', '1505'),
('1506', '654', '688', 'De 10 a 16 kg', '1', NULL, '4990', '0', '4990', '1506'),
('1507', '654', '699', 'Bola de lomo', '1', NULL, '7990', '0', '7990', '1507'),
('1508', '654', '710', 'Falda parrillera', '1', NULL, '5990', '0', '5990', '1508'),
('1509', '654', '732', 'Chorizo mezcla', '1', NULL, '27990', '0', '27990', '1509'),
('1536', '654', '665', 'Paleta entera  ', '1', NULL, '2100', '0', '2100', '1536'),
('1537', '654', '667', 'Peceto', '1', NULL, '3290', '0', '3290', '1537'),
('1538', '654', '666', 'Patitas', '1', NULL, '200', '0', '200', '1538'),
('1539', '654', '688', 'De 10 a 16 kg', '1', NULL, '4990', '0', '4990', '1539'),
('1540', '654', '699', 'Bola de lomo', '1', NULL, '7990', '0', '7990', '1540'),
('1541', '654', '710', 'Falda parrillera', '1', NULL, '5990', '0', '5990', '1541'),
('1542', '654', '732', 'Chorizo mezcla', '1', NULL, '27990', '0', '27990', '1542'),
('1548', '654', '665', 'Paleta entera  ', '1', NULL, '2100', '0', '2100', '1548'),
('1549', '654', '667', 'Peceto', '1', NULL, '3290', '0', '3290', '1549'),
('1550', '654', '666', 'Patitas', '1', NULL, '200', '0', '200', '1550'),
('1551', '654', '688', 'De 10 a 16 kg', '1', NULL, '4990', '0', '4990', '1551'),
('1552', '654', '699', 'Bola de lomo', '1', NULL, '7990', '0', '7990', '1552'),
('1553', '654', '710', 'Falda parrillera', '1', NULL, '5990', '0', '5990', '1553'),
('1554', '654', '732', 'Chorizo mezcla', '1', NULL, '27990', '0', '27990', '1554'),
('1574', '685', '664', 'Nalga', '1', NULL, '3290', '0', '3290', '1574'),
('1899', '685', '664', 'Nalga', '1', NULL, '3290', '0', '3290', '1899'),
('1575', '686', '700', 'Caracú', '1', NULL, '4290', '0', '4290', '1575'),
('1900', '686', '700', 'Caracú', '1', NULL, '4290', '0', '4290', '1900'),
('1576', '687', '709', 'Espinazo', '1', NULL, '2590', '0', '2590', '1576'),
('1901', '687', '709', 'Espinazo', '1', NULL, '2590', '0', '2590', '1901'),
('1585', '693', '664', 'Nalga', '1', NULL, '3290', '0', '3290', '1585'),
('1910', '693', '664', 'Nalga', '1', NULL, '3290', '0', '3290', '1910'),
('1797', '794', '646', 'Pecho de cerdo', '1', NULL, '2990', '0', '2990', '1797'),
('1798', '795', '647', 'Bife', '1', NULL, '2990', '0', '2990', '1798'),
('1799', '795', '647', 'Bife', '1', NULL, '2990', '0', '2990', '1799'),
('1828', '805', '647', 'Bife', '1', NULL, '2990', '0', '2990', '1828'),
('1829', '805', '646', 'Pecho de cerdo', '1', NULL, '2990', '0', '2990', '1829'),
('1830', '805', '679', 'Pata y musl x3kg ', '1', NULL, '5990', '0', '5990', '1830'),
('1831', '805', '741', 'Milanesa de cerdo x 2 kg', '1', NULL, '6990', '0', '6990', '1831'),
('2120', '824', '8661', 'Alfajor Rasta', '1', NULL, '1400', '0', '1400', '2120'),
('2121', '825', '7306', 'cherterfield x 10', '1', NULL, '1200', '0', '1200', '2121'),
('2122', '825', '2703', 'Rex en caja', '1', NULL, '1400', '0', '1400', '2122'),
('2123', '825', '7462', 'Agua Glaciar con Pico', '1', NULL, '1800', '0', '1800', '2123'),
('2124', '826', '7224', 'Topline 7 cherry', '1', NULL, '750', '0', '750', '2124'),
('2138', '832', '4653', 'power rojo', '1', NULL, '1200', '0', '1200', '2138'),
('4815', '2119', '647', 'Bife', '1', '0.105', '2990', '0', '2990', '4815'),
('4816', '2119', '657', 'Cuadrada', '1', '0.21', '3290', '0', '3290', '4816'),
('5197', '2119', '6438', 'Cerveza Corona', '1', NULL, '3700', '0', '3700', '5197'),
('5198', '2119', '7561', 'Saint Michel aguas 2 litros', '1', NULL, '900', '0', '900', '5198'),
('5199', '2119', '4244', 'saladix Calabreza x 30 grs.', '1', NULL, '500', '0', '500', '5199'),
('5200', '2119', '7776', 'Guaymayen triple Blanco', '1', NULL, '400', '0', '400', '5200'),
('5201', '2119', '7569', 'Philips morris convertible x 12', '2', NULL, '1700', '0', '3400', '5201'),
('5202', '2119', '5518', 'philip Morris box x 20', '1', NULL, '2750', '0', '2750', '5202'),
('4870', '2136', '647', 'Bife', '1', '0.105', '2990', '0', '2990', '4870'),
('5245', '2136', '8702', 'Levite de Manzana', '1', NULL, '1500', '0', '1500', '5245'),
('5246', '2136', '3064', 'red point', '1', NULL, '1500', '0', '1500', '5246'),
('5247', '2137', '6243', 'Galletitas paseo Mini Crackers', '1', NULL, '1400', '0', '1400', '5247'),
('5248', '2137', '7968', 'levite pomelo x 500', '2', NULL, '900', '0', '1800', '5248'),
('5249', '2138', '4530', 'coca de 1.5', '1', NULL, '1700', '0', '1700', '5249'),
('5250', '2138', '8097', 'mentitas dulce de leche', '1', NULL, '300', '0', '300', '5250'),
('5251', '2138', '7569', 'Philips morris convertible x 12', '1', NULL, '1700', '0', '1700', '5251'),
('5252', '2138', '6010', 'Marlboro comun x 20', '1', NULL, '3000', '0', '3000', '5252'),
('5253', '2138', '7560', 'Saint Michel aguas 500', '1', NULL, '600', '0', '600', '5253'),
('5254', '2139', '2447', 'baggio mix de fruta', '1', NULL, '600', '0', '600', '5254'),
('5255', '2139', '3064', 'red point', '1', NULL, '1500', '0', '1500', '5255'),
('5256', '2139', '4181', 'Mogul cerebritos rellenos', '1', NULL, '550', '0', '550', '5256'),
('4876', '2140', '742', 'Milanesa de pollo x1 kg', '1', '0.21', '5590', '0', '5590', '4876'),
('5257', '2140', '7965', 'levite de naranja', '1', NULL, '1300', '0', '1300', '5257'),
('4877', '2141', '679', 'Pata y musl x3kg ', '1', '0.21', '5990', '0', '5990', '4877'),
('4878', '2141', '679', 'Pata y musl x3kg ', '1', '0.21', '5990', '0', '5990', '4878'),
('4879', '2141', '679', 'Pata y musl x3kg ', '1', '0.21', '5990', '0', '5990', '4879'),
('5258', '2141', '7560', 'Saint Michel aguas 500', '1', NULL, '600', '0', '600', '5258'),
('5259', '2141', '2622', 'Mana de Vainilla', '1', NULL, '800', '0', '800', '5259'),
('5260', '2141', '7670', 'Gualmayen fruta simple', '1', NULL, '250', '0', '250', '5260'),
('4880', '2142', '647', 'Bife', '1', '0.21', '2990', '0', '2990', '4880'),
('5261', '2142', '4622', 'Coca Cola x250', '1', NULL, '700', '0', '700', '5261'),
('5262', '2143', '1685', 'Agua Saint Michel 11/2', '1', NULL, '800', '0', '800', '5262'),
('5263', '2143', '7776', 'Guaymayen triple Blanco', '1', NULL, '400', '0', '400', '5263'),
('5264', '2144', '4535', 'Coca Cola de 500', '1', NULL, '1100', '0', '1100', '5264'),
('4883', '2145', '647', 'Bife', '1', '0.21', '2990', '0', '2990', '4883'),
('5265', '2145', '7569', 'Philips morris convertible x 12', '1', NULL, '1700', '0', '1700', '5265'),
('5266', '2145', '8350', 'Philip Morris x 10', '1', NULL, '1700', '0', '1700', '5266'),
('5267', '2145', '2584', 'Porteñitas', '1', NULL, '1000', '0', '1000', '5267'),
('5268', '2145', '1558', 'ocb negro', '1', NULL, '1000', '0', '1000', '5268'),
('5269', '2145', '4232', 'Mogul piecitos Feet', '1', NULL, '550', '0', '550', '5269'),
('4884', '2146', '744', 'Milanesas de pollo x 2 kg', '1', '0.21', '6990', '0', '6990', '4884'),
('5270', '2146', '4692', 'ades tropical', '1', NULL, '2200', '0', '2200', '5270'),
('5271', '2146', '7945', 'Brio pomelo', '1', NULL, '1000', '0', '1000', '5271'),
('4887', '2147', '647', 'Bife', '1', '0.21', '2990', '0', '2990', '4887'),
('5272', '2147', '7070', 'Master', '1', NULL, '1300', '0', '1300', '5272'),
('5273', '2147', '7569', 'Philips morris convertible x 12', '1', NULL, '1700', '0', '1700', '5273'),
('5274', '2147', '7546', 'Beldent de menta', '1', NULL, '700', '0', '700', '5274'),
('5275', '2148', '7560', 'Saint Michel aguas 500', '1', NULL, '600', '0', '600', '5275'),
('4896', '2149', '647', 'Bife', '1', NULL, '2990', '0', '2990', '4896'),
('4897', '2149', '657', 'Cuadrada', '1', NULL, '3290', '0', '3290', '4897'),
('5276', '2149', '4530', 'coca de 1.5', '1', NULL, '1700', '0', '1700', '5276'),
('5277', '2149', '2224', 'Milka Mousse Blanco', '1', NULL, '1400', '0', '1400', '5277'),
('5278', '2149', '6512', 'Brahama', '1', NULL, '2200', '0', '2200', '5278'),
('4898', '2150', '647', 'Bife', '1', '0.105', '2990', '0', '2990', '4898'),
('4899', '2150', '657', 'Cuadrada', '1', '0.21', '3290', '0', '3290', '4899'),
('5279', '2150', '1558', 'ocb negro', '1', NULL, '1000', '0', '1000', '5279'),
('5285', '2153', '1558', 'ocb negro', '2', NULL, '1000', '0', '2000', '5285'),
('5286', '2153', '3242', 'pañuelitos', '1', NULL, '300', '0', '300', '5286'),
('5287', '2154', '4317', 'Cbse de Hierbas Cuyanas', '1', NULL, '750', '0', '750', '5287'),
('5288', '2154', '6543', 'sapitos', '2', NULL, '250', '0', '500', '5288'),
('5289', '2154', '7070', 'Master', '1', NULL, '1300', '0', '1300', '5289'),
('5290', '2154', '6118', 'h2oh Citrus', '1', NULL, '1400', '0', '1400', '5290'),
('5291', '2154', '4689', 'ADES MANZANA X L', '1', NULL, '2200', '0', '2200', '5291'),
('5292', '2155', '8434', 'Chesterfield coral Motion 2', '1', NULL, '2300', '0', '2300', '5292'),
('5293', '2155', '3064', 'red point', '1', NULL, '1500', '0', '1500', '5293'),
('5294', '2156', '3117', 'Cappuccino La Virginia', '2', NULL, '650', '0', '1300', '5294'),
('5295', '2157', '6136', '7up de 500 ml', '1', NULL, '1100', '0', '1100', '5295'),
('5296', '2157', '4692', 'ades tropical', '1', NULL, '2200', '0', '2200', '5296'),
('5297', '2158', '8659', 'Chesterfield Blue Motion Comun', '1', NULL, '1900', '0', '1900', '5297'),
('5298', '2159', '8704', 'Alfajor fantoche negro', '1', NULL, '750', '0', '750', '5298'),
('5299', '2160', '1685', 'Agua Saint Michel 11/2', '1', NULL, '800', '0', '800', '5299'),
('5300', '2161', '6512', 'Brahama', '1', NULL, '2200', '0', '2200', '5300'),
('5301', '2161', '8350', 'Philip Morris x 10', '1', NULL, '1700', '0', '1700', '5301'),
('5302', '2161', '4530', 'coca de 1.5', '1', NULL, '1700', '0', '1700', '5302'),
('5303', '2162', '8612', 'Papel Higuienico Bonux x 1', '1', NULL, '900', '0', '900', '5303'),
('5304', '2162', '2058', 'Jugo Tang Limonada Dulce', '1', NULL, '400', '0', '400', '5304'),
('5305', '2162', '6543', 'sapitos', '1', NULL, '250', '0', '250', '5305'),
('5306', '2162', '1685', 'Agua Saint Michel 11/2', '1', NULL, '800', '0', '800', '5306'),
('5307', '2162', '7064', 'plilip mentolado box', '1', NULL, '2750', '0', '2750', '5307'),
('5308', '2162', '5095', 'philip comun', '1', NULL, '2500', '0', '2500', '5308'),
('5309', '2163', '5095', 'philip comun', '1', NULL, '2500', '0', '2500', '5309'),
('5310', '2163', '7361', 'Alfajor trishort', '1', NULL, '1000', '0', '1000', '5310'),
('5311', '2164', '5518', 'philip Morris box x 20', '1', NULL, '2750', '0', '2750', '5311'),
('5312', '2164', '7645', 'Camel Box', '1', NULL, '3400', '0', '3400', '5312'),
('5313', '2165', '6143', 'pepsi', '1', NULL, '1100', '0', '1100', '5313'),
('5314', '2165', '4655', 'aquarius de naranja 500', '1', NULL, '1100', '0', '1100', '5314'),
('5315', '2165', '7070', 'Master', '1', NULL, '1300', '0', '1300', '5315'),
('5316', '2166', '7560', 'Saint Michel aguas 500', '1', NULL, '600', '0', '600', '5316'),
('5317', '2167', '7394', 'Bizcochitos agridulces Don satur', '1', NULL, '900', '0', '900', '5317'),
('5318', '2168', '7547', 'Belden Fresh Sparks Negro', '1', NULL, '700', '0', '700', '5318'),
('5319', '2168', '7630', 'Lucky Strike x 12', '2', NULL, '2000', '0', '4000', '5319'),
('5320', '2168', '7306', 'cherterfield x 10', '1', NULL, '1200', '0', '1200', '5320'),
('5321', '2169', '4094', 'Oblea cofler block XL', '1', NULL, '1300', '0', '1300', '5321'),
('5322', '2169', '6143', 'pepsi', '1', NULL, '1100', '0', '1100', '5322'),
('5323', '2170', '7070', 'Master', '2', NULL, '1300', '0', '2600', '5323'),
('5324', '2170', '1550', 'Marroc bocadito', '2', NULL, '900', '0', '1800', '5324'),
('5325', '2171', '6660', 'topline mint', '1', NULL, '700', '0', '700', '5325'),
('5326', '2171', '7119', 'mentho plus acidas', '1', NULL, '700', '0', '700', '5326'),
('5327', '2171', '7776', 'Guaymayen triple Blanco', '1', NULL, '400', '0', '400', '5327'),
('5328', '2171', '7560', 'Saint Michel aguas 500', '2', NULL, '600', '0', '1200', '5328'),
('5329', '2171', '1657', 'Encendedores candela', '1', NULL, '500', '0', '500', '5329'),
('5330', '2171', '7670', 'Gualmayen fruta simple', '1', NULL, '250', '0', '250', '5330'),
('5331', '2171', '3234', 'alfajor fulbito mani', '1', NULL, '150', '0', '150', '5331'),
('5332', '2171', '7667', 'Guaymayen blanco simple', '1', NULL, '250', '0', '250', '5332'),
('5333', '2171', '4074', 'Mogul Excreme Acidas Ositos', '1', NULL, '700', '0', '700', '5333'),
('5334', '2172', '4689', 'ADES MANZANA X L', '1', NULL, '2200', '0', '2200', '5334'),
('5335', '2172', '5723', 'Serenitocon Rocklets', '1', NULL, '3200', '0', '3200', '5335'),
('5336', '2173', '3242', 'pañuelitos', '2', NULL, '300', '0', '600', '5336'),
('5337', '2174', '7294', 'Block chico', '1', NULL, '900', '0', '900', '5337'),
('5338', '2174', '2447', 'baggio mix de fruta', '3', NULL, '600', '0', '1800', '5338'),
('5339', '2174', '4087', 'Bombonera Arcor', '1', NULL, '6000', '0', '6000', '5339'),
('5340', '2174', '7301', 'Chesterfiel x 10', '1', NULL, '1200', '0', '1200', '5340'),
('5341', '2175', '4622', 'Coca Cola x250', '1', NULL, '700', '0', '700', '5341'),
('5342', '2175', '6620', 'Schneider x 710', '1', NULL, '1800', '0', '1800', '5342'),
('5343', '2176', '7302', 'Chesterfild Comun x 20', '1', NULL, '1900', '0', '1900', '5343'),
('5344', '2177', '4201', 'saladix jamon x 30 grs.', '1', NULL, '500', '0', '500', '5344'),
('5345', '2178', '5095', 'philip comun', '1', NULL, '2500', '0', '2500', '5345'),
('5346', '2178', '3609', 'Guaymayen Dorado', '2', NULL, '550', '0', '1100', '5346'),
('5347', '2179', '6620', 'Schneider x 710', '1', NULL, '1800', '0', '1800', '5347'),
('5348', '2180', '4595', 'schweppes pomelo', '1', NULL, '1100', '0', '1100', '5348'),
('5349', '2180', '3920', 'Jorgito negro', '1', NULL, '800', '0', '800', '5349'),
('5350', '2180', '8662', 'Chocolate Shot Blanco', '1', NULL, '1300', '0', '1300', '5350'),
('5351', '2180', '7569', 'Philips morris convertible x 12', '1', NULL, '1700', '0', '1700', '5351'),
('5352', '2180', '7506', 'pipas roja', '1', NULL, '250', '0', '250', '5352'),
('5353', '2181', '3064', 'red point', '1', NULL, '1500', '0', '1500', '5353'),
('5354', '2182', '2441', 'Baggio multifruta x 1L', '1', NULL, '1900', '0', '1900', '5354'),
('5355', '2183', '7718', 'pate', '1', NULL, '700', '0', '700', '5355'),
('5356', '2183', '7302', 'Chesterfild Comun x 20', '1', NULL, '1900', '0', '1900', '5356'),
('5357', '2184', '5861', 'alfajor fulbito choco', '4', NULL, '150', '0', '600', '5357'),
('5358', '2185', '3602', 'Mini Coronita Frachita', '1', NULL, '900', '0', '900', '5358'),
('5359', '2185', '6544', 'sapito chocolate', '2', NULL, '250', '0', '500', '5359'),
('5360', '2185', '7669', 'Guaymayen negro simple', '1', NULL, '250', '0', '250', '5360'),
('5361', '2185', '7070', 'Master', '1', NULL, '1300', '0', '1300', '5361'),
('5362', '2185', '7302', 'Chesterfild Comun x 20', '1', NULL, '1900', '0', '1900', '5362'),
('5363', '2186', '4079', 'Gomitas mogul rodajas acidas', '1', NULL, '700', '0', '700', '5363'),
('5364', '2187', '7643', 'Rothmans ks', '1', NULL, '2100', '0', '2100', '5364'),
('5365', '2188', '6653', 'Imperial Extra Larger', '1', NULL, '1700', '0', '1700', '5365'),
('5366', '2188', '3520', 'Papas Clasicas x 40 grs.', '1', NULL, '1500', '0', '1500', '5366'),
('5367', '2189', '7048', 'Turron Miski', '1', NULL, '250', '0', '250', '5367'),
('5368', '2189', '7445', 'Bon o bon negro', '1', NULL, '500', '0', '500', '5368'),
('5369', '2189', '4204', 'Rocket chico', '1', NULL, '700', '0', '700', '5369'),
('5370', '2190', '2678', 'Criollitas x 3', '1', NULL, '1350', '0', '1350', '5370'),
('5371', '2191', '7560', 'Saint Michel aguas 500', '1', NULL, '600', '0', '600', '5371'),
('5372', '2192', '4530', 'coca de 1.5', '1', NULL, '1700', '0', '1700', '5372'),
('5373', '2193', '6143', 'pepsi', '1', NULL, '1100', '0', '1100', '5373'),
('5374', '2194', '2703', 'Rex en caja', '1', NULL, '1400', '0', '1400', '5374'),
('5375', '2195', '7301', 'Chesterfiel x 10', '1', NULL, '1200', '0', '1200', '5375'),
('5376', '2196', '1657', 'Encendedores candela', '1', NULL, '500', '0', '500', '5376'),
('5377', '2196', '3064', 'red point', '1', NULL, '1500', '0', '1500', '5377'),
('5378', '2197', '1556', 'Bandejas de Masas', '1', NULL, '3000', '0', '3000', '5378'),
('5379', '2198', '8401', 'Papas quento clasica', '1', NULL, '2100', '0', '2100', '5379'),
('5380', '2198', '3509', 'Twisto de Jamon', '1', NULL, '1500', '0', '1500', '5380'),
('4976', '2199', '647', 'Bife', '1', '0.105', '2990', '0', '2990', '4976'),
('4977', '2199', '657', 'Cuadrada', '1', '0.21', '3290', '0', '3290', '4977'),
('4978', '2199', '664', 'Nalga', '1', '0.21', '3290', '0', '3290', '4978'),
('4979', '2199', '647', 'Bife', '1', '0.105', '2990', '0', '2990', '4979'),
('4980', '2199', '657', 'Cuadrada', '1', '0.21', '3290', '0', '3290', '4980'),
('4981', '2199', '664', 'Nalga', '1', '0.21', '3290', '0', '3290', '4981'),
('5381', '2199', '4338', 'Dulce de Leche x 250', '1', NULL, '2000', '0', '2000', '5381'),
('5382', '2199', '4644', 'power azul', '1', NULL, '1200', '0', '1200', '5382'),
('5383', '2199', '3242', 'pañuelitos', '2', NULL, '300', '0', '600', '5383'),
('5384', '2200', '1951', 'Saint Michel x 10 Litros', '1', NULL, '2800', '0', '2800', '5384'),
('5385', '2200', '4711', 'Fanta de 237', '1', NULL, '700', '0', '700', '5385'),
('4982', '2201', '741', 'Milanesa de cerdo x 2 kg', '1', '0.21', '6990', '0', '6990', '4982'),
('4983', '2201', '742', 'Milanesa de pollo x1 kg', '1', '0.21', '5590', '0', '5590', '4983'),
('5386', '2201', '2649', 'Desfile', '1', NULL, '1400', '0', '1400', '5386'),
('4984', '2202', '741', 'Milanesa de cerdo x 2 kg', '1', '0.21', '6990', '0', '6990', '4984'),
('4985', '2202', '742', 'Milanesa de pollo x1 kg', '1', '0.21', '5590', '0', '5590', '4985'),
('5387', '2202', '3517', '3D original', '1', NULL, '1500', '0', '1500', '5387'),
('5388', '2203', '1485', 'Monsters The Doctor', '1', NULL, '2200', '0', '2200', '5388'),
('5389', '2203', '2596', 'MiniTorta Aguila', '1', NULL, '1300', '0', '1300', '5389'),
('5390', '2204', '4485', 'Toallitas Humedas Ideal', '1', NULL, '2100', '0', '2100', '5390'),
('5391', '2204', '4538', 'coca de 2.25', '2', NULL, '2400', '0', '4800', '5391'),
('5583', '2307', '4656', 'aquaris Uva', '1', NULL, '1540', '0', '1540', '5583'),
('5584', '2307', '1685', 'Agua Saint Michel 11/2', '1', NULL, '880', '0', '880', '5584'),
('5585', '2307', '2746', 'granix naranja', '1', NULL, '550', '0', '550', '5585'),
('5586', '2307', '2703', 'Rex en caja', '1', NULL, '1540', '0', '1540', '5586'),
('5587', '2307', '7257', 'topline strawberry', '1', NULL, '825', '0', '825', '5587'),
('5588', '2307', '5935', 'Alfajor pepito', '1', NULL, '1100', '0', '1100', '5588'),
('5589', '2308', '6101', 'paso de los toros x 500', '1', NULL, '1210', '0', '1210', '5589'),
('5590', '2308', '7560', 'Saint Michel aguas 500', '1', NULL, '660', '0', '660', '5590'),
('5591', '2308', '1657', 'Encendedores candela', '1', NULL, '550', '0', '550', '5591'),
('5592', '2309', '6287', 'baibiscuit', '3', NULL, '825', '0', '2475', '5592'),
('5593', '2310', '2596', 'MiniTorta Aguila', '2', NULL, '1500', '0', '3000', '5593'),
('5594', '2311', '3242', 'pañuelitos', '1', NULL, '330', '0', '330', '5594'),
('5595', '2311', '7670', 'Gualmayen fruta simple', '1', NULL, '275', '0', '275', '5595'),
('5596', '2311', '6099', 'Mirinda x 500', '1', NULL, '1210', '0', '1210', '5596'),
('5597', '2311', '1657', 'Encendedores candela', '1', NULL, '550', '0', '550', '5597'),
('5598', '2311', '7569', 'Philips morris convertible x 12', '1', NULL, '1870', '0', '1870', '5598'),
('5599', '2312', '4811', 'Jorgito bandeja azul', '1', NULL, '2090', '0', '2090', '5599'),
('5775', '2565', '646', 'Pecho de cerdo', '1', '0.21', '2990', '0', '2990', '5775'),
('5776', '2565', '647', 'Bife', '1', '0.105', '2990', '0', '2990', '5776'),
('5777', '2565', '657', 'Cuadrada', '1', '0.21', '3290', '0', '3290', '5777'),
('5852', '2587', '647', 'Bife', '1', '0.105', '2990', '0', '2990', '5852'),
('6406', '2824', '646', 'Pecho de cerdo', '1', '0.21', '2990', '0', '2990', '6406'),
('6409', '2826', '646', 'Pecho de cerdo', '1', '0.21', '2990', '0', '2990', '6409'),
('6412', '2827', '646', 'Pecho de cerdo', '1', '0.21', '2990', '0', '2990', '6412'),
('7148', '3146', '647', 'Bife 1', '1', '0.105', '2990', '0', '2990', '7148'),
('7149', '3146', '647', 'Bife 2', '1', '0.105', '2990', '0', '2990', '7149'),
('7150', '3146', '647', 'Bife 3', '1', '0.105', '2990', '0', '2990', '7150'),
('7151', '3146', '647', 'Bife 4', '1', '0.105', '2990', '0', '2990', '7151'),
('7152', '3146', '679', 'Pata y musl x3kg ', '1', '0.21', '5990', '0', '5990', '7152'),
('7153', '3147', '664', 'Nalga', '1', '0.21', '3290', '0', '3290', '7153'),
('7154', '3147', '744', 'Milanesas de pollo x 2 kg (promo)', '1', '0.21', '6990', '0', '6990', '7154'),
('7155', '3147', '742', 'Milanesa de pollo x1 kg', '1', '0.21', '5590', '0', '5590', '7155'),
('7156', '3147', '741', 'Milanesa de cerdo x 2 kg', '1', '0.21', '6990', '0', '6990', '7156'),
('7157', '3147', '679', 'Pata y musl x3kg ', '1', '0.21', '5990', '0', '5990', '7157'),
('7158', '3148', '13248', 'elemento modificado en la pantalla', '1', '0', '2400', '0', '2400', '7158'),
('7159', '3149', '645', 'Americano de cerdo promo', '1', '0.21', '3990', '0', '3990', '7159'),
('8393', '3677', '647', 'Bife', '1', '0.105', '2990', '0', '2990', '8393'),
('8395', '3679', '741', 'Milanesa de cerdo x 2 kg', '1', '0.21', '6990', '0', '6990', '8395'),
('8396', '3679', '742', 'Milanesa de pollo x1 kg', '1', '0.21', '5590', '0', '5590', '8396'),
('8397', '3679', '679', 'Pata y musl x3kg ', '1', '0.21', '5990', '0', '5990', '8397'),
('8398', '3680', '679', 'Pata y musl x3kg ', '1', '0.21', '5990', '0', '5990', '8398'),
('8399', '3680', '679', 'Pata y musl x3kg ', '1', '0.21', '5990', '0', '5990', '8399'),
('8400', '3680', '679', 'Pata y musl x3kg ', '1', '0.21', '5990', '0', '5990', '8400'),
('8401', '3680', '679', 'Pata y musl x3kg ', '1', '0.21', '5990', '0', '5990', '8401'),
('8402', '3680', '679', 'Pata y musl x3kg ', '1', '0.21', '5990', '0', '5990', '8402'),
('8403', '3680', '679', 'Pata y musl x3kg ', '1', '0.21', '5990', '0', '5990', '8403'),
('8404', '3680', '679', 'Pata y musl x3kg ', '1', '0.21', '5990', '0', '5990', '8404'),
('8405', '3680', '679', 'Pata y musl x3kg ', '1', '0.21', '5990', '0', '5990', '8405'),
('8406', '3680', '679', 'Pata y musl x3kg ', '1', '0.21', '5990', '0', '5990', '8406'),
('8407', '3680', '679', 'Pata y musl x3kg ', '1', '0.21', '5990', '0', '5990', '8407'),
('8408', '3680', '679', 'Pata y musl x3kg ', '1', '0.21', '5990', '0', '5990', '8408'),
('8409', '3680', '679', 'Pata y musl x3kg ', '1', '0.21', '5990', '0', '5990', '8409'),
('8410', '3680', '679', 'Pata y musl x3kg ', '1', '0.21', '5990', '0', '5990', '8410'),
('8411', '3680', '679', 'Pata y musl x3kg ', '1', '0.21', '5990', '0', '5990', '8411'),
('8412', '3680', '679', 'Pata y musl x3kg ', '1', '0.21', '5990', '0', '5990', '8412'),
('8413', '3680', '679', 'Pata y musl x3kg ', '1', '0.21', '5990', '0', '5990', '8413'),
('8414', '3680', '679', 'Pata y musl x3kg ', '1', '0.21', '5990', '0', '5990', '8414'),
('8415', '3680', '679', 'Pata y musl x3kg ', '1', '0.21', '5990', '0', '5990', '8415'),
('8416', '3680', '679', 'Pata y musl x3kg ', '1', '0.21', '5990', '0', '5990', '8416'),
('8417', '3680', '679', 'Pata y musl x3kg ', '1', '0.21', '5990', '0', '5990', '8417'),
('8418', '3680', '679', 'Pata y musl x3kg ', '1', '0.21', '5990', '0', '5990', '8418'),
('8419', '3680', '679', 'Pata y musl x3kg ', '1', '0.21', '5990', '0', '5990', '8419'),
('8420', '3680', '679', 'Pata y musl x3kg ', '1', '0.21', '5990', '0', '5990', '8420'),
('8421', '3680', '679', 'Pata y musl x3kg ', '1', '0.21', '5990', '0', '5990', '8421'),
('8422', '3680', '679', 'Pata y musl x3kg ', '1', '0.21', '5990', '0', '5990', '8422'),
('8423', '3680', '679', 'Pata y musl x3kg ', '1', '0.21', '5990', '0', '5990', '8423'),
('8424', '3680', '679', 'Pata y musl x3kg ', '1', '0.21', '5990', '0', '5990', '8424'),
('8425', '3680', '679', 'Pata y musl x3kg ', '1', '0.21', '5990', '0', '5990', '8425'),
('8426', '3680', '679', 'Pata y musl x3kg ', '1', '0.21', '5990', '0', '5990', '8426'),
('8427', '3680', '679', 'Pata y musl x3kg ', '1', '0.21', '5990', '0', '5990', '8427'),
('8428', '3680', '679', 'Pata y musl x3kg ', '1', '0.21', '5990', '0', '5990', '8428'),
('8429', '3680', '679', 'Pata y musl x3kg ', '1', '0.21', '5990', '0', '5990', '8429'),
('8430', '3680', '679', 'Pata y musl x3kg ', '1', '0.21', '5990', '0', '5990', '8430'),
('8431', '3680', '679', 'Pata y musl x3kg ', '1', '0.21', '5990', '0', '5990', '8431'),
('8432', '3680', '679', 'Pata y musl x3kg ', '1', '0.21', '5990', '0', '5990', '8432'),
('8433', '3680', '679', 'Pata y musl x3kg ', '1', '0.21', '5990', '0', '5990', '8433'),
('8434', '3680', '679', 'Pata y musl x3kg ', '1', '0.21', '5990', '0', '5990', '8434'),
('8435', '3680', '679', 'Pata y musl x3kg ', '1', '0.21', '5990', '0', '5990', '8435'),
('8436', '3680', '679', 'Pata y musl x3kg ', '1', '0.21', '5990', '0', '5990', '8436'),
('8437', '3680', '679', 'Pata y musl x3kg ', '1', '0.21', '5990', '0', '5990', '8437'),
('8439', '3682', '647', 'Bife', '4', '0.105', '1000000', '0', '4000000', '8439'),
('8440', '3683', '647', 'Bife', '4', '0.105', '10000000', '0', '40000000', '8440'),
('8441', '3684', '646', 'Pecho de cerdo', '1', '0.21', '2000000', '0', '2000000', '8441'),
('8504', '3703', '647', 'Bife', '1', '0.105', '200000000000', '0', '200000000000', '8504'),
('9706', '4318', '647', 'Bife', '1', '0.105', '2990', '0', '2990', '9706'),
('9707', '4318', '647', 'Bife', '1', '0.105', '2990', '0', '2990', '9707'),
('9708', '4318', '647', 'Bife', '1', '0.105', '2990', '0', '2990', '9708'),
('9709', '4319', '654', 'Carre deshuesado', '1', '0.21', '4690', '0', '4690', '9709'),
('9710', '4320', '654', 'Carre deshuesado', '1', '0.21', '4690', '0', '4690', '9710'),
('9711', '4321', '654', 'Carre deshuesado', '1', '0.21', '4690', '0', '4690', '9711'),
('9712', '4322', '654', 'Carre deshuesado', '1', '0.21', '4690', '0', '4690', '9712'),
('9737', '4340', '647', 'Bife', '1', '0.105', '2990', '0', '2990', '9737'),
('9740', '4343', '647', 'Bife', '1', '0.105', '2990', '0', '2990', '9740'),
('9741', '4343', '657', 'Cuadrada', '1', '0.21', '3290', '0', '3290', '9741'),
('9748', '4347', '647', 'Bife', '1', '0.105', '2990', '0', '2990', '9748'),
('9749', '4347', '657', 'Cuadrada', '1', '0.21', '3290', '0', '3290', '9749'),
('9750', '4348', '679', 'Pata y musl x3kg ', '1', '0.21', '5990', '0', '5990', '9750'),
('9751', '4348', '741', 'Milanesa de cerdo x 2 kg', '1', '0.21', '6990', '0', '6990', '9751'),
('9752', '4349', '679', 'Pata y musl x3kg ', '1', '0.21', '5990', '0', '5990', '9752'),
('9753', '4350', '647', 'Bife', '1', '0.105', '2990', '0', '2990', '9753'),
('9754', '4350', '657', 'Cuadrada', '1', '0.21', '3290', '0', '3290', '9754'),
('9755', '4350', '742', 'Milanesa de pollo x1 kg', '1', '0.21', '5590', '0', '5590', '9755'),
('9756', '4351', '679', 'Pata y musl x3kg ', '1', '0.21', '5990', '0', '5990', '9756'),
('9757', '4351', '741', 'Milanesa de cerdo x 2 kg', '1', '0.21', '6990', '0', '6990', '9757'),
('9764', '4357', '647', 'Bife', '1', '0.105', '2990', '0', '2990', '9764'),
('9765', '4357', '657', 'Cuadrada', '1', '0.21', '3290', '0', '3290', '9765'),
('9766', '4358', '647', 'Bife', '1', '0.105', '2990', '0', '2990', '9766'),
('9767', '4358', '657', 'Cuadrada', '1', '0.21', '3290', '0', '3290', '9767'),
('9768', '4359', '647', 'Bife', '1', '0.105', '2990', '0', '2990', '9768'),
('9769', '4359', '657', 'Cuadrada', '1', '0.21', '3290', '0', '3290', '9769'),
('9770', '4360', '647', 'Bife', '1', '0.105', '2990', '0', '2990', '9770'),
('9771', '4361', '647', 'Bife', '1', '0.105', '2990', '0', '2990', '9771'),
('9772', '4361', '657', 'Cuadrada', '1', '0.21', '3290', '0', '3290', '9772'),
('9773', '4362', '647', 'Bife', '1', '0.105', '2990', '0', '2990', '9773'),
('9774', '4362', '657', 'Cuadrada', '1', '0.21', '3290', '0', '3290', '9774'),
('9775', '4363', '647', 'Bife', '1', '0.105', '2990', '0', '2990', '9775'),
('9776', '4364', '646', 'Pecho de cerdo', '1', '0.21', '2990', '0', '2990', '9776'),
('9777', '4365', '647', 'Bife', '1', '0.105', '2990', '0', '2990', '9777'),
('9778', '4365', '657', 'Cuadrada', '1', '0.21', '3290', '0', '3290', '9778'),
('9779', '4366', '646', 'Pecho de cerdo', '1', '0.21', '2990', '0', '2990', '9779'),
('9780', '4366', '647', 'Bife', '1', '0.105', '2990', '0', '2990', '9780'),
('9781', '4367', '679', 'Pata y musl x3kg ', '1', '0.21', '5990', '0', '5990', '9781'),
('9782', '4367', '741', 'Milanesa de cerdo x 2 kg', '1', '0.21', '6990', '0', '6990', '9782'),
('9783', '4368', '647', 'Bife', '1', '0.105', '2990', '0', '2990', '9783'),
('9784', '4368', '657', 'Cuadrada', '1', '0.21', '3290', '0', '3290', '9784'),
('9785', '4369', '741', 'Milanesa de cerdo x 2 kg', '1', '0.21', '6990', '0', '6990', '9785'),
('9786', '4369', '742', 'Milanesa de pollo x1 kg', '1', '0.21', '5590', '0', '5590', '9786'),
('9787', '4370', '647', 'Bife', '1', '0.105', '2990', '0', '2990', '9787'),
('9788', '4370', '657', 'Cuadrada', '1', '0.21', '3290', '0', '3290', '9788'),
('9789', '4371', '647', 'Bife', '1', '0.105', '2990', '0', '2990', '9789'),
('9790', '4372', '679', 'Pata y musl x3kg ', '1', '0.21', '5990', '0', '5990', '9790'),
('9791', '4372', '741', 'Milanesa de cerdo x 2 kg', '1', '0.21', '6990', '0', '6990', '9791'),
('9792', '4372', '742', 'Milanesa de pollo x1 kg', '1', '0.21', '5590', '0', '5590', '9792'),
('9793', '4373', '647', 'Bife', '1', '0.105', '2990', '0', '2990', '9793'),
('9794', '4373', '657', 'Cuadrada', '1', '0.21', '3290', '0', '3290', '9794'),
('9795', '4373', '664', 'Nalga', '1', '0.21', '3290', '0', '3290', '9795'),
('9796', '4374', '647', 'Bife', '1', '0.105', '2990', '0', '2990', '9796'),
('9797', '4374', '664', 'Nalga', '1', '0.21', '3290', '0', '3290', '9797'),
('9798', '4374', '657', 'Cuadrada', '1', '0.21', '3290', '0', '3290', '9798'),
('16845', '7422', '645', 'Americano de cerdo', '1', '0.21', '3990', '0', '3990', '16845'),
('16846', '7422', '645', 'Americano de cerdo', '1', '0.21', '3990', '0', '3990', '16846'),
('16847', '7422', '646', 'Pecho de cerdo', '1', '0.21', '2990', '0', '2990', '16847'),
('16848', '7422', '647', 'Bife', '1', '0.105', '2990', '0', '2990', '16848'),
('16849', '7422', '657', 'Cuadrada', '1', '0.21', '3290', '0', '3290', '16849'),
('16850', '7422', '742', 'Milanesa de pollo x1 kg', '1', '0.21', '5590', '0', '5590', '16850'),
('16851', '7422', '741', 'Milanesa de cerdo x 2 kg', '1', '0.21', '6990', '0', '6990', '16851'),
('16852', '7422', '679', 'Pata y musl x3kg ', '1', '0.21', '5990', '0', '5990', '16852'),
('16853', '7422', '664', 'Nalga', '1', '0.21', '3290', '0', '3290', '16853'),
('16854', '7422', '13248', 'Prueba', '1', '0', '2400', '0', '2400', '16854'),
('16855', '7423', '645', 'Americano de cerdo', '1', '0.21', '3990', '0', '3990', '16855'),
('16856', '7423', '646', 'Pecho de cerdo', '1', '0.21', '2990', '0', '2990', '16856'),
('16857', '7423', '647', 'Bife', '1', '0.105', '2990', '0', '2990', '16857'),
('16858', '7423', '657', 'Cuadrada', '1', '0.21', '3290', '0', '3290', '16858'),
('17818', '7813', '646', 'Pecho de cerdo', '1', '0.21', '2990', '0', '2990', '17818'),
('17819', '7814', '646', 'Pecho de cerdo', '1', '0.21', '2990', '0', '2990', '17819'),
('17940', '7877', '652', 'Caracu de cerdo x 2 kg', '1', '0.21', '2990', '0', '2990', '17940'),
('21285', '9255', '647', 'Bife', '1', '0.105', '2990', '0', '2990', '21285'),
('21286', '9255', '652', 'Caracu de cerdo x 2 kg', '1', '0.21', '2990', '0', '2990', '21286'),
('21287', '9256', '647', 'Bife', '1', '0.105', '2990', '0', '2990', '21287'),
('21288', '9256', '652', 'Caracu de cerdo x 2 kg', '1', '0.21', '2990', '0', '2990', '21288'),
('21289', '9256', '657', 'Cuadrada', '1', '0.21', '3290', '0', '3290', '21289'),
('24285', '10515', '647', 'Bife', '1', '0.105', '2990', '0', '2990', '24285'),
('24286', '10515', '646', 'Pecho de cerdo', '1', '0.21', '2990', '0', '2990', '24286'),
('24287', '10515', '652', 'Caracu de cerdo x 2 kg', '1', '0.21', '2990', '0', '2990', '24287'),
('24288', '10516', '645', 'Americano de cerdo', '4', '0.21', '3990', '0', '15960', '24288'),
('24289', '10517', '645', 'Americano de cerdo', '1', '0.21', '3990', '0', '3990', '24289'),
('24290', '10518', '654', 'Carre deshuesado', '39', '0.21', '4690', '0', '182910', '24290'),
('24663', '10687', '13248', 'Prueba', '1', '0', '2400', '0', '2400', '24663'),
('24664', '10687', '744', 'Milanesas de pollo x 2 kg', '1', '0.21', '6990', '0', '6990', '24664'),
('24665', '10688', '647', 'Bife', '1', '0.105', '2990', '0', '2990', '24665'),
('24666', '10689', '645', 'Americano de cerdo', '1', '0.21', '1234.57', '0', '1234.57', '24666'),
('24667', '10689', '647', 'Bife', '1', '0.105', '2990', '0', '2990', '24667'),
('24668', '10689', '652', 'Caracu de cerdo x 2 kg', '1', '0.21', '2990', '0', '2990', '24668'),
('24669', '10689', '657', 'Cuadrada', '1', '0.21', '3290', '0', '3290', '24669'),
('24670', '10690', '647', 'Bife', '1', '0.105', '2990', '0', '2990', '24670'),
('24671', '10690', '652', 'Caracu de cerdo x 2 kg', '1', '0.21', '2990', '0', '2990', '24671'),
('24673', '10692', '647', 'Bife', '1', '0.105', '81234.6', '0', '81234.6', '24673'),
('24674', '10692', '645', 'Americano de cerdo', '1', '0.21', '40231.5', '0', '40231.5', '24674'),
('24676', '10694', '652', 'Caracu de cerdo x 2 kg', '1', '0.21', '2990', '0', '2990', '24676'),
('24677', '10694', '651', 'Caracu de cerdo', '1', '0.21', '9000', '0', '9000', '24677'),
('24678', '10694', '657', 'Cuadrada Promo', '1', '0.21', '2500', '0', '2500', '24678'),
('24680', '10696', '649', 'Bondiola', '1', '0.21', '4690', '0', '4690', '24680'),
('24681', '10696', '645', 'Americano de cerdo', '1', '0.21', '3990', '0', '3990', '24681'),
('24682', '10696', '647', 'Bife', '1', '0.105', '4000', '0', '4000', '24682'),
('24684', '10698', '647', 'Bife', '1', '0.105', '2990', '0', '2990', '24684'),
('24685', '10698', '652', 'Caracu de cerdo x 2 kg', '1', '0.21', '2990', '0', '2990', '24685'),
('24687', '10700', '647', 'Bife promo', '1', '0.105', '2990', '0', '2990', '24687'),
('24688', '10700', '652', 'Caracu de cerdo x 2 kg', '1', '0.21', '2990', '0', '2990', '24688'),
('24689', '10701', '679', 'Pata y musl x3kg ', '1', '0.21', '5990', '0', '5990', '24689'),
('24690', '10701', '741', 'Milanesa de cerdo x 2 kg', '1', '0.21', '6990', '0', '6990', '24690'),
('24706', '10711', '13248', 'Prueba', '1', '0', '2400', '0', '2400', '24706'),
('24707', '10712', '647', 'Bife', '1', '0.105', '2990', '0', '2990', '24707'),
('24708', '10712', '652', 'Caracu de cerdo x 2 kg', '1', '0.21', '2990', '0', '2990', '24708'),
('24709', '10712', '657', 'Cuadrada', '1', '0.21', '3290', '0', '3290', '24709'),
('24710', '10712', '742', 'Milanesa de pollo x1 kg', '1', '0.21', '5590', '0', '5590', '24710'),
('24711', '10712', '741', 'Milanesa de cerdo x 2 kg', '1', '0.21', '6990', '0', '6990', '24711'),
('24712', '10712', '679', 'Pata y musl x3kg ', '1', '0.21', '5990', '0', '5990', '24712'),
('25346', '10930', '646', 'Pecho de cerdo', '1', '0.21', '2990', '0', '2990', '25346'),
('25347', '10930', '647', 'Bife', '1', '0.105', '2990', '0', '2990', '25347'),
('25348', '10930', '652', 'Caracu de cerdo x 2 kg', '1', '0.21', '2990', '0', '2990', '25348'),
('25349', '10930', '657', 'Cuadrada', '1', '0.21', '3290', '0', '3290', '25349'),
('26226', '11299', '647', 'Bife', '1', '0.105', '2990', '0', '2990', '26226'),
('26227', '11299', '652', 'Caracu de cerdo x 2 kg', '1', '0.21', '2990', '0', '2990', '26227'),
('26229', '11301', '647', 'Bife', '1', '0.105', '2990', '0', '2990', '26229'),
('26230', '11301', '652', 'Caracu de cerdo x 2 kg', '1', '0.21', '2990', '0', '2990', '26230'),
('26238', '11309', '647', 'Bife', '1', '0.105', '2990', '0', '2990', '26238'),
('26239', '11309', '652', 'Caracu de cerdo x 2 kg', '1', '0.21', '2990', '0', '2990', '26239'),
('26240', '11309', '657', 'Cuadrada', '1', '0.21', '3290', '0', '3290', '26240'),
('26241', '11310', '647', 'Bife', '1', '0.105', '2990', '0', '2990', '26241'),
('26242', '11310', '652', 'Caracu de cerdo x 2 kg', '1', '0.21', '2990', '0', '2990', '26242'),
('26243', '11310', '657', 'Cuadrada', '1', '0.21', '3290', '0', '3290', '26243'),
('26244', '11311', '646', 'Pecho de cerdo', '1', '0.21', '2990', '0', '2990', '26244'),
('26245', '11311', '647', 'Bife', '1', '0.105', '2990', '0', '2990', '26245'),
('26246', '11311', '652', 'Caracu de cerdo x 2 kg', '1', '0.21', '2990', '0', '2990', '26246'),
('26247', '11312', '647', 'Bife', '1', '0.105', '2990', '0', '2990', '26247'),
('26248', '11312', '652', 'Caracu de cerdo x 2 kg', '1', '0.21', '2990', '0', '2990', '26248'),
('26249', '11313', '647', 'Bife', '1', '0.105', '2990', '0', '2990', '26249'),
('26250', '11313', '652', 'Caracu de cerdo x 2 kg', '1', '0.21', '2990', '0', '2990', '26250'),
('26251', '11314', '646', 'Pecho de cerdo', '1', '0.21', '2990', '0', '2990', '26251'),
('26252', '11314', '647', 'Bife', '1', '0.105', '2990', '0', '2990', '26252'),
('26253', '11314', '652', 'Caracu de cerdo x 2 kg', '1', '0.21', '2990', '0', '2990', '26253'),
('26293', '11332', '646', 'Pecho de cerdo', '1', '0.21', '2990', '0', '2990', '26293'),
('26294', '11332', '647', 'Bife', '1', '0.105', '2990', '0', '2990', '26294'),
('26295', '11332', '652', 'Caracu de cerdo x 2 kg', '1', '0.21', '2990', '0', '2990', '26295'),
('26296', '11332', '657', 'Cuadrada', '1', '0.21', '3290', '0', '3290', '26296'),
('26297', '11332', '647', 'Bife', '1', '0.105', '2990', '0', '2990', '26297'),
('26298', '11332', '654', 'Carre deshuesado', '1', '0.21', '4690', '0', '4690', '26298'),
('28954', '12622', '646', 'Pecho de cerdo', '1', '0.21', '2990', '0', '2990', '28954'),
('28955', '12622', '647', 'Bife', '1', '0.105', '2990', '0', '2990', '28955'),
('28956', '12623', '646', 'Pecho de cerdo', '1', '0.21', '2990', '0', '2990', '28956'),
('28957', '12623', '647', 'Bife', '1', '0.105', '2990', '0', '2990', '28957'),
('28958', '12623', '652', 'Caracu de cerdo x 2 kg', '1', '0.21', '2990', '0', '2990', '28958'),
('28959', '12623', '647', 'Bife', '1', '0.105', '2990', '0', '2990', '28959'),
('28960', '12623', '654', 'Carre deshuesado', '1', '0.21', '4690', '0', '4690', '28960'),
('28961', '12624', '664', 'Nalga', '1', '0.21', '3290', '0', '3290', '28961'),
('28962', '12624', '744', 'Milanesas de pollo x 2 kg', '1', '0.21', '6990', '0', '6990', '28962'),
('28963', '12624', '13248', 'Prueba', '1', '0', '2400', '0', '2400', '28963'),
('28964', '12624', '657', 'Cuadrada', '1', '0.21', '3290', '0', '3290', '28964'),
('28965', '12624', '647', 'Bife', '1', '0.105', '2990', '0', '2990', '28965'),
('28966', '12624', '679', 'Pata y musl x3kg ', '1', '0.21', '5990', '0', '5990', '28966'),
('33062', '14391', '647', 'Bife', '1', '0.105', '2990', '0', '2990', '33062'),
('33063', '14392', '647', 'Bife', '1', '0.105', '2990', '0', '2990', '33063'),
('33064', '14393', '664', 'Nalga', '1', '0.21', '3290', '0', '3290', '33064'),
('33065', '14393', '679', 'Pata y musl x3kg ', '1', '0.21', '5990', '0', '5990', '33065'),
('33066', '14393', '741', 'Milanesa de cerdo x 2 kg', '1', '0.21', '6990', '0', '6990', '33066'),
('33067', '14393', '645', 'Americano de cerdo', '1', '0.21', '3990', '0', '3990', '33067'),
('33460', '14556', '646', 'Pecho de cerdo', '1', '0.21', '2990', '0', '2990', '33460'),
('33461', '14556', '647', 'Bife', '1', '0.105', '2990', '0', '2990', '33461'),
('33462', '14556', '652', 'Caracu de cerdo x 2 kg', '1', '0.21', '2990', '0', '2990', '33462'),
('33463', '14556', '657', 'Cuadrada', '1', '0.21', '3290', '0', '3290', '33463'),
('33464', '14556', '654', 'Carre deshuesado', '1', '0.21', '4690', '0', '4690', '33464'),
('33485', '14562', '695', 'Bife aguja', '5', '0.21', '5790', '0', '28950', '33485'),
('33507', '14567', '13248', 'Prueba', '6000', '0', '2400', '0', '14400000', '33507'),
('33509', '14569', '13248', 'Prueba', '6000', '0', '2400', '0', '14400000', '33509'),
('33520', '14572', '759', 'Provoleta', '1', '0.21', '4341.48', '0', '4341.48', '33520'),
('33521', '14573', '647', 'Bife', '1', '0.105', '2990', '0', '2990', '33521'),
('33522', '14573', '679', 'Pata y musl x3kg ', '1', '0.21', '5990', '0', '5990', '33522'),
('33577', '14586', '647', 'Bife', '1', '0.105', '2990', '0', '2990', '33577'),
('34022', '14773', '647', 'Bife', '1', '0.105', '2990', '0', '2990', '34022'),
('34023', '14773', '647', 'Bife', '1', '0.105', '2990', '0', '2990', '34023'),
('34024', '14773', '647', 'Bife', '1', '0.105', '2990', '0', '2990', '34024'),
('34025', '14773', '647', 'Bife', '1', '0.105', '2990', '0', '2990', '34025'),
('34026', '14773', '647', 'Bife', '1', '0.105', '2990', '0', '2990', '34026'),
('34027', '14774', '647', 'Bife', '1', '0.105', '2990', '0', '2990', '34027'),
('34028', '14774', '647', 'Bife', '1', '0.105', '2990', '0', '2990', '34028'),
('34029', '14774', '647', 'Bife', '1', '0.105', '2990', '0', '2990', '34029'),
('34030', '14774', '647', 'Bife', '1', '0.105', '2990', '0', '2990', '34030'),
('34037', '14781', '36310', 'prueba', '3', NULL, '2000', '0', '6000', '34037'),
('34038', '14781', '645', 'Americano de cerdo', '1', '0.21', '3990', '0', '3990', '34038'),
('34039', '14782', '664', 'Nalga', '1', '0.21', '3290', '0', '3290', '34039'),
('34040', '14783', '744', 'Milanesas de pollo x 2 kg', '1', '0.21', '6990', '0', '6990', '34040'),
('34042', '14785', '647', 'Bife', '1', '0.105', '2990', '0', '2990', '34042'),
('38086', '16473', '647', 'Bife', '1', '0.105', '2990', '0', '2990', '38086'),
('38087', '16473', '652', 'Caracu de cerdo x 2 kg', '1', '0.21', '2990', '0', '2990', '38087'),
('38088', '16474', '647', 'Bife', '1', '0.105', '2990', '0', '2990', '38088'),
('38089', '16474', '652', 'Caracu de cerdo x 2 kg', '1', '0.21', '2990', '0', '2990', '38089'),
('38090', '16475', '664', 'Nalga', '1', '0.21', '3290', '0', '3290', '38090'),
('38091', '16475', '679', 'Pata y musl x3kg ', '1', '0.21', '5990', '0', '5990', '38091'),
('38092', '16476', '647', 'Bife', '1', '0.105', '2990', '0', '2990', '38092'),
('38093', '16476', '652', 'Caracu de cerdo x 2 kg', '1', '0.21', '2990', '0', '2990', '38093'),
('38101', '16478', '664', 'Nalga', '1', '0.21', '3290', '0', '3290', '38101'),
('38102', '16478', '679', 'Pata y musl x3kg ', '1', '0.21', '5990', '0', '5990', '38102'),
('38103', '16478', '741', 'Milanesa de cerdo x 2 kg', '1', '0.21', '6990', '0', '6990', '38103'),
('38104', '16479', '664', 'Nalga', '1', '0.21', '3290', '0', '3290', '38104'),
('38105', '16479', '679', 'Pata y musl x3kg ', '1', '0.21', '5990', '0', '5990', '38105'),
('38106', '16479', '741', 'Milanesa de cerdo x 2 kg', '1', '0.21', '6990', '0', '6990', '38106'),
('38107', '16480', '647', 'Bife', '1', '0.105', '2990', '0', '2990', '38107'),
('38108', '16480', '647', 'Bife', '1', '0.105', '2990', '0', '2990', '38108'),
('38109', '16480', '652', 'Caracu de cerdo x 2 kg', '1', '0.21', '2990', '0', '2990', '38109'),
('38110', '16480', '653', 'Carnaza de paleta', '1', '0.21', '3290', '0', '3290', '38110'),
('38148', '16497', '652', 'Caracu de cerdo x 2 kg', '1', '0.21', '2990', '0', '2990', '38148'),
('38149', '16497', '652', 'Caracu de cerdo x 2 kg', '1', '0.21', '2990', '0', '2990', '38149'),
('38150', '16497', '653', 'Carnaza de paleta', '1', '0.21', '3290', '0', '3290', '38150'),
('38188', '16514', '647', 'Bife', '1', '0.105', '2990', '0', '2990', '38188'),
('38189', '16514', '652', 'Caracu de cerdo x 2 kg', '1', '0.21', '2990', '0', '2990', '38189'),
('38190', '16514', '653', 'Carnaza de paleta', '1', '0.21', '3290', '0', '3290', '38190'),
('38252', '16544', '647', 'Bife', '1', '0.105', '2990', '0', '2990', '38252'),
('38253', '16544', '652', 'Caracu de cerdo x 2 kg', '1', '0.21', '2990', '0', '2990', '38253'),
('38254', '16544', '653', 'Carnaza de paleta', '1', '0.21', '3290', '0', '3290', '38254'),
('38255', '16544', '653', 'Carnaza de paleta', '1', '0.21', '3290', '0', '3290', '38255'),
('42697', '18456', '647', 'Bife', '1', '0.105', '2990', '0', '2990', '42697'),
('42776', '18477', '647', 'Bife', '1', '0.105', '2990', '0', '2990', '42776'),
('43279', '18716', '647', 'Bife', '1', '0.105', '2990', '0', '2990', '43279'),
('43280', '18716', '652', 'Caracu de cerdo x 2 kg', '1', '0.21', '2990', '0', '2990', '43280'),
('43281', '18716', '653', 'Carnaza de paleta', '1', '0.21', '3290', '0', '3290', '43281'),
('43282', '18717', '647', 'Bife', '1', '0.105', '2990', '0', '2990', '43282'),
('43283', '18717', '652', 'Caracu de cerdo x 2 kg', '1', '0.21', '2990', '0', '2990', '43283'),
('43284', '18717', '653', 'Carnaza de paleta', '1', '0.21', '3290', '0', '3290', '43284'),
('43295', '18720', '647', 'Bife', '1', '0.105', '2990', '0', '2990', '43295'),
('43296', '18720', '652', 'Caracu de cerdo x 2 kg', '1', '0.21', '2990', '0', '2990', '43296'),
('43297', '18720', '653', 'Carnaza de paleta', '1', '0.21', '3290', '0', '3290', '43297'),
('43825', '18955', '647', 'Bife', '1', '0.105', '2990', '0', '2990', '43825'),
('43844', '18958', '652', 'Caracu de cerdo x 2 kg', '1', '0.21', '2990', '0', '2990', '43844'),
('43845', '18958', '653', 'Carnaza de paleta', '1', '0.21', '3290', '0', '3290', '43845'),
('43846', '18958', '741', 'Milanesa de cerdo x 2 kg', '1', '0.21', '6990', '0', '6990', '43846'),
('43847', '18958', '679', 'Pata y musl x3kg ', '1', '0.21', '5990', '0', '5990', '43847'),
('43848', '18959', '652', 'Caracu de cerdo x 2 kg', '1', '0.21', '2990', '0', '2990', '43848'),
('43849', '18959', '679', 'Pata y musl x3kg ', '1', '0.21', '5990', '0', '5990', '43849'),
('43850', '18960', '652', 'Caracu de cerdo x 2 kg', '1', '0.21', '2990', '0', '2990', '43850'),
('43851', '18961', '653', 'Carnaza de paleta', '1', '0.21', '3290', '0', '3290', '43851'),
('43852', '18961', '741', 'Milanesa de cerdo x 2 kg', '1', '0.21', '6990', '0', '6990', '43852'),
('43853', '18962', '652', 'Caracu de cerdo x 2 kg', '1', '0.21', '2990', '0', '2990', '43853'),
('43854', '18962', '679', 'Pata y musl x3kg ', '1', '0.21', '5990', '0', '5990', '43854'),
('44677', '19340', '647', 'Bife', '1', '0.105', '2990', '0', '2990', '44677'),
('45132', '19565', '647', 'Bife', '1', '0.105', '2990', '0', '2990', '45132'),
('45133', '19565', '652', 'Caracu de cerdo x 2 kg', '1', '0.21', '2990', '0', '2990', '45133'),
('45134', '19565', '653', 'Carnaza de paleta', '1', '0.21', '3290', '0', '3290', '45134'),
('46800', '20277', '652', 'Caracu de cerdo x 2 kg', '1', '0.21', '2990', '0', '2990', '46800'),
('46801', '20277', '647', 'Bife', '1', '0.105', '2990', '0', '2990', '46801'),
('46802', '20278', '652', 'Caracu de cerdo x 2 kg', '1', '0.21', '2990', '0', '2990', '46802'),
('46803', '20278', '653', 'Carnaza de paleta', '1', '0.21', '3290', '0', '3290', '46803'),
('46804', '20279', '652', 'Caracu de cerdo x 2 kg', '1', '0.21', '2990', '0', '2990', '46804'),
('46805', '20279', '653', 'Carnaza de paleta', '1', '0.21', '3290', '0', '3290', '46805'),
('46806', '20280', '647', 'Bife', '1', '0.105', '2990', '0', '2990', '46806'),
('46807', '20280', '652', 'Caracu de cerdo x 2 kg', '1', '0.21', '2990', '0', '2990', '46807'),
('46808', '20281', '664', 'Nalga', '1', '0.21', '3290', '0', '3290', '46808'),
('46809', '20281', '679', 'Pata y musl x3kg ', '1', '0.21', '5990', '0', '5990', '46809'),
('46810', '20282', '652', 'Caracu de cerdo x 2 kg', '1', '0.21', '2990', '0', '2990', '46810'),
('46811', '20282', '647', 'Bife', '1', '0.105', '2990', '0', '2990', '46811');
INSERT INTO pagos (`id`, `proveedor_id`, `nro_factura`, `tipo_pago_id`, `monto`, `empresa_id`, `fecha`, `nro_comprobante`, `id_remoto`) VALUES
('1', '27', '00002', '1', '218600', '3', '2024-06-18', '', '1'),
('2', '27', '00003', '1', '200000', '3', '2024-06-18', '1234', '2'),
('3', '27', '00003', '1', '62000', '3', '2024-06-18', '321', '3'),
('4', '27', '00003', '2', '99300', '3', '2024-06-18', '21312341', '4'),
('5', '27', '1', '1', '3000', '3', '2024-06-18', '654', '5'),
('6', '27', '1', '1', '1000', '3', '2024-06-18', '1', '6'),
('7', '27', '1', '1', '690', '3', '2024-06-18', NULL, '7'),
('8', '27', '11111', '1', '480', '3', '2024-06-18', '1234', '8');
INSERT INTO tipo_comprobante (`id`, `nombre`, `id_remoto`) VALUES
('1', 'FC', '1'),
('2', 'RTO', '2'),
('3', 'PDO', '3'),
('4', 'NC', '4');
